thscode,ths_industry,corp_profile,ths_is_allback_mech_global,the_concept,ah_premium_rate
0068.HK,,"群核科技公司于2013年7月29日根据开曼群岛法律注册成立。Manycore是领先的云原生空间设计软件提供商,产品广泛应用于从住宅及办公楼到零售店及商业项目等业务场景。公司的软件以人工智能(AI)技术和专用图形处理单元(GPU)集群驱动,使设计师和企业能创造出引人入胜的设计,并通过即时及沉浸式的视觉效果进行体验。在公司软件打造的设计可转化为可生产图纸,从而支持自动化生产流程。公司软件的开放式架构可实现无缝的数据互操作性、持续的升级及可扩展性,为各个垂直产业的广泛应用带来巨大潜力。公司主要瞄准空间设计软件市场,根据弗若斯特沙利文的资料,按2024年收入计,公司以23.2%的市场份额成为中国最大的提供商。公司已扩展至具身人工智能训练及电子商务产品展示,使公司能够进军更广泛的通用设计及可视化软件市场,其中中国空间设计软件于2024年仅占4.4%。",,"港股成交额前100[HK],港股VIE架构公司,非H股内地民营企业,次新股[HK]",
0100.HK,,"MiniMax Group Inc.成立于2021年6月30日。MiniMax是一家全球化的AI大模型公司。公司由一群极具前瞻性的工程师创立,致力于推动人工智能科技创新,以执行各种人类智力任务,包括学习、推理、规划以及泛化多元领域知识。",,"联交所指定卖空证券,人工智能[HK],AIGC概念[HK],港股成交额前100[HK],次新股[HK],非H股内地民营企业,同股不同权公司,特专科技公司（18C）",
0300.HK,,美的集团股份有限公司的主营业务是智能家居、工业技术、楼宇科技、机器人与自动化、新能源、健康医疗、智慧物流等业务。公司的主要产品是智能家居业务、楼宇科技、机器人与自动化、工业技术、其他业务。2025年《财富》世界500强榜单，美的集团位居第246位，大幅跃升31位，连续10年跻身世界500强企业行列；2025年6月，《福布斯》杂志全球上市公司2000强排行榜，美的集团位列全球第184位，较上年大幅提升21位，凭借“AI+”核心战略与智能制造领域的突破性成果，荣登“2025福布斯中国人工智能科技企业TOP50”榜单；2025年9月，《福布斯》发布2025年全球最佳雇主榜单，凭借卓越的企业管理、优越的员工体验和持续的创新能力，美的集团连续两年成功入选，这不仅是对美的集团雇主品牌影响力的高度认可，更是对人才吸引与培养、企业文化建设等方面表现的充分肯定；据英国品牌评估机构BrandFinance发布的“2026年度全球品牌价值500强”榜单，美的集团排名提升43位并跃居至第228位，大幅领先国内同行业其他品牌；在全球突破战略的牵引下，美的持续提升海外市场的品牌影响力，2025年11月“2025福布斯中国出海全球化30&30系列评选”，美的连续两年荣膺“旗舰品牌”称号，此次评选强调专业化与体系化，以双轮驱动格局，展现中国企业从产品出口向生态共建的转型。,,"芯片替代[HK],数据中心[HK],华为概念[HK],机器人概念[HK],联交所指定卖空证券,港股通标的股票,深港通下的港股通标的股票,H股内地民营企业,H股",
0325.HK,,布鲁可集团有限公司是一家主要从事设计、开发及销售拼搭类玩具的投资控股公司。该公司的产品包括拼搭角色类玩具及积木玩具。该公司的自有知识产权（IP）包括百变布鲁可及英雄无限。该公司的授权IP包括奥特曼、变形金刚、火影忍者、漫威：无限传奇及小蜘蛛和他的神奇小伙伴们、小黄人、宝可梦等。该公司主要在国内市场开展其业务。,,"深港通下的港股通标的股票,港股通标的股票,联交所指定卖空证券,非H股内地民营企业,IP经济(谷子经济)[HK],玩具及消闲用品[HK]",
0470.HK,,无锡先导智能装备股份有限公司的主营业务是高端非标智能装备的研发设计、生产和销售。公司的主要产品是锂电池智能装备、固态电池智能装备、光伏智能装备、汽车及储能智能装备、智能物流系统、氢能装备、激光精密加工装备。公司凭借引领行业的技术沉淀与强劲的研发创新动能，接连斩获多项重磅荣誉——“胡润中国500强”、“全国工业和信息化系统先进集体”、“产业突出贡献企业”、“2025年产业贡献奖（企业类）”、“2025年能源品牌TOP10”等荣誉。,,"港股通标的股票,深港通下的港股通标的股票,H股内地民营企业,次新股[HK],H股",
0501.HK,,豪威集成电路(集团)股份有限公司的主营业务是芯片设计业务。公司的主要产品是图像传感器解决方案、显示解决方案、模拟解决方案。,,"深港通下的港股通标的股票,港股通标的股票,次新股[HK],H股内地民营企业,H股",
0600.HK,,"爱芯元智半导体股份有限公司成立于2020年4月20日。公司是AI推理SoC的供应商,专注为边缘计算与终端设备AI应用打造最先进的感知与计算平台。公司致力于构建先进的AI计算基础设施,推动人工智能普及化,普惠AI,造就美好生活。AI已成为当今最重要的技术之一。AI模型架构指AI模型中组件及流程的结构设计与组织方式,决定如何处理资料、如何训练及评估模型并生成预测。Trans former架构是近十年来最受欢迎的AI模型架构之一,已成为当今几乎所有主要大型AI模型的基础。随着大语言模型(‘LLM’)、视觉语言模型(‘VLM’)、视觉语言动作模型(‘VLA’)等基于Transformer架构的AI大模型的快速发展,全球科技巨头和创新型初创企业都对AI大模型的训练和推理进行了大量投资。AI大模型因其庞大的计算与内存需求,通常仅能部署于云端。然而,云端部署模式存在的延迟及隐私风险等问题,正推动行业向边缘推理架构延伸,通过在资源受限的终端设备实现高效的AI大模型计算。这场向边缘计算的范式拓展(即将AI任务从集中式云端下放至本地处理),开启了AI领域的变革机遇,更催生出全新的应用场景与应用落地。该行业此前专注于以训练为中心的范式,目前正拓展至推理的范式,应用经过训练和微调的AI大模型以实时生成预测或决策的过程,从而提供切实的现实世界价值。",,"次新股[HK],H股",
0638.HK,,深圳市广和通无线股份有限公司的主营业务是无线通信模块及其应用行业的通信解决方案的设计、研发与销售服务。公司的主要产品是数传模组、智能模组及AI模组。,,"港股通标的股票,深港通下的港股通标的股票,次新股[HK],H股内地民营企业,H股",
0664.HK,,"杭州铜师傅文创(集团)股份有限公司成立于2013年3月26日,公司(即铜师傅)自成立以来,一直专注于将传统工艺与现代设计和使用场景相结合,开发铜质文创产品。根据弗若斯特沙利文报告,截至2024年12月31日止年度,公司在中国铜质文创工艺产品市场按总收入计位列第一,市场份额达35.0%。中国铜质文创工艺产品市场于2024年约占中国金属文创工艺产品市场的6.3%,现为中国更广泛文创工艺产品市场的更细分领域,公司于2024年于该细分领域持有约0.2%的市场份额。",,"次新股[HK],H股",
0699.HK,,"宁波均胜电子股份有限公司的主营业务是提供汽车电子和汽车安全解决方案。公司的主要产品是汽车安全系统等。公司部分工厂获得了浙江“未来工厂”,工信部“智能制造试点示范”,“中国标杆智能工厂”等奖项。",,"港股通标的股票,深港通下的港股通标的股票,数字经济[HK],充电桩概念股[HK],机器人概念[HK],阿里巴巴概念[HK],无人驾驶[HK],华为概念[HK],5G[HK],新能源汽车[HK],H股,H股内地民营企业,次新股[HK]",
0800.HK,,"文远知行于2017年3月13日在开曼群岛注册成立。文远知行是L4级自动驾驶领域的全球先行者。公司部署的自动驾驶产品及解决方案覆盖中国、阿联酋、沙特阿拉伯、瑞士、法国、新加坡及日本等11个国家的30多个城市。公司的自动驾驶出租车服务,使公司成为全球首批同时在中国和中东地区实现规模化商业化运营的服务商之一。根据灼识咨询的资料,2024年,以城市道路L4级及以上自动驾驶产生的收入计,文远知行全球排名第二,占据21.8%的市场份额。",,"联交所指定卖空证券,次新股[HK],非H股内地民营企业,同股不同权公司,特专科技公司（18C）",
0805.HK,,新吉奥房车有限公司是一家主要从事制造及出口至澳洲的房车（RV）以及通过澳洲及新西兰的经销商及门店销售房车的投资控股公司。该公司的主营业务是从事设计、开发、制造及销售定制拖挂式房车。该公司以“Snowy River”、“Regent”及“NEWGEN”品牌销售其房车产品。该公司的产品包括Snowy River SRC系列、Snowy River SRT系列、Snowy River SRP系列、Regent RDC系列、Regent RCC系列、NEWGEN NG系列等产品。该公司也提供各种售后服务，包括房车保养、维修及各类房车零部件及配件的销售及升级。该公司主要在国外市场开展业务。,,非H股内地民营企业,
0917.HK,,趣致集团是一家主要从事提供人工智慧物联网（AIoT）行销解决方案的中国公司，专注于通过使用智能终端为快速消费品（快消品）品牌提供服务。该公司主要经营三个分部。AIoT营销解决方案分部主要包括OMO营销解决方案和增值营销解决方案。智能零售分部主要包括饮料、食品、化妆品及日用品等快消品零售。其他服务分部包括开发IT系统以及定制软件，涵盖IoT技术应用、信息共享和分析以及IT平台开发。,,"联交所指定卖空证券,港股通标的股票,深港通下的港股通标的股票,非H股内地民营企业",
0999.HK,,小菜园国际控股有限公司是一家主要从事自营连锁餐厅经营的控股公司。该公司的主营业务包括堂食业务、餐饮外卖服务及供应链管理。该公司还从事销售食材、新零售业务等其他业务。该公司在中国经营“小菜园”门店及其他品牌的门店，提供菜品涵盖多种类别，包括冷盘、炖菜、红烧菜、干锅菜、炒菜、煲仔菜、蒸菜、汤和点心。该公司在国内市场开展业务。,,"联交所指定卖空证券,餐饮连锁[HK],深港通下的港股通标的股票,港股通标的股票,非H股内地民营企业",
1021.HK,,"广东华沿机器人股份有限公司成立于2017年9月7日。公司是一家协作机器人公司,从事面向工业自动化应用的协作机器人(‘协作机器人’)及核心运动部件的研发、生产和销售。在更广泛的机器人行业中,机器人通常分为传统工业机器人、协作机器人及服务机器人三大类,其中协作机器人构成独立品类,专为实现精准自动化而设计,适用于需与人类近距离安全协作的环境。根据弗若斯特沙利文,2024年全球协作机器人市场收入达人民币75亿元,占整体全球机器人市场收入人民币4,316亿元的约1.7%。凭藉覆盖核心运动部件、协作机器人硬件及硬件原生HRC具身智能控制平台的综合能力,公司的协作机器人具备高稳定性、高精度及优异的运动控制性能。公司的产品架构进一步支持客户及系统集成商进行二次开发,并根据具体应用场景定制功能。因此,公司的协作机器人广泛应用于3C电子、汽车、医疗健康、金属加工及物流等多个行业领域。公司的产品组合中,E系列协作机器人主要部署于微小组件装配、精密加工、医疗检测等高精度应用场景,而S系列协作机器人则面向高负载、高吞吐量的工业场景设计,包括码垛、机床上下料、物料搬运及物流自动化等。于往绩记录期间,公司主要向中国大陆、欧洲、美洲及亚洲其他地区的客户销售机器人硬件。",,"H股内地民营企业,H股,次新股[HK],特专科技公司（18C）",
1187.HK,,可孚医疗科技股份有限公司的主营业务是医疗器械研发、生产、销售和服务。公司的主要产品是血糖尿酸监测系列、血压计、血氧仪、体温计、胎心仪、居家检测试纸、矫正/矫姿系列、助听器、轮椅、护理床、助行器、移位机、听力计、敷贴/敷料系列、健康防护系列、感染防控系列、成人护理系列、造口护理系列、呼吸机、制氧机、雾化器、便携制氧器、鼻腔护理、理疗仪、膏贴、拔罐、针灸针、按摩器、艾叶及制成品、刮痧板。,,"次新股[HK],深港通下的港股通标的股票,H股,H股内地民营企业,港股通标的股票",
1236.HK,,"深圳乐动机器人股份有限公司成立于2017年11月1日,公司为拥有一套智能机器人视觉感知技术产品矩阵的公司之一,覆盖多款智能机器人激光雷达创新产品。公司的智能视觉感知产品搭载至广泛的整机机器人(如扫地机器人、割草机器人、客房服务机器人、餐厅送餐机器人、巡检机器人及物流机器人)中。紧抓全球智能割草机器人市场爆发机遇,公司高效研发并成功量产了全智能割草机器人产品。公司以多模态感知技术、AI算法为核心,在智能机器人领域构建了从底层技术研发到上层应用落地的广泛能力。公司亦具备设计及制造整机机器人的自研能力。凭藉持续产品创新,公司不断开发迎合新兴场景的产品(如智能花园养护系统),成功实现品牌出海。",,"次新股[HK],H股内地民营企业,H股",
1276.HK,,江苏恒瑞医药股份有限公司的主营业务是药品的研发、生产和销售。公司的主要产品是马来酸吡咯替尼片、注射用卡瑞利珠单抗、瑞维鲁胺片、海曲泊帕乙醇酰胺片、羟乙磺酸达尔西利片、碘佛醇注射液。自2019年起，公司连续七年跻身美国《制药经理人》(PharmExec)杂志评选的全球制药企业50强榜单。,,"联交所指定卖空证券,港股通标的股票,深港通下的港股通标的股票,H股内地民营企业,次新股[HK],H股",
1304.HK,,峰岹科技(深圳)股份有限公司的主营业务是电机驱动控制专用芯片的研发、设计与销售业务。公司的主要产品是“双核”电机驱动控制专用MCU、三相直流无刷电机驱动控制器系列ASIC、单相直流无刷电机驱动控制器系列ASIC、三相栅极驱动器系列、半桥栅极驱动器系列、FMD系列MOSFET、智能功率模块IPM。,,"联交所指定卖空证券,深港通下的港股通标的股票,港股通标的股票,H股,次新股[HK]",
1318.HK,,毛戈平化妆品股份有限公司是一家主要从事美妆业务的的中国公司。该公司主要经营三个业务。产品系列业务从事通过“MAOGEPING”和“至爱终生”品牌提供彩妆和护肤品组合。化妆艺术培训业务从事提供全面的面授化妆培训课程。体验式及个性化客户服务业务从事在专柜为顾客提供个性化咨询及专业试妆服务。该公司的彩妆产品包括粉底、高光和阴影、眼妆、唇妆、奢华鱼子面膜等产品。该公司的护肤品主要包括面霜、眼部护理、面膜、精华液和洁面乳等。该公司主要在国内市场开展业务。,,"联交所指定卖空证券,化妆美容股[HK],零售股[HK],港股通标的股票,深港通下的港股通标的股票,H股内地民营企业,H股",
1333.HK,,博雷顿科技股份公司是一家主要从事电动工程机械研发和生产的中国公司。该公司从事设计、开发具有自动工作能力的电动工程机械并使其商业化，以及提供智慧运营服务。该公司的产品主要为电动装载机和宽体自卸车。该公司还设计及开发电动牵引车的动力系统成套件，并提供完整的牵引车出售及租赁。该公司的产品主要用于采矿及采石、能源及公用事业、物流及运输、制造及工业生产、建筑及基础设施以及农业等行业。,,"联交所指定卖空证券,深港通下的港股通标的股票,港股通标的股票,H股",
1334.HK,,瑞昌国际控股有限公司是一家主要从事制造及销售石油炼制及石化设备业务的公司。该公司的产品主要包括硫回收设备及挥发性有机化合物焚烧设备、催化裂化设备、工艺燃烧器和换热器及其相关零部件。该公司还为生产的设备及╱或配套设施向客户提供安装服务，如电气装设工程及机械装设工程。,,非H股内地民营企业,
1354.HK,,西安经发物业股份有限公司是壹家主要从事城市服务及物业管理服务的中国公司。该公司主要有三项业务。城市服务主要提供公共物业管理服务、城市环卫服务和城市增值服务。公共物业包括公共物业，如政府大楼、教育机构及医院。城市物业，如公共设施和基础设施。城市增值服务涵盖政府大楼。住宅物业管理服务对住宅物业提供基础物业管理服务和增值服务。商业物业管理服务对办公楼、产业园及厂房提供基础物业管理服务和增值服务。该公司主要在国内市场开展业务。,,H股,
1364.HK,,古茗控股有限公司是一家主要从事现制饮品生产和销售的投资控股公司。该公司主要透过加盟模式，开设门市并经营“古茗”品牌。该公司主要销售三类饮品：果茶饮品、奶茶饮品、咖啡饮品等。该公司主要在国内市场经营其业务。,,"深港通下的港股通标的股票,港股通标的股票,联交所指定卖空证券,非酒精饮料[HK],餐饮连锁[HK],非H股内地民营企业",
1384.HK,,"滴普科技股份有限公司成立于2018年5月3日。公司专注于为企业提供企业级大模型人工智能应用解决方案,助力企业大规模高效整合数据、决策及运营。凭藉公司的FastData Foil数据融合平台及Deepexi企业级大模型平台两大基础设施,实现Agentic人工智能应用在企业的部署及实施,公司向企业客户提供公司的FastData企业级数据智能解决方案(或FastData解决方案)及FastAGI企业级人工智能解决方案(或FastAGI解决方案)。以2024年的收入计,公司在中国企业级大模型人工智能应用解决方案市场排名第五,市场份额为4.2%。",,"深港通下的港股通标的股票,港股通标的股票,H股,H股内地民营企业,次新股[HK],特专科技公司（18C）",
1471.HK,,众淼控股(青岛)股份有限公司是一家主要从事提供保险代理服务及解决方案的中国公司。该公司通过三个分部开展其业务。保险代理业务分部从事分销四类保险产品包括财产保险产品、人寿及健康保险产品、意外保险产品及汽车保险产品。信息技术（IT）服务分部从事提供涵盖保险业务主要流程的数字化解决方案。主要软件/系统包括保险营销系统、保险理赔系统、在线培训系统、保险中介核心业务系统及人工智能（AI）服务系统。咨询服务分部主要包括人力资源咨询服务以及营销及推广服务。该公司主要在国内市场开展业务。,,"H股,H股内地民营企业",
1511.HK,,"驭势科技(北京)股份有限公司成立于2016年2月3日。公司是大中华区专注于无人化L4级技术的自动驾驶解决方案供应商。公司目前专注于封闭场景(特别是在机场及厂区)中的商用车,旗下解决方案为全场景通用,已应用于各种开放及封闭场景,覆盖物流、营运及机动车辆,囊括L2级至L4级自动驾驶级别。",,"H股,H股内地民营企业,特专科技公司（18C）",
1609.HK,,"北京天星医疗股份有限公司成立于2017年7月31日。公司是一家立足中国的医疗器械公司,专注于运动医学临床解决方案。据灼识咨询数据,按2024年销售收入计,公司是中国第四大运动医学设备提供商,市场份额约占中国运动医学植入物及器械市场的6.5%,也是最大的国产运动医学设备提供商。依托自主研发的植入物、有源设备、相关耗材及手术器械,公司提供针对肩部、膝部、髋部、足部╱踝部、肘部及手部╱腕部的肩袖、韧带、半月板等软组织损伤治疗,也提供运动康复及预防的全方位解决方案。",,"次新股[HK],H股内地民营企业,H股",
1641.HK,,"红星冷链(湖南)股份有限公司成立于2006年8月30日，公司是一家冷冻食品仓储服务及冷冻食品门店租赁服务提供商,总部位于湖南省长沙市,主要提供冷冻食品仓储服务。自2006年成立以来,公司已开发出一种业务模式,即将食品冻库与冷冻食品门店租赁相结合,让公司能够连结冷冻食品供应链中的批发商及零售商。就公司的冷冻食品仓储服务而言,公司向冷冻食品批发商及零售商提供冷冻食品库容及相关仓库管理服务(如货物分拣、分类及包装、存货盘点及追踪、进出库记录),以及消防安全及环境风险管理,彼等向公司支付冷冻食品仓储服务费。就公司的冷冻食品门店租赁服务而言,公司主要向冷冻食品批发商及零售商出租门店用于开展冷冻食品交易业务。公司向门店租赁客户收取门店租赁租金,包括门店月租金及每月溢价,而这主要取决于门店的具体位置。",,"H股内地民营企业,H股,次新股[HK]",
1768.HK,,"湖南鸣鸣很忙商业连锁股份有限公司成立于2019年12月12日。公司是中国一家成熟且稳步发展的食品饮料零售商。公司的门店多位于人流量大、易见易达的街边位置,致力于提供欢乐、舒适的逛店体验。公司提供品类丰富、高质价比、高频上新的产品。公司的创立,源自于创始人采用量贩模式,致力于满足大众消费者对于优质、平价的零食需求,并通过供应链重构、持续改善产品组合等方式,丰富了产品组合和重新定义了零售价格体系。而公司在零食领域积累的独到经验对其他领域亦有所裨益,并由此拓展到了更为广泛的品类。截至2025年6月30日,公司拥有由16,783家门店构成的网络,覆盖中国28个省份和所有线级城市,且其中约58%的门店位于县城及乡镇。于2024年,公司录得GMV人民币555亿元。截至2025年6月30日止六个月,公司录得GMV人民币411亿元,较2024年同期增长86.9%。根据弗若斯特沙利文报告,按2024年休闲食品饮料产品GMV计,公司是中国最大的连锁零售商;按2024年食品饮料产品GMV计,公司亦是中国第四大连锁零售商,并保持高速增长。根据中国连锁经营协会的资料,公司是2024年中国前十大连锁商之一,也是2024年前十大连锁商中增长最快的连锁商。",,"联交所指定卖空证券,次新股[HK],H股,H股内地民营企业",
1828.HK,,"富卫集团有限公司是一家主要从事人寿保险业务的投资控股公司。该公司主要提供分红人寿,非分红人寿,危疾、定期人寿、医疗及附加保险,单位连结式寿险,团体保险及其他保险产品。此外，该公司通过分销渠道从事保险产品的销售业务，包括银行保险、代理、经纪和独立财务顾问以及其他渠道如直接面向客户的电子商务平台。该公司主要在海内外市场销售产品。",,"深港通下的港股通标的股票,港股通标的股票,联交所指定卖空证券,次新股[HK]",
1879.HK,,"上海曦智科技股份有限公司成立于2018年2月27日。公司专注于光电混合算力领域,这是一种融合光子学与电子学优势的创新范式。于2017年,《自然光子学》发表了公司创始人沈亦晨博士的论文,该论文首次验证利用光进行计算的可行性,为该领域后续的技术发展奠定基础。凭藉这项科学突破,公司将前沿科研成果转化为工程能力及产品优势,并在此基础上开发多项技术,并将其转化为产品及解决方案。自成立以来,公司已构建以光互连及光计算为核心、以自研光电混合芯片技术为支撑的产品及解决方案组合,提供可扩展且具成本效益的解决方案。公司的技术具有低时延、高通量及低功耗等特点,从而推动计算性能的变革性提升,掀起新一轮创新浪潮。根据弗若斯特沙利文的资料,公司是全球首家实现光电混合算力大规模部署的公司。",,"港股成交额前100[HK],H股,次新股[HK],特专科技公司（18C）",
1989.HK,,广州广合科技股份有限公司的主营业务是多高层印制电路板的研发、生产与销售。公司的主要产品是印制电路板。公司“服务器主板用印制电路板”入选国家工业和信息化部办公厅、中国工业联合会组织开展的2022年第七批国家级“制造业单项冠军产品”，公司“AI服务器超高阶高多层复合基板项目”获得中国电子学会2025年科技进步奖三等奖，“超小台阶阶梯金手指PCB关键技术的研发及应用”项目荣获2025年度广东省电子学会科技进步奖二等奖，“用于高性能计算(HPC)的大BGA服务器主板”获2025年广东省高新技术协会科技进步奖二等奖。,,"港股成交额前100[HK],深港通下的港股通标的股票,港股通标的股票,H股,H股内地民营企业,次新股[HK]",
2026.HK,,"小马智行于2016年11月4日在开曼群岛注册成立。Pony是实现自动驾驶出行大规模商业化的领导者,为(i)截至最后可行日期唯一一家获得在四座一线城市提供面向公众的自动驾驶出行服务全部可得及所需监管许可的自动驾驶科技公司,截至同日运营一支由超过680辆自有自动驾驶出租车组成的车队;及(ii)中国首家于2024年12月获准在跨省高速公路上进行无人驾驶的自动驾驶卡车编队测试的公司,截至2025年10月21日运营一支由超过170辆自有及租赁自动驾驶卡车组成的车队。公司于2018年底成为首家在中国推出自动驾驶出行服务的L4自动驾驶科技公司,早于同业数月。公司提供的自动驾驶出行服务使乘客能够通过即时预约车辆的方式乘坐由公司专有的‘虚拟司机’技术驱动的无人驾驶车辆。根据弗若斯特沙利文的资料,公司是中国首批获得在四座一线城市的指定区域运营全无人驾驶的L4自动驾驶出租车经营许可的公司之一,也是唯一一家获得在该等城市提供面向公众(包括收费及非收费)的自动驾驶出行服务全部可得及所需监管许可的自动驾驶科技公司,而截至最后可行日期,公司的同业目前尚未在该等城市取得所有有关许可。此外,公司也是中国首家于2024年12月获得监管部门批准在跨省高速公路上进行无人驾驶的自动驾驶卡车编队测试的公司。",,"联交所指定卖空证券,次新股[HK],非H股内地民营企业,同股不同权公司",
2050.HK,,浙江三花智能控制股份有限公司的主营业务是制冷空调电器与汽车的零件部件组件的研发、生产与销售。公司的主要产品是阀、换热器、泵、控制器、传感器。,,"联交所指定卖空证券,港股通标的股票,深港通下的港股通标的股票,港股成交额前100[HK],H股,次新股[HK],H股内地民营企业",
2097.HK,,蜜雪冰城股份有限公司是一家主要从事销售现制饮品的中国公司。该公司的主营业务是从事根据加盟模式向加盟商出售门店物料（包括食材及包材）和设备。该公司有两大品牌，包括现制茶饮品牌“蜜雪冰城”和现磨咖啡品牌“幸运咖”。蜜雪冰城的主要产品包括冰鲜柠檬水、新鲜冰淇淋、珍珠奶茶、蜜桃四季春、满杯百香果、莓果三姐妹、桑葚莓莓等产品。幸运咖的主要产品包括美式咖啡、拿铁咖啡、椰椰拿铁等产品。该公司在国内和国外市场开展业务。,,"联交所指定卖空证券,深港通下的港股通标的股票,港股通标的股票,非酒精饮料[HK],H股,H股内地民营企业,餐饮连锁[HK],零售股[HK]",
2228.HK,,晶泰控股有限公司是一家主要从事为制药及材料科学等产业提供药物及材料科学研发解决方案及服务的控股公司。该公司主要经营两个业务。药物发现解决方案业务从事就新型药物发现工作为各类生物技术与制药公司和学术机构提供模块独立解决方案或与之合作。智能自动化解决方案业务从事提供固态研发服务及自动化化学合成服务。该公司在国内和国外市场开展业务。,,"人工智能[HK],创新药[HK],港股成交额前100[HK],脑机接口[HK],机器人概念[HK],联交所指定卖空证券,深港通下的港股通标的股票,港股通标的股票,非H股内地民营企业,特专科技公司（18C）",
2259.HK,,紫金黄金国际有限公司是一家主要从事黄金及有色金属开采业务的投资控股公司。该公司主要从事黄金及有色金属的勘探、采矿、选矿及销售业务。该公司主要销售金条、合质金及金精矿等产品。,,"联交所指定卖空证券,深港通下的港股通标的股票,港股通标的股票,港股成交额前100[HK],次新股[HK],红筹股,港股无面值公司,港股VIE架构公司",
2396.HK,,"华芢生物科技(青岛)股份有限公司成立于2012年4月24日。公司成立于2012年,是一家总部位于中国的生物制药公司,致力于开发疗法,重点是针对有医疗需求及市场机会的适应症开发蛋白质药物。公司的主攻方向是发现、开发和商业化伤口愈合的疗法,目前为PDGF药物。截至最后实际可行日期,公司的管线包含十款候选产品,其中七款为PDGF候选药物,包括两款核心产品,即用于治疗烧烫伤的Pro-101-1及用于治疗糖足的Pro-101-2,是rhPDGF-BB药物。",,"H股,次新股[HK],生物科技公司（18A）",
2408.HK,,"广州遇见小面餐饮股份有限公司成立于2014年2月14日。公司是中国一家现代中式面馆经营者。公司在中国内地和香港特别行政区经营遇见小面品牌。截至最后实际可行日期,公司的餐厅网络包括中国内地22个城市的451家餐厅及香港特别行政区的14家餐厅。凭藉公司强劲的增长势头,截至最后实际可行日期,公司有115家新餐厅处于开业前筹备中。根据弗若斯特沙利文的资料,就2024年总商品交易额而言,公司为中国第一大川渝风味面馆经营者及第四大中式面馆经营者。此外,在2024年中国前十大中式面馆经营者中,公司2022年至2024年的总商品交易额年复合增长率最高。",,"H股,次新股[HK],H股内地民营企业",
2410.HK,,浙江同源康医药股份有限公司是一家致力于开发及商业化医药产品的中国公司。该公司专注于小分子药物开发，其主要产品包括TY-9591、TY-302和TY-2136。TY-9591是一种第三代EGFR-TKI，对EGFR突变具有抗肿瘤作用。TY-302是一种为治疗乳腺癌及前列腺癌等晚期实体瘤而开发的强效、选择性口服CDK4/6抑制剂。TY-2136b为自主研发、口服ROS1/NTRK抑制剂，用于治疗实体瘤。,,"港股通标的股票,深港通下的港股通标的股票,生物医药B类[HK],联交所指定卖空证券,H股,生物科技公司（18A）",
2431.HK,,深圳佑驾创新科技股份有限公司是一家主要从事提供智能驾驶及智能座舱解决方案的中国公司。该公司主要运营三个业务。智能驾驶解决方案业务从事提供iSafety和iPilot系列。智能座舱解决方案业务从事提供驾驶员监测系统（DMS）解决方案、乘客监测系统（OMS）解决方案和其他解决方案。车路协同业务从事提供雷达和摄像头等自主设计传感器设备、自研算法等。该公司主要在国内市场开展业务。,,"宁德时代概念[HK],智能物流[HK],新能源汽车[HK],人工智能[HK],联交所指定卖空证券,无人驾驶[HK],深港通下的港股通标的股票,港股通标的股票,H股内地民营企业,H股",
2432.HK,,"深圳市越疆科技股份有限公司成立于2015年7月30日。公司是专门从事协作式机器人(通称‘协作机器人’)开发、制造及商业化的领先企业之一。根据灼识咨询报告,按2023年的出货量计,公司在全球协作机器人行业中排名前二,并在中国所有协作机器人公司中排名第一,全球市场份额为13.0%。全球协作机器人行业正处于发展初期,按收入计,其于2023年的市场规模占全球机器人行业不足2%。根据同一资料来源,按2023年全球协作机器人收入计,公司在全球协作机器人行业中排名第七,全球市场份额为3.6%。凭藉公司的自有全栈协作机器人开发技术以及关键部件的自研设计及开发,公司在负载能力、轴型及使用场景方面提供协作机器人产品组合,可满足客户在各种使用场景的不同需求。公司专注于行业创新,尤其是在协作机器人安全措施及AI功能方面引入柔性电子皮肤技术SafeSkin,并推出由AI协作机器人赋能平台X-Trainer支持的AI赋能协作机器人。截至最后可行日期,公司推出4个系列共27款协作机器人型号,可满足制造、零售、医疗健康、STEAM教育、科研等众多领域的大量使用场景。",,"联交所指定卖空证券,机器人概念[HK],港股通标的股票,深港通下的港股通标的股票,H股,H股内地民营企业,特专科技公司（18C）",
2438.HK,,出门问问有限公司是一家主要从事人工智能（AI）技术开发和智能设备销售的中国公司。该公司经营两个分部。AI软件解决方案分部主要以生成式AI与语音交互为核心，提供AIGC解决方案和AI企业解决方案。智能设备及其他配件分部主要从事智能设备及相关零配件的销售。该公司主要在国内市场开展其业务。,,"DeepSeek概念[HK],港股VIE架构公司",
2443.HK,,汽车街发展有限公司是一家主要从事提供二手车交易服务的中国投资控股公司。该公司主要经营五大业务。二手车拍卖业务透过旗下交易平台以同步拍及线上拍两种拍卖形式促成二手车交易。二手车加值服务主要专注于为上游卖家的二手车置换交易提供便利。二手车收销安排业务主要旨在协助经销商集团开展二手车业务，同时补充交易平台上的二手车供应量。展会业务主要包括为经销商集团和主机厂主办车展和展览会，以及偶尔提供广告服务。其他业务包括提供新车办证过户服务及全球定位系统（GPS）安装服务。,,"联交所指定卖空证券,非H股内地民营企业,港股VIE架构公司",
2453.HK,,美中嘉和医学技术发展集团股份有限公司是一家主要从事为肿瘤患者提供医疗服务的中国公司。该公司通过两个分部开展其业务。医院业务分部通过自营医疗机构服务癌症患者。医用设备、软件及相关服务分部从事销售及安装医用设备及软件、管理及技术支持及经营租赁业务。该公司主要在国内市场开展其业务。,,"H股,H股内地民营企业",
2460.HK,,华润饮料(控股)有限公司是一家主要从事包装饮用水产品及饮料产品的制造和销售的公司。该公司的主要产品包括包装饮用水、茶饮料及果汁类饮料等即饮软饮产品。该公司的主要品牌包括“怡宝”、“至本清润”、“蜜水系列”、“假日系列”及“佐味茶事”。该公司主要在中国国内开展业务。,,"零售股[HK],非酒精饮料[HK],深港通下的港股通标的股票,港股通标的股票,联交所指定卖空证券,红筹股",
2465.HK,,江苏龙蟠科技集团股份有限公司的主营业务是磷酸铁锂正极材料和车用环保精细化学品的研发、生产和销售。公司的主要产品是磷酸铁锂正极材料、车用环保精细化学品。凭借在汽车环保和绿色新能源核心材料领域的突出贡献，以及卓越的产品质量和服务，公司连续获得多项行业荣誉：旗下润滑油产品连续多年获评“中国润滑油十大品牌”，彰显了公司在车用环保精细化学品领域的市场地位和品牌影响力；2025年5月，龙蟠润滑油荣获零跑汽车颁发的十年“风雨同舟”合作伙伴奖；2025年汽车供应链新生态大会上，公司荣获“技术创新生态伙伴奖”；2025高工新能源新材料产业大会上，常州锂源荣获“2025新能源新材料创新企业”；此外公司还获得前程无忧“2025杰出雇主”奖。这些成就标志着公司在绿色化学与新能源材料领域的综合竞争力持续提升。,,"比亚迪概念[HK],数据中心[HK],固态电池[HK],港股通标的股票,深港通下的港股通标的股票,H股,H股内地民营企业",
2476.HK,,胜宏科技(惠州)股份有限公司的主营业务是高密度印制线路板的研发、生产和销售。公司的主要产品是刚性电路板（多层板和HDI为核心）、柔性电路板（单双面板、多层板、刚挠结合板）。公司于2015年通过GB/T29490-2023《知识产权合规管理体系》体系认证。拥有省级工程研发中心和企业技术中心。公司（含子公司）拥有专业1700多名研发人员，科研实力雄厚，拥有线路板领域有效专利381项，其中发明专利194项（含PCT3项，国外授权5次）、实用新型专利184项（含境外3项）；境内软件著作权20项，累计还在持续投入的研发项目共87个。公司先后被评为“国家高新技术企业”、“国家知识产权优势企业”、“广东省知识产权示范企业”、“广东省自主创新标杆企业”、“第五届中国电子电路行业优秀企业”，荣获第二十届至第二十三届中国专利优秀奖；累计获评为广东省高新技术产品45个，其中名优高新技术产品16项；获得市级科技成果登记7项。2023年我司入选首批“千企百城”商标品牌价值提升行动商标品牌名单，荣获2023年广东省省级制造业单项冠军，“胜宏科技”文字商标入选2023年广东省重点商标保护名录。,,"深港通下的港股通标的股票,港股通标的股票,港股成交额前100[HK],H股,H股内地民营企业,次新股[HK]",
2477.HK,,经纬天地控股有限公司是一家主要从事电信网路服务的公司。该公司在电信市场中提供多种服务。无线电信网络优化服务主要包括常规电信网络优化服务和特定电信网路优化服务。电信网路基础设施维护及工程服务包括检查及分析所发现问题、执行必要的维修或维护工作，提供劳动力及工程服务等。信息及通信技术（ICT）集成服务包括定制客户的电脑系统设计，采购设备、硬件及软件，聘用第三方分包商等。该公司还从事电信网络相关软件开发及相关服务，软件销售，加密支付及金融科技业务。,,"港股通标的股票,深港通下的港股通标的股票,联交所指定卖空证券,非H股内地民营企业",
2479.HK,,"天聚地合(苏州)科技股份有限公司是一家主要从事应用程序编程接口（API）数据流通服务业务的公司。该公司的主营业务包括提供API市场服务及数据管理解决方案。该公司通过API市场提供的API主要包括查询检索数据结果，如身份认证、手机在网状态、在网时长、公司信息及天气情况等若干公开信息,短信通知提醒、状态更新和推广和充值即主要为手机充值。数据管理解决方案主要向企业及政府机构提供，包括外部数据管理、数据处理和数据流通。",,"H股内地民营企业,H股",
2493.HK,,迈威(上海)生物科技股份有限公司的主营业务是研发、生产以及销售创新型药物和生物类似药。公司的主要产品是抗体、ADC药物和重组蛋白、小分子化学药等药物。,,"港股通标的股票,H股,次新股[HK],深港通下的港股通标的股票,生物科技公司（18A）",
2495.HK,,声通科技股份有限公司是一家主要提供信息技术（IT）解决方案服务的中国公司。该公司的主要业务为提供本地集成交互式人工智能（AI）解决方案，包括软件许可、硬件及服务。该公司主要为企业级用户提供服务，向多个终端客户行业（包括城市管理及行政、汽车及交通、通信及金融）提供解决方案。该公司的产品包括长期演进语音承载（VoLTE）视频客服、互联网视频客服、智能视频巡检平台和数字人一体机。,,H股,
2497.HK,,富景中国控股有限公司是一家主要从事盆栽蔬菜农产品种植及销售的中国公司。该公司的产品主要包括茼蒿、油菜、苦菊、油麦菜、小白菜、生菜、山芹及乌塌菜等叶菜品种。该公司的产品主要以“富景农业”品牌于市场上供应。该公司主要在国内市场开展其业务。,,非H股内地民营企业,
2498.HK,,速腾聚创科技有限公司是一家以人工智能（AI）驱动的机器人技术公司。该公司的业务主要包括销售应用于高级驾驶辅助系统（ADAS）机器人及其他非汽车行业（如清洁、物流、工业、公共服务及检验等）的激光雷达硬件产品，销售整合激光雷达硬件及人工智能感知软件的激光雷达感知解决方案，以及提供技术开发及其他服务。该公司主要在中国国内和海外市场开展业务。,,"比亚迪概念[HK],无人驾驶[HK],联交所指定卖空证券,深港通下的港股通标的股票,港股通标的股票,非H股内地民营企业",
2503.HK,,中深建业控股有限公司是一家主要从事建设总承包和分包的控股公司。该公司的服务涵盖建筑工程项目、市政公用工程项目、地基基础工程项目及专业承包工程项目。建筑工程项目主要包括结构及土木工程，例如商业及住宅楼宇以及社区设施的建筑、打桩、拆除及工地平整。市政公用工程项目主要包括所有城乡公共基础设施建设，包括环境改善工程、污水处理基础设施建设以及道路工程。地基基础工程项目主要包括土方及地基建设以及护坡工程。专业承包项目主要包括楼宇装修及装潢工程服务。,,非H股内地民营企业,
2505.HK,,EDA集团控股有限公司是一家中国控股公司，主要提供一站式端到端供应链解决方案。该公司的一站式端到端解决方案涵盖国际货运服务以及履行服务。该公司的解决方案包括跨境物流、海外仓储以及履行和交付服务。,,非H股内地民营企业,
2506.HK,,讯飞医疗科技股份有限公司是一家主要从事提供人工智能赋能的医疗解决方案的中国公司。基层医疗服务业务线由智医助理及慢病管理组成。医院服务业务线包括智慧医院解决方案和诊疗助理。患者服务业务线包括智慧医院患者服务与诊后管理（包括讯飞晓医App及小程序）、影像云平台以及医疗器械。区域管理平台解决方案业务线包括智慧卫生解决方案和智慧医保。该公司主要在国内市场开展业务。,,"联交所指定卖空证券,深港通下的港股通标的股票,港股通标的股票,人工智能[HK],智能医疗[HK],H股,H股内地民营企业",
2507.HK,,西锐飞机有限公司主要面向零售客户，包括三种型号：SR20、SR22和SR22T，具有针对机队和其他特定应用的专用配寘。Vision Jet，其单引擎喷射机主要面向零售客户，在较小程度上用于包机运营。它集成了先进的科技，如CAPS（全机身飞机降落伞）、Cirrus IQ（连接的数位平台和移动应用程序，在飞行过程中收集一系列飞行数据和飞机数据，为飞行员提供飞机上的有用数据）和Vision Jet上的安全返回（紧急自动著陆系统）。它还为特定目的个性化和定制飞机，例如用于机构飞行训练或包机等。,,"港股通标的股票,深港通下的港股通标的股票,联交所指定卖空证券,红筹股",
2508.HK,,圣贝拉集团有限公司是一家主营母婴业务的公司。该公司经营三大主要业务线，即月子中心（包括产后护理服务及产后修复服务）、家庭护理服务及食品。该公司通过三个品牌开展月子中心服务，包括“圣贝拉”、“艾屿”和“小贝拉”。其家庭护理服务包括家庭儿童护理服务和养老护理服务。该公司还提供规模化食品组合，品牌为广禾堂（专注于传统食品品牌）。该公司的其他品牌包括“予家”、“产后研修所”，以及“S-bra”品牌（内衣产品系列）。,,"非H股内地民营企业,次新股[HK]",
2509.HK,,江苏荃信生物医药股份有限公司是一家主要从事生物制药的中国公司。该公司主要从事自体免疫及过敏性疾病生物疗法的生物科技研发。该公司业务主要涵盖四大疾病领域，包括皮肤、风湿、呼吸道及消化道疾病。该公司正在研发的项目有8个，目标适应症包括干癣、异位性皮肤炎、类风湿性关节炎、发炎性肠道疾病、气喘等。该公司核心产品有QX002N和QX005N。,,"联交所指定卖空证券,H股内地民营企业,H股,生物科技公司（18A）",
2510.HK,,德翔海运有限公司是一家专注于亚太地区的货柜航运公司，船队由自有船舶及租用船舶组成。该公司独立营运航运网络，另亦通过与其他承运人订立的安排（包括联营航线服务、舱位互换及舱位租赁）营运。主要提供由中国大湾区出发的航线服务，货柜航线网络主要包括亚太地区、跨太平洋市场以及亚欧-欧洲市场。采用班轮航线模式，透过指定的港口轮流经营定期航运服务。,,"联交所指定卖空证券,物流[HK],深港通下的港股通标的股票,港股通标的股票,港股无面值公司",
2512.HK,,云工场科技控股有限公司是一家主要提供互联网数据中心（IDC）解决方案服务、边缘计算服务以及信息通信技术（ICT）服务及其他服务的中国公司。互联网数据中心解决方案服务包括托管服务及基础设施管理服务。边缘计算服务包括CDN服务、EdgeAIoT服务及传统上以硬件为中心的设备所提供的其他边缘功能。ICT服务及其他服务包括向客户提供信息通信技术解决方案、系统开发及维护、咨询服务以及提供云计算硬件资源。,,"非H股内地民营企业,港股VIE架构公司",
2513.HK,,"北京智谱华章科技股份有限公司成立于2019年6月11日。公司是中国领先的人工智能公司,致力于开发通用大模型。2019年,公司秉承着在中国追求通用人工智能(AGI)创新的大胆理念而创立。公司于全方位的人工智能研究中扎实交付先进技术,并稳步扩大其商业应用,以实现收入的快速增长。2021年,公司发布了中国首个专有预训练大模型框架GLM框架,并推出了公司的模型即服务(MaaS)产品开发及商业化平台,透过该平台提供公司的大模型服务。于2022年,公司开源首个1,000亿规模的模型(GLM-130B)。公司运营于大语言模型(LLM)市场,其为更广泛AI市场的一个细分领域。公司为机构客户(包括私营企业及公共行业实体)及个人用户(包括个人终端用户及独立开发者)提供通用大模型服务。截至2025年6月30日,公司的模型已为逾八千家机构客户提供支持,截至最后实际可行日期,已为约80百万台设备提供支持。根据弗若斯特沙利文的资料,按2024年的收入计,公司在中国独立通用大模型开发商中位列第一,在所有通用大模型开发商中位列第二,市场份额为6.6%。",,"联交所指定卖空证券,AIGC概念[HK],港股成交额前100[HK],H股,人工智能[HK],次新股[HK],特专科技公司（18C）",
2515.HK,,天津建设发展集团股份公司是一家主要提供全面的工程施工服务的中国公司。该公司主要从事工程施工业务，涵盖主要包括道路工程及交通设施工程的市政公用工程，主要包括地基基础建设工程及土方工程的地基基础工程，主要包括建筑装饰装修及智汇建筑工程的建筑工程，以及主要包括加油站升级及改造、管道安装以及油罐大修项目的石油化工工程。该公司主要在中国国内开展业务。,,"H股内地民营企业,H股",
2519.HK,,傲基(深圳)跨境商务股份有限公司主营业务是销售商品及提供物流解决方案，当中包括仓储服务、快递及货运服务以及相关增值服务。该公司透过两个分部运营其业务。销售货物分部从事家具家居类产品、电动工具类及家用电器类产品、消费电子类等产品的销售。物流分部从事提供物流解决方案，包括中国国内集运、头程国际货运服务、海外转运、海外仓储及订单派送。该公司透过专有品牌“ALLEWIE”、“IRONCK”、“LIKIMIO”、“SHA CERLIN”、“HOSTACK”及“FOTOSOK”来分销其家具家居类产品。该公司在国内和国外市场开展业务。,,H股,
2522.HK,,江西一脉阳光集团股份有限公司是一家主要从事医学影像专科医疗业务的中国公司。该公司主要提供医学影像服务及解决方案。该公司经营三个分部。影像中心服务通过旗舰型影像中心为患者及其他医疗保健消费者提供影像检查及诊断服务。影像解决方案服务主要帮助医院等医疗机构客户选择及采购满足他们发展需要的合适影像设备，以及提供一系列配套模块化解决方案。一脉云服务为影像中心服务业务发展、信息化管理及数据驱动运营提供支撑。,,"联交所指定卖空证券,H股内地民营企业,H股",
2525.HK,,禾赛科技是一家主要从事提供叁维激光雷达（LiDAR）解决方案的控股公司。该公司的主要业务包括设计、开发、制造及销售激光雷达产品。该公司的主要产品包括AT系列、ET系列及FT系列等。该公司的产品应用于支持高级驾驶辅助系统（ADAS）的乘用车和商用车，自动驾驶汽车及机器人领域。该公司在国内市场和海外市场开展业务。,,"深港通下的港股通标的股票,港股通标的股票,联交所指定卖空证券,非H股内地民营企业,次新股[HK],同股不同权公司",
2526.HK,,"杭州德适生物科技股份有限公司成立于2016年9月19日,是一家专注于开发医学影像产品及服务的医疗器械公司。公司已开发出多元化的产品组合，可有效提升诊断效率及服务质量，包括：(i)六款医学影像软件产品，包括注册阶段核心产品AI Auto Vision、一款商业化产品AutoVision，以及四款临床前阶段候选产品；(ii)三款商业化医疗设备；及(iii)四款主要试剂及耗材。核心产品AI Auto Vision是一款染色体核型辅助诊断软件，专为执行染色体核型智能分析而设计，公司计划在中国及全球范围内通过提供预装软件的定制计算机销售该软件。AI Auto Vision的预期适应症为(i)采用羊水样本进行出生缺陷产前诊断；及(ii)采用外周血样本进行辅助生殖诊断的染色体核型分析。其拟获准用于出生缺陷预防、婚前及孕前筛查及辅助生殖等领域。",,"H股内地民营企业,次新股[HK],H股,生物科技公司（18A）",
2529.HK,,泓盈城市运营服务集团股份有限公司是一家主要从事提供城市服务和营运业务的中国公司。该公司主要透过三个分部来经营其业务。物业管理服务分部主要为商业物业、住宅物业及公共物业提供管理及营运服务。城市服务分部主要提供照明系统营运服务、市政环卫服务、园艺及工程服务、停车场营运服务、停车场转租。商业营运服务分部主要提供商业营运服务，如招租服务、租户管理、收租服务及商业物业转租等。,,"H股,H股内地民营企业",
2530.HK,,纽曼思健康食品控股有限公司是一家主要从事销售，包括营销、销售及分销营养品的投资控股公司。该公司以“纽曼思”及“纽曼斯”品牌销售其营养品。该公司的产品可分为五个主要类别，即藻油二十二碳六烯酸（DHA）、益生菌、维生素、多维营养素及藻钙产品。该公司营养品主要针对孕妇及产后妇女、婴儿及儿童。该公司主要在国内市场开展其业务。,,"非H股内地民营企业,港股VIE架构公司",
2531.HK,,广联科技控股有限公司是一家主要提供汽车相关产品及服务的投资控股公司。该公司主要面向汽车后市场行业参与者提供车载硬件以及软件即服务（SaaS）营销及管理服务。该公司主要从事销售车载硬件产品和提供SaaS营销及管理服务，包括SaaS订阅服务及SaaS增值服务。车载硬件产品包括车载娱乐系统产品、车载安全系统产品及嵌入专有软件的智能核心板。该公司主要在国内市场开展业务。,,"非H股内地民营企业,港股VIE架构公司",
2533.HK,,黑芝麻智能国际控股有限公司是一家主要从事提供车规级计算系统级芯片（SoC）及基于SoC的智能汽车解决方案的公司。该公司的主要产品包括车规级SoC，例如华山系列和武当系列。该公司还提供软件，例如操作系统支持、瀚海自动驾驶解决方案平台（ADSP）中间件和感知算法。该公司主要在国内市场开展业务。,,"联交所指定卖空证券,无人驾驶[HK],深港通下的港股通标的股票,港股通标的股票,非H股内地民营企业,特专科技公司（18C）",
2535.HK,,泓基集团(控股)有限公司是一家主要从事钢结构工程业务的投资控股公司。 该公司主要从事提供钢结构制造和成型、钢结构安装业务。 此外，该公司也从事结构钢定制及其他钢材供应业务。,,非H股内地民营企业,
2536.HK,,百乐皇宫控股有限公司是一间主要从事博彩业务的控股公司。该公司透过两个部门运营其业务。 博彩营运部门从事赌场和度假村的运营，提供老虎机和桌面游戏。酒店及餐饮营运分部从事饭店、餐饮及相关服务的营运。,,非H股内地民营企业,
2539.HK,,"乐摩科技服务股份有限公司成立于2014年5月29日。公司透过位于中国各地人流密集的公共场所的各服务网点的机器按摩设备提供按摩服务。根据弗若斯特沙利文的资料,于2022年至2024年的三个连续年度,按交易额计,公司在中国所有机器按摩服务提供商中排名第一,相应年度的市场份额分别为33.9%、37.3%及42.9%。按收入计,于2024年,公司亦于中国机器按摩市场排名第一,市场份额超过50.0%。于2024年12月31日,中国有10,000余名按摩服务提供商,其中50余名为机器按摩服务提供商。根据弗若斯特沙利文的资料,按交易额计,2024年中国机器按摩服务市场规模(即人民币27亿元)占2024年中国整体按摩市场(即人民币5,362亿元)的约0.5%。按交易额及收入计,于2024年,集团在整体按摩市场的市场份额约为0.2%。公司于2016年推出‘乐摩吧’品牌,致力于在商业综合体、影院、交通枢纽场所(包括机场、高铁站等)等消费场景为消费者提供机器按摩服务。于最后实际可行日期,公司已为机器按摩服务设立超过48,000个服务网点,投放超过533,000张机器按摩设备,覆盖中国31个省级行政区及337个城市。公司的服务网点由2022年12月31日的21,727个服务网点扩展至2024年12月31日的45,993个服务网点,CAGR约为45.49%。在消费者覆盖方面,公司拥有稳固的市场地位,于最后实际可行日期,累计可识别服务消费者总数超过1.74亿,注册会员人数超过4,000万名。",,"H股,H股内地民营企业,次新股[HK]",
2540.HK,,乐思集团有限公司是一家主要提供移动广告服务的投资控股公司。该公司的服务包括移动广告解决方案服务及广告（ad）分发服务。移动广告解决方案服务主要包括移动营销规划、流量获取、广告素材制作、广告投放、广告优化、广告活动管理及广告分发。广告分发服务包括购买广告空间和广告分发。该公司主要通过媒体发布商运营的媒体平台投放广告，包括搜寻引擎平台、短视频平台及社交媒体平台。该公司的客户主要涵盖科技及互联网服务、金融服务及游戏行业。,,非H股内地民营企业,
2543.HK,,大行科工(深圳)股份有限公司是一家主要从事开发、设计、制造和行销的折叠自行车和相关配件的中国公司。该公司产品涵盖折叠自行车以及其他类型的自行车，包括公路车、登山车、儿童车和电助力自行车。该公司经营“Dahon”品牌。该公司主要在中国国内和海外市场开展业务。,,"次新股[HK],H股内地民营企业,H股",
2545.HK,,中赣通信(集团)控股有限公司是一家主要从事综合服务提供商及软件开发业务的控股公司。该公司通过两个分部开展业务。电信基础设施服务分部主要从事提供基础设施建设服务和基础设施维护服务。数字化解决方案服务分部主要从事提供集成解决方案服务、系统维护服务和软件解决方案服务。,,非H股内地民营企业,
2546.HK,,"西藏智汇矿业股份有限公司成立于2013年11月28日。公司是一家矿业公司,专注公司在中国西藏的锌、铅及铜的探矿、采矿、精矿生产及销售业务。根据上海有色网的资料,以2024年西藏锌精矿、铅精矿及铜精矿的平均年产量计,公司分别排名第五位、第四位及第五位。于2024年,公司于西藏分别占锌精矿总产量的11.1%、铅精矿总产量的4.2%及铜精矿总产量的0.1%。西藏的铅精矿及铜精矿生产由龙头公司主导。于2024年,位于西藏的两大公司分别占铅精矿生产总市场份额的36.1%及31.6%;均设于西藏当地的两大公司亦于西藏分别占铜精矿生产总市场份额的44.2%及42.3%。",,"H股内地民营企业,H股,次新股[HK]",
2549.HK,,卡罗特(商业)有限公司是一家主要从事提供炊具、厨房器具、饮具和其他厨具产品的公司。该公司通过两个业务分部开展业务。品牌业务分部主要从事其自有品牌“卡罗特”产品的销售。原始设计制造商（ODM）业务分部主要从事向国际品牌所有者及零售商销售定制化炊具及其他厨具产品。该公司的产品包括不粘锅具、铸铁锅、厨房收纳盒、容器、刀具、饮水容器、玻璃杯、马克杯、电煮锅、空气炸锅等。该公司主要在中国国内和海外市场开展业务。,,非H股内地民营企业,
2550.HK,,宜搜科技控股有限公司是一家主要从事数位内容服务的中国投资控股公司。该公司的业务涵盖数位阅读平台服务、数位行销服务、网路游戏发行服务及其他数位内容服务。数位阅读平台服务主要依赖第三方内容提供者的数位阅读，包括包含广告的数位阅读和付费数位阅读服务。数位行销服务致力于实现于合适第三方广告管道的告投放。网路游戏发行服务将网路游戏发行及推荐给在自有平台及外部管道的合适用户。其他数位内容服务推荐电信业者的加值服务，包括音乐及回铃音等各类数位内容。,,"非H股内地民营企业,港股VIE架构公司",
2551.HK,,广东晶科电子股份有限公司是一家中国公司，主要提供发光二极管（LED）智能视觉产品和系统解决方案。该公司业务领域涵盖汽车智能视觉、高端照明和新型显示器。该公司的产品包括LED智能视觉产品及系统、模块产品和设备产品。该公司将LED技术与集成电路（IC）、电子控制、软件、传感器和光学相结合，进一步赋能智能视觉产品和系统。该公司的产品应用于电动汽车和内燃机汽车、电视、显示器、智能屏幕等领域。该公司主要在国内市场开展业务。,,H股,
2555.HK,,四川百茶百道实业股份有限公司是一家主要从事茶饮产品开发和销售的中国公司。该公司的主营业务是通过加盟商向消费者提供天然食材和重视茶饮的制作和销售。该公司经营的产品品牌是“茶百道”。该公司的产品包括经典茶饮和在特定时间或区域销售的季节性茶饮和区域性茶饮，包含奶茶、鲜果茶、果汁等。该公司主要在国内市场开展其业务。,,"联交所指定卖空证券,深港通下的港股通标的股票,港股通标的股票,H股,H股内地民营企业",
2556.HK,,"迈富时管理有限公司,是全球领先的AI应用平台。成立于2009年,全球分布30余家分支机构,累计申请AI及数智化领域软着/专利800余项。公司聚焦人工智能,提供有竞争力的产品与服务,持续为客户创造价值。现已累计服务超21万家企业,涵盖零售消费、汽车、金融、B2B制造、医药大健康、企服、跨境电商等行业领域。",,"DeepSeek概念[HK],联交所指定卖空证券,SaaS概念[HK],深港通下的港股通标的股票,港股通标的股票,非H股内地民营企业,港股VIE架构公司",
2559.HK,,嘀嗒出行是一家主要从事提供顺风车平台及智慧出租车服务业务的公司。该公司主要通过三个分部开展业务。提供顺风车平台服务分部主要从事基于应用程序（App）的顺风车平台，促成私家车车主与出行路线相近的乘客共享其个人汽车内的闲置座位。提供出租车相关服务分部主要从事向出租车司机的App及面向乘客的App提供的网约车解决方案。提供广告及相关服务分部主要从事直接或经程序化广告公司向第三方商家出售App内置广告位提供广告服务。,,"非H股内地民营企业,港股VIE架构公司",
2560.HK,,安徽海螺材料科技股份有限公司是一家主要从事研发、生产及销售水泥外加剂、混凝土外加剂及其各自的过程中间体的中国公司。该公司的主要产品包括各种类型的水泥外加剂及混凝土外加剂、水泥外加剂的过程中间体（即醇胺）、及混凝土外加剂的过程中间体（即聚醚单体及聚羧酸母液）。该公司水泥及混凝土外加剂应用于水泥及混凝土的生产过程，旨在加快生产过程，节约能源消耗，减少原材料用量。该公司主要在国内市场开展业务。,,"H股内地民营企业,H股",
2561.HK,,维昇药业是一家主要从事开发并商业化颠覆式内分泌疗法的投资控股公司。该公司的主要在研产品包括隆培促生长素、那韦培肽和帕罗培特立帕肽。隆培促生长素用于治疗3至17岁儿童生长激素缺乏症患者。那韦培肽是一款用于治疗2至10岁软骨发育不全儿童患者的疾病修复疗法。帕罗培特立帕肽是一款用于治疗成人甲状旁腺功能减退症的治疗方法。该公司处于研发后期、产品接近商业化。,,"联交所指定卖空证券,非H股内地民营企业,生物科技公司（18A）",
2562.HK,,狮腾控股有限公司是一家总部位于新加坡的人工智慧（AI）和大数据公司。该公司建立了数据驱动的数位平台Synagie平台，利用先进技术收集、分析及部署大数据集，以满足品牌合作伙伴和消费者的需求。该公司的企业级AI平台Geene通过集成大型语言模型、区块链基础设施及数据分析，提供安全且可扩展的AI解决方案。该公司的跨境电子商务平台ShopHK，通过端到端的履行、营销及数据服务，帮助香港中小企业及企业进入东南亚电子商务格局。此外，该公司建立了战略合作伙伴关系，共同开发横跨中国、中亚及东南亚的数字贸易走廊，藉助AI驱动的商业及合规工具来简化跨境贸易。该公司的解决方案涵盖平台、商品销售、履行、销售、客户、行销和供应链。,,"AIGC概念[HK],人工智能[HK],深港通下的港股通标的股票,港股通标的股票",
2563.HK,,北京华昊中天生物医药股份有限公司是一家主要从事创新药研发、生产及销售的中国公司。该公司的产品及管线主要包括优替德隆注射液、优替德隆胶囊、优替德隆纳米剂型、优替德隆抗体偶联药物（ADC）、BG22、BG18和BG44。该公司的产品主要用于治疗复发或转移性乳腺癌、人类表皮生长因子受体2（HER2）阴性乳腺癌新辅助治疗、晚期非小细胞肺癌（NSCLC）、实体瘤、乳腺癌脑转移、肺癌脑转移等脑部肿瘤适应症。该公司主要在国内市场开展业务。,,"H股,生物科技公司（18A）",
2565.HK,,派格生物医药(杭州)股份有限公司是一家主要从事研究及开发慢性病创新疗法的中国公司。该公司的主要产品PB-119是自主开发、接近商业化阶段的长效胰高血糖素样肽1（GLP-1，一种降低血糖水平的肽类激素）受体激动剂。该公司的候选产品包括PB-718、PB-1902、PB-722、PB-2301和PB-2309。该公司的产品主要用于治疗2型糖尿病（T2DM）、肥胖症、非酒精性脂肪性肝炎（NASH）、阿片类药物引起的便秘（OIC，使用阿片类药物引起的胃肠道疾病）及先天性高胰岛素血症（一种罕见的内分泌疾病，患者持续出现低血糖症）等常见慢病及代谢疾病。,,"深港通下的港股通标的股票,港股通标的股票,联交所指定卖空证券,H股,次新股[HK],生物科技公司（18A）",
2566.HK,,杭州九源基因生物医药股份有限公司是一家主要从事研发、生产及商业化生物药品和医疗器械的中国公司。该公司专注于骨科、代谢疾病、肿瘤及血液治疗领域。该公司的骨科产品包括骨优导骨修复材料。该公司的肿瘤产品包括吉利芬、吉巨芬、吉欧停、吉芙惟、吉坦苏。该公司的血液产品包括吉派林、亿喏佳。该公司的产品主要用于治疗糖尿病、多发性骨髓瘤、血小板减少症、中性粒细胞减少症等疾病。该公司主要在中国国内和海外市场开展业务。,,"H股,H股内地民营企业",
2567.HK,,七牛智能科技有限公司是一家主要从事向企业客户提供专注于一站式音视频云服务的平台即服务（PaaS）服务的投资控股公司。该公司的主要产品及服务包括音视频平台即服务（MPaaS）产品和应用平台即服务（APaaS）解决方案。MPaaS产品主要包含一系列音视频解决方案，包括加速内容分发的专有内容分发网络（QCDN）、存储内容的对象存储平台（Kodo）、互动直播产品及智媒数据分析平台（Dora）。APaaS解决方案为基于MPaaS能力及利用低代码平台的场景化音视频解决方案。该公司主要在国内市场开展其业务。,,"非H股内地民营企业,港股VIE架构公司",
2569.HK,,舒宝国际集团有限公司是一家主要从事个人一次性使用卫生用品开发、生产及销售的公司。该公司主要产品包括：婴儿护理、女性护理及成人失禁品。该公司主要通过两个业务分部运营其业务。合同生产分部主要作为代工生产为企业客户生产，同时向其销售其从中国出口至欧亚大陆国家的品牌或自有品牌的婴童护理用品。品牌产品分部主要在中国生产、营销及销售自有品牌旗下的产品，通过在中国主要数字平台上的自营网店及第三方经营的网店按直接面向消费者(D2C)的销售模式进行。,,非H股内地民营企业,
2570.HK,,上海重塑能源集团股份有限公司是一家专注于氢燃料电池系统、氢能装备及相关零部件的设计、开发、制造和销售的中国公司。该公司经营三个分部，包括提供氢燃料电池工程开发服务，销售氢能装备及相关零部件，及其他。该公司的产品主要包括实现电－氢转换的电解水氢能装备及其关键零部件，以及实现氢－电转换的氢燃料电池系统及其关键零部件。该公司产品可在全球为商用车、发电站、工程机械、制氢等多元领域提供全场景氢能科技解决方案。,,"联交所指定卖空证券,氢能源[HK],深港通下的港股通标的股票,港股通标的股票,H股",
2571.HK,,北京赛目科技股份有限公司是一家主要从事开发智能网联汽车（ICV）仿真测试技术的中国公司。该公司的主营业务是从事ICV仿真测试产品的设计及研发并提供相关测试、验证和评价解决方案。该公司的产品包括ICV仿真测试软件及平台、ICV数据平台及其他产品。该公司的服务包括ICV测试及相关服务、顾问及其他服务。该公司主要在国内市场开展其业务。,,"H股内地民营企业,H股",
2573.HK,,新琪安集团股份有限公司是一家主要从事食品级和工业级甘氨酸及三氯蔗糖生产的中国公司。该公司还提供生产过程中产生的副产品，如亚硫酸盐及氯化铵及其他产品，如罗汉果甜苷、卡拉胶及琼脂粉。该公司客户主要包括食品饮料、宠物食品、日用消费品、糖果零食、营养补充剂及化工产品等行业的生产商。该公司产品销往海内外市场的客户，主要是欧洲、北美及亚洲。,,"H股,H股内地民营企业,次新股[HK]",
2575.HK,,轩竹生物科技股份有限公司是一家主要从事生物制药业务的中国公司。该公司主要从事研发、生产及商业化创新药的业务，专注于消化、肿瘤和非酒精性脂肪性肝炎（NASH）等多个治疗领域。该公司主要产品包括KBP-3571、XZP-3287及XZP-3621。该公司主要在中国国内开展业务。,,"港股通标的股票,深港通下的港股通标的股票,次新股[HK],H股,生物科技公司（18A）",
2576.HK,,浙江太美医疗科技股份有限公司是一家主要从事提供医药及医疗器械研发和营销数字化解决方案的中国公司。该公司主要为医药及医疗器械行业的产业链各方设计并提供软件及数字化服务。该公司的云端软件主要提供软件即服务（SaaS）产品和定制产品以及相关技术支持，包括医药及医疗器械研发数字化协作平台TrialOS和医药及医疗器械营销数字化协作平台PharmaOS。该公司的数字化服务主要包括数字化临床研究服务及独立影像评估中心（IRC）服务。该公司主要在国内和国外市场开展业务。,,"H股内地民营企业,H股",
2577.HK,,英诺赛科(苏州)科技股份有限公司是一家主要从事生产和销售硅基氮化镓（GaN-on-Si）半导体产品的中国公司。该公司的主营业务为从事设计、开发及生产若干类型的氮化镓（GaN）产品，包括分立器件、集成电路（ICs）、晶圆及模组。该公司的产品主要应用于消费电子产品、可再生能源及工业应用、汽车电子、数据中心等领域。该公司在国内和国外市场开展业务。,,"港股成交额前100[HK],联交所指定卖空证券,港股通标的股票,深港通下的港股通标的股票,H股",
2579.HK,,中伟新材料股份有限公司的主营业务是新材料、电池及新能源的研发、生产、加工与销售。公司的主要产品是高镍与超高镍前驱体、固态电池用前驱体、低空经济用前驱体、高性价比中镍高电压前驱体、高电压四氧化三钴、磷酸铁、磷酸铁锂、聚阴离子钠电正极材料、层状氧化物钠电正极材料、新能源金属产品。,,"联交所指定卖空证券,深港通下的港股通标的股票,港股通标的股票,H股,次新股[HK],H股内地民营企业",
2580.HK,,奥克斯电气有限公司是一家主要从事家用和中央空调设计、研发、生产、销售及服务的投资控股公司。该公司的家用空调包括挂机、柜机、移动空调等品类。该公司的中央空调包括单元机、热泵、模块机及末端设备等品类。该公司以“奥克斯AUX”、“华蒜”、“AUFIT”、“ShinFlow”等品牌销售其产品。该公司主要在中国国内和海外市场开展业务。,,"联交所指定卖空证券,深港通下的港股通标的股票,港股通标的股票,次新股[HK],非H股内地民营企业",
2581.HK,,"明基医院集团股份有限公司成立于2009年01月05日。公司借鉴中国台湾先进的医院运营管理经验,是中国内地一家民营营利性综合医院集团。公司目前拥有和运营两家综合医院。根据弗若斯特沙利文的数据,以2024年总收入计,公司是华东地区最大的民营营利性综合医院集团,于华东地区的市场份额为1.0%;以相同口径计,公司在全国民营营利性综合医院集团中排名第七,于中国的市场份额为0.4%;以2024年的床均收入计,公司在中国内地所有民营营利性综合医院集团中排名第一。",,"非H股内地民营企业,次新股[HK]",
2582.HK,,江苏国富氢能技术装备股份有限公司是一家氢能装备综合解决方案提供商，专注于氢能生产、储存、运输、加工、使用全产业链核心装备的研发与制造。该公司的主要产品包括车载高压供氢系统及相关产品、加氢站设备及相关产品、氢气液化及液氢储运设备、水电解制氢设备等，该公司主要在中国国内市场开展业务。,,"氢能源[HK],港股通标的股票,深港通下的港股通标的股票,联交所指定卖空证券,H股",
2583.HK,,深圳西普尼精密科技股份有限公司是一家主要从事设计制造黄金表壳手表和黄金表圈手表的中国公司。该公司的主要产品包括手表和饰品产品组合。手表产品包括传统手表和智能手表。饰品产品组合包括贵金属饰品及产品，主要包括耳环、戒指、项链和手镯等可佩戴贵金属饰品，以及金条、金牌及纪念币等其他贵金属产品，以及表带及其他手表饰品。该公司以“西普尼”品牌销售其产品。该公司主要在中国国内市场开展业务。,,"港股通标的股票,深港通下的港股通标的股票,联交所指定卖空证券,H股内地民营企业,H股,次新股[HK]",
2585.HK,,梦金园黄金珠宝集团股份有限公司是一家中国公司，主要从事珠宝设计、生产、批发和零售。该公司的多元化产品线不仅包括燕京八绝等中国非物质文化遗产工艺，还推出了跨界商品，如与知名饮料品牌合作的“吉祥黄金年”珠宝系列等。该公司还推出了以中国航天探索成就为主题的“小梦奇航”珠宝系列。该公司专注于中国三线及以下城市的市场。,,"联交所指定卖空证券,H股内地民营企业,H股",
2586.HK,,多点数智有限公司是一家主要从事为本地零售业的零售商提供零售数字化解决方案的控股公司。该公司通过三个分部运营其业务。零售核心服务云分部从事提供以Dmall OS软件及人工智慧物联网（AIoT）解决方案为基础的零售核心服务云解决方案，业务涵盖供应链管理、门店管理及电子商务运营。电子商务服务云分部从事提供线上到线下（O2O）平台服务以及物流服务。其他分部从事线下营销服务、线下营销产品及提供折扣及优惠券。该公司在国内和国外市场开展业务。,,"区块链概念[HK],人工智能[HK],深港通下的港股通标的股票,港股通标的股票,零售股[HK],非H股内地民营企业,港股VIE架构公司",
2587.HK,,健康之路股份有限公司是一家主要从事提供企业服务及数字营销服务及健康医疗服务的投资控股公司。该公司主要通过三个分部运营其业务。企业服务及数字营销服务分部从事提供企业服务及数字营销服务，主要包括内容服务、信息技术服务及数字营销服务。健康医疗服务分部从事提供健康医疗服务，主要包括医疗支持服务及价值医疗服务。其他分部从事通过多种线上及线下渠道销售的其他健康服务及产品，例如代表客户探访病人服务及销售营养补充剂等。该公司主要在国内市场开展业务。,,"联交所指定卖空证券,深港通下的港股通标的股票,港股通标的股票,非H股内地民营企业,港股VIE架构公司",
2589.HK,,沪上阿姨(上海)实业股份有限公司是一家主要从事现制茶饮店经营的中国公司。该公司提供多款由原叶茶、现磨咖啡豆或酸奶及鲜果、非浓缩还原汁（NFC）果汁、牛奶及多种谷物等其他食材制成的现制饮品。该公司采取以加盟为重点的业务模式。该公司主要在中国国内市场开展业务，其门店网络覆盖北至中国黑龙江省漠河，南至中国海南省三亚。,,"联交所指定卖空证券,港股通标的股票,深港通下的港股通标的股票,H股内地民营企业,H股,零售股[HK],非酒精饮料[HK]",
2590.HK,,北京极智嘉科技股份有限公司是一家主要从事生产销售一站式仓储机器人的中国公司。该公司主要业务包括销售自主移动机器人（AMR）解决方案及提供机器人即服务（RaaS）服务。该公司主要产品包括搬运系统、拣选系统和智能叉车等。该公司产品主要应用于服装、医药、物流、锂电、汽车等领域。该公司还从事软件开发业务。该公司于中国国内和海外市场开展业务。,,"深港通下的港股通标的股票,港股通标的股票,联交所指定卖空证券,次新股[HK],H股,同股不同权公司",
2591.HK,,广州银诺医药集团股份有限公司是一家主要从事医药产品的研发及商业化的中国投资控股公司。该公司主要从事商业化原研人源长效胰高血糖素样肽-1（GLP-1）受体激动剂。该公司致力于开发糖尿病和其他代谢性疾病的疗法。该公司的主要产品依苏帕格鲁肽α（商品名：怡诺轻）用于治疗2型糖尿病（T2D）。该公司的主要候选药物管线产品包括YN014、YN401、YN209、YN203和YN202。该公司主要在国内市场经营其业务。,,"深港通下的港股通标的股票,港股通标的股票,H股,次新股[HK],生物科技公司（18A）",
2592.HK,,拨康视云制药有限公司是一家临床阶段的眼科生物技术公司，从事开发各种治疗方法。该公司专注于眼科疗法的内部发现、开发和商业化。该公司拥有两款核心产品 CBT-001和CBT-009，均为自主研发。该公司的核心产品CBT-001用于治疗翼状胬肉（一种良性增生性眼表疾病），已在美国和中国启动III期多区域临床试验（MRCT）。该公司的核心产品CBT-009用于治疗青少年近视（5至19岁儿童和青少年的近视），已完成I/II期临床试验。该公司的其他候选药物处于相对早期的开发阶段，包括另外两种临床阶段候选药物，即CBT-006和CBT-004，以及四种临床前阶段候选药物，即CBT-007、CBT-199、CBT-145和CBT-011。,,"联交所指定卖空证券,次新股[HK],非H股内地民营企业,生物科技公司（18A）",
2593.HK,,草姬集团控股有限公司是一家主要从事开发及销售保健品的公司。该公司还从事开发及销售美容与护肤品以及宠物保健品。此外，该公司经营的品牌包括“草姬”及其他等品牌。,,非H股内地民营企业,
2595.HK,,劲方医药科技(上海)股份有限公司是一家专注于创新药物研发的中国公司。该公司为肿瘤、自身免疫性疾病和炎症性疾病提供有效的新型治疗方案。该公司的研发平台涵盖靶点发现、分子发现与评估、转化科学和临床开发，以及制剂研究、工艺开发和质量分析等关键化学生产和控制环节。该公司主要致力于新分子类型和新药物模式的开发，分子工艺路线和质量标准的研究，以及差异化临床开发策略和路径的探索。该公司主要在中国国内和海外市场开展业务。,,"深港通下的港股通标的股票,港股通标的股票,联交所指定卖空证券,H股,次新股[HK],H股内地民营企业,生物科技公司（18A）",
2596.HK,,宜宾市商业银行股份有限公司是一家主要从事运营城市商业银行的中国公司。该公司主要通过四个分部运营其业务。公司银行分部从事为公司及机构客户提供金融产品及服务，包括公司贷款、票据贴现及再贴现、公司存款和手续费及佣金类产品及服务。零售银行分部从事向零售银行客户提供产品和服务，包括贷款、存款、银行卡以及其他手续费及佣金类服务。金融市场分部包括同业拆放市场业务和金融投资业务。未分配分部包括租金收入及其他杂项收入。该公司主要在国内市场开展业务。,,"联交所指定卖空证券,H股",
2597.HK,,北京讯众通信技术股份有限公司的主营业务是云通信平台服务（含短信、语音、移动流量及智能云联络服务），以及智能通信解决方案（以软件和软硬件结合的方式为客户提供行业应用及市政治理、安全监管等通信连接解决方案）。公司的主要产品是云通信平台服务（含短信、语音、移动流量及智能云联络服务），以及智能通信解决方案（以软件和软硬件结合的方式为客户提供行业应用及市政治理、安全监管等通信连接解决方案）。,,"次新股[HK],H股",
2598.HK,,连连数字科技股份有限公司是一家主要提供数字支付解决方案是中国公司。该公司主要通过四个分部开展业务。全球支付分部业务主要包括收款、付款和收单，并提供支持多种货币的快速汇兑服务。境内支付分部的业务主要包括聚合支付、收单及付款。增值服务分部的业务包括商业服务，主要包含数字化营销及引流服务，还包括技术服务，主要包含账户及电子钱包以及软件开发。其他分部主要提供物业租赁服务，小额贷款及保理服务。,,"联交所指定卖空证券,区块链概念[HK],H股,H股内地民营企业",
2603.HK,,厦门吉宏科技股份有限公司的主营业务是跨境电商业务、环保包装及食品包装的生产和销售。公司的主要产品是纸盒纸箱、食品包装、纸袋、其他类型包装、电商业务及其他。,,"H股,次新股[HK],港股通标的股票,深港通下的港股通标的股票,H股内地民营企业",
2605.HK,,元光科技是一家主要从事提供移动广告服务及车辆动态信息以及数据技术服务的投资控股公司。该公司营运的车来了是一款移动应用程序（APP），运用大数据分析提供实时的公交车到达信息。车来了免费为用户提供服务，使广告主可投放基于展示的广告的移动广告服务。该公司还为企业及政府提供数据分析产品及服务，实现预测及支持智慧决策。数据技术服务主要包括通过交付定制公共交通信息包提供数据驱动的服务，以及信息技术解决方案。,,"非H股内地民营企业,次新股[HK],港股VIE架构公司",
2609.HK,,佰泽医疗集团是一家主要从事投资及提供医疗相关服务的肿瘤医疗公司。该公司在肿瘤全周期医疗服务领域提供服务，包括筛查、诊断、治疗及康复。该公司主要从事医院业务、医院管理服务、供应药品、医疗设备及耗材及其他业务。该公司业务包括对患者开展肿瘤诊断、肿瘤治疗、肿瘤康复及临终关怀等，以及对其他潜在健康人群开展的早癌筛查、肿瘤疫苗接种、健康管理服务。该公司主要在中国市场开展业务。,,"联交所指定卖空证券,港股通标的股票,深港通下的港股通标的股票,非H股内地民营企业,次新股[HK]",
2610.HK,,南山铝业国际控股有限公司是一家总部位于印尼的投资控股公司。该公司及其子公司主要从事氧化铝的生产和销售。其子公司包括Hong Kong Nanshan Aluminium Management Company Limited、Prime Aluminium Investment Holding Limited和Global Aluminium Investment Holding Limited。其主要产品是透过低温拜耳法生产的冶金级氧化铝。有时，该公司还向客户提供氢氧化铝，这是其氧化铝生产过程中的半成品。其生产工厂均位于廖内省民丹岛经济特区。该公司在当地采购铝土矿。该公司的客户遍布中国大陆以外，主要位于东南亚，尤其是马来西亚和新加坡。,,"港股通标的股票,深港通下的港股通标的股票,联交所指定卖空证券,非H股内地民营企业",
2613.HK,,上海汇舸环保科技集团股份有限公司是一家主要从事提供船舶环境保护设备及系统的中国公司。该公司主要经营四个业务分部。船舶脱硫系统业务分部从事销售船舶废气净化系统（包括开式及混合式）。船舶节能装置业务分部从事销售节能装置，包括舵球、前置预旋导轮、消涡鳍、导风罩等。舶清洁能源供应系统业务分部从事销售低闪点燃料供给系统及双燃料供气系统。海事服务业务分部从事船舶内装，提供相关设备及其他海事服务。该公司在国内和国外市场开展业务。,,"H股,H股内地民营企业",
2617.HK,,药捷安康(南京)科技股份有限公司是一家从事生物制药的中国公司，主要专注于发现及开发肿瘤、炎症及心脏代谢疾病小分子创新疗法。该公司的核心产品Tinengotinib是一种处于注册临床阶段的内部发现和开发的MTK抑制剂，适用于某些复发或难治的耐药实体瘤。该公司的肿瘤产品线包括TT-00973（针对 AXL）、TT-01488（用于血液系统恶性肿瘤）、TT-01688（用于炎症性疾病）和TT-00920（用于慢性心力衰竭）。这些产品能够对多种癌症类型（包括前列腺癌、肝癌、乳腺癌和BTC）产生疗效。它还可用于治疗肝细胞癌、乳腺癌、胆道癌和Pan-FGFR实体瘤。,,"联交所指定卖空证券,深港通下的港股通标的股票,港股通标的股票,次新股[HK],H股,生物科技公司（18A）",
2619.HK,,湖北香江电器集团股份有限公司是一家主要从事生活家居用品制造和销售的中国公司。该公司专注电器类家居用品及非电器类家居用品的研发、设计、生产与销售。该公司的电器类家居用品分为三大类。电热类家电包括电烤炉、空气炸锅及电热水壶。电动类家电包括搅拌机、打蛋器及电动开罐器。电子类家电包括电子秤、加湿器及镭射灯。该公司也提供非电器类家居用品，如花园水管及锅具。该公司品牌有“威麦丝”、“Accuteck”及“艾格丽”。该公司主要在中国国内和海外市场开展业务。,,"H股内地民营企业,H股,次新股[HK]",
2621.HK,,手回集团有限公司是一家主要提供保险交易服务及保险技术服务的投资控股公司。该公司主要通过两个分部开展业务。保险交易服务分部作为代理代表保险公司分销保险产品。保险技术服务分部向若干保险公司及其他客户提供咨询及其他服务。该公司致力于通过人身险交易及服务平台，在线为投保人及被保险人提供保险服务解决方案。该公司通过三个平台促成的三个分销渠道分销人身险产品，即于小雨伞进行在线直接分销，于咔嚓保通过保险代理人进行分销，及于牛保100在业务合作伙伴的协助下进行分销。,,"非H股内地民营企业,次新股[HK],港股VIE架构公司",
2625.HK,,江苏宏信超市连锁股份有限公司是一家主要从事经营超市及便利店零售业务的中国公司。该公司主要从事四个业务。批发业务向经销商及其他零售经营者（包括其他超市及便利店经营者以及餐饮业经营者）销售粮油、食品及其他产品。零售业务以“宏信龙”品牌经营超市和便利店，以及商城。租赁业务从事零售店舖及商城的部分店舖面积或舖位租赁予餐厅、酒店及药店等其他零售运营商。供应及销售餐食业务从事餐食的生产，并向当地企业、学校或政府机构配送。该公司主要在中国国内市场开展业务。,,"H股内地民营企业,H股",
2627.HK,,江苏中慧元通生物科技股份有限公司是一家主要从事疫苗的研发、制造及商业化中国公司。该公司的产品管线包括两种核心产品，即四价流感病毒亚单位疫苗及在研冻干人用狂犬病疫苗，以及其他11种在研疫苗。该公司主要在中国市场开展业务。,,"港股通标的股票,深港通下的港股通标的股票,联交所指定卖空证券,次新股[HK],H股内地民营企业,H股,生物科技公司（18A）",
2629.HK,,Mirxes Holding Company Limited是一家专注于早期癌症检测和精准医疗的微核糖核酸（miRNA）技术公司。该公司开发并商业化精准、非侵入性且价格合理的血液miRNA检测试剂盒产品，用于癌症和其他疾病的早期检测。该公司业务分部包括传染病业务以及早期检测和精准多组学业务。该公司的解决方案涵盖癌症筛检、临床测序、癌症治疗选择和传染病领域。该公司拥有核心产品GASTROClear、另外两款已商业化产品LUNGClear和Fortitude，以及六款处于临床前阶段的候选产品。GASTROClear是一种以血液为基础的miRNA检测组，包含12种用于胃癌筛检的miRNA生物标记。LUNGClear是其肺癌筛检候选产品，是一种由多中心研究发现和验证的miRNA生物标记组成的检测组。该公司提供完整的COVID-19检测解决方案。,,"联交所指定卖空证券,深港通下的港股通标的股票,港股通标的股票,次新股[HK],生物科技公司（18A）",
2630.HK,,"苏州旺山旺水生物医药股份有限公司成立于2013年1月21日。致力于在公司的战略重点治疗领域(即神经精神及生殖健康)发现、获取、开发和商业化小分子药物。公司已获取并开发了两款核心产品LV232及TPN171。LV232是一款双靶点5-羟色胺转运体/5-羟色胺3(‘5-HTT/5-HT’)用于治疗重度抑郁症的受体调节剂。而TPN171是一款用于治疗勃起功能障碍(‘ED’的5型磷酸二酯酶(‘PDE5’))抑制剂。公司还有四款候选药物处于临床阶段,三款候选药物处于临床前阶段。",,"H股,次新股[HK],生物科技公司（18A）",
2631.HK,,山东天岳先进科技股份有限公司的主营业务是高品质碳化硅衬底的研发与产业化。公司的主要产品是碳化硅半导体材料。公司凭借在衬底技术突破与量产应用上的显著成果，斩获多项高含金量奖项，其中核心荣誉实现重大突破：公司导电型碳化硅衬底获评“国家制造业单项冠军”，继半绝缘型碳化硅衬底已获此项殊荣后再添佳绩，成功成为行业首个“双料单项冠军”，充分彰显公司在碳化硅衬底核心领域的绝对领先地位；凭借“高品质碳化硅单晶衬底产业化制备关键技术及应用”相关成果，荣获山东省科技进步特等奖，该奖项作为山东省科技领域最高荣誉之一，充分肯定了公司在碳化硅技术产业化落地、推动区域半导体产业高质量发展中的突出贡献；荣获国家知识产权局颁发的“中国专利奖（银奖）”，该奖项是中国知识产权领域的最高政府奖项，竞争极为激烈，充分彰显公司雄厚的技术研发实力与高价值专利培育能力；凭借“全系列12英寸碳化硅衬底全球首发”成果，入选“2025年度中国第三代半导体技术十大进展”，彰显公司在大尺寸衬底领域的全球引领地位；荣获中国电子材料行业协会半导体材料分会颁发的“半导体材料行业突出贡献奖”，肯定了公司在技术研发、国产化替代方面的突破性贡献；凭借“高品质碳化硅单晶衬底产业化制备关键技术及应用”项目，荣获“国际发明展览会银奖”，体现公司技术创新的国际影响力；同时，公司获评“山东省先进级（省级）智能工厂”，彰显智能制造领域的标杆水平，以及“山东省新材料领军培育企业”“济南市服务产业链发展优质链主企业”，凸显在区域产业发展中的核心引领作用。,,"联交所指定卖空证券,港股通标的股票,深港通下的港股通标的股票,H股内地民营企业,H股,次新股[HK]",
2632.HK,,"江苏泽景汽车电子股份有限公司成立于2015年5月29日。公司专注于HUD解决方案。于往绩记录期间,公司提供以公司的挡风玻璃HUD(简称‘W-HUD’)解决方案CyberLens及公司的增强现实HUD(简称‘AR-HUD’)解决方案CyberVision为主,以测试解决方案和其他创新视觉技术解决方案为辅的综合解决方案。公司在解决方案定义阶段与主机厂深度合作共创,带来人车交互与智能驾驶体验更加深入的新车型。",,"H股,次新股[HK]",
2635.HK,,"诺比侃人工智能科技(成都)股份有限公司成立于2015年3月6日，公司专注于AI和数字孪生等先进技术在交通、能源及城市治理等领域的产业化应用。公司主要提供基于全面的AI行业模型的软硬件一体化解决方案,用于监测、检测和运维等用途。",,"港股通标的股票,深港通下的港股通标的股票,次新股[HK],H股",
2637.HK,,福建海西新药创制股份有限公司是一家主要从事仿制药和创新药研发、生产及销售的中国公司。该公司的主要产品包括安必力、海慧通、瑞安妥、赛西福。该公司的产品主要用于消化系统疾病、心血管系统疾病、内分泌系统疾病、神经系统疾病、炎症疾病、癌症、眼科及呼吸系统疾病等。该公司主要在中国国内开展业务。,,"深港通下的港股通标的股票,港股通标的股票,H股,H股内地民营企业,次新股[HK]",
2643.HK,,曹操出行有限公司是一家投资控股公司，主要从事运营以新能源为重点的网络叫车平台，提供一系列移动出行服务及其他服务，并销售车辆。该公司经营四项业务，包括出行服务、车辆租赁、车辆销售和其他服务。该公司的出行服务业务以“曹操出行”及“礼帽出行”品牌提供网约车服务，包括惠选服务及专车服务。车辆租赁业务主要向第三方提供车辆租赁服务。车辆销售向其运力合作伙伴、个人司机、其他第三方出租车公司及汽车经销商出售购自关联方的新车。其他服务包括广告、运输服务、同城配送服务、客户推荐服务、技术支援及其他服务。,,"联交所指定卖空证券,港股通标的股票,深港通下的港股通标的股票,次新股[HK],非H股内地民营企业,港股VIE架构公司",
2648.HK,,安井食品集团股份有限公司的主营业务是速冻调制食品（以速冻鱼糜制品、速冻肉制品为主）、速冻菜肴制品和速冻面米制品等速冻食品的研发、生产和销售。公司的主要产品是速冻调制食品、速冻菜肴制品、速冻面米制品、烘焙食品。截至2025年12月31日，公司（不含外协工厂）已取得ISO22000、ISO9001、FSSC22000、BRCGS、HACCP等多类管理体系的46项认证证书。,,"联交所指定卖空证券,深港通下的港股通标的股票,港股通标的股票,次新股[HK],H股,H股内地民营企业",
2649.HK,,"苏州优乐赛共享服务股份有限公司成立于2016年12月12日，公司是中国循环包装服务提供商,主要专注于为汽车行业内的汽车零部件制造商及OEM提供服务。公司主要提供共享运营,这是一种共用模式,根据这一模式,公司为客户管理托盘、板条箱或容器等循环包装,代表客户处理循环包装的储存、配送及归还(主要透过分包第三方物流服务提供商进行)、清洁和维护。除了共享运营,公司还为倾向于自主管理循环包装的客户提供租赁服务、提供仓储管理和客户自有容器管理等增值服务、同时也将容器出售予可独立管理容器的客户。根据弗若斯特沙利文,按2024年收入计,公司是中国循环包装服务第二大提供商,市场份额为1.5%;及中国汽车共享运营服务市场的最大提供商,市场份额为8.2%。于2024年,循环包装服务、共享运营服务及汽车共享运营服务分别占中国整体物流包装解决方案市场的6.4%、2.4%及1.0%。集团经营所在行业(包括中国的循环包装服务及共享运营服务市场)高度分散且竞争激烈。",,"次新股[HK],H股内地民营企业,H股",
2650.HK,,上海挚达科技发展股份有限公司是一家主要从事家用电动汽车充电桩业务的中国公司。该公司产品主要包括：智慧家用电动汽车充电桩及配件、电动汽车充电机器人、EMS解决方案和管线产品。该公司还提供包括系统升级及充电桩安装优化、电动汽车充电桩硏发、储能技术服务、现场勘察服务、软件开发服务等。该公司客户主要包括汽车制造商、零售客户及分销商。,,"港股通标的股票,深港通下的港股通标的股票,次新股[HK],H股,H股内地民营企业",
2651.HK,,武汉大众口腔医疗股份有限公司是一家主要从事口腔医疗服务的中国公司。该公司的主要业务包括综合牙科诊疗服务、口腔种植服务、口腔正畸服务。该公司的品牌为“爱尚大众口腔”。该公司还从事牙齿美容修复服务、儿童牙科服务和牙周治疗服务。该公司主要于中国国内开展业务。,,"H股,H股内地民营企业,次新股[HK]",
2652.HK,,长风药业股份有限公司是一家专注于吸入技术及吸入药物的研发、生产及商业化的中国公司。该公司的产品组合主要针对呼吸系统疾病，包括哮喘、慢性阻塞性肺病（COPD）和过敏性鼻炎。该公司主要产品包括CF017，即治疗支气管哮喘的吸入用布地奈德混悬液，以及CF018，一种用于治疗过敏性鼻炎的氮?斯汀氟替卡松鼻喷雾剂。该公司主要在中国国内市场开展业务。,,"深港通下的港股通标的股票,港股通标的股票,次新股[HK],H股,H股内地民营企业",
2655.HK,,"果下科技股份有限公司成立于2019年1月4日,作为一家中国储能行业的可再生能源解决方案及产品提供商,公司专注于研发并向公司的客户及终端用户提供储能系统解决方案及产品。公司的储能系统解决方案和产品广泛应用于中国市场及海外市场的大型电源侧及电网侧以及工商业及家庭场景。根据灼识咨询,公司为业内较早实现储能系统解决方案及╱或产品的互联网云端整合及开发数字化能源管理全景互联网云平台的参与者之一。",,"深港通下的港股通标的股票,港股通标的股票,H股,H股内地民营企业,次新股[HK]",
2656.HK,,健康160国际有限公司是一家主要从事医药销售的投资控股公司。该公司主要从事两大业务。医药健康用品销售业务主要包括通过批发模式和零售模式向企业或个人用户提供药品。数字医疗健康解决方案业务主要包括提供在线营销解决方案、数字医院解决方案、在线健康服务。该公司还从事其他增值业务。该公司经营健康160平台。该公司主要在中国国内开展业务。,,"深港通下的港股通标的股票,港股通标的股票,联交所指定卖空证券,次新股[HK],非H股内地民营企业,港股VIE架构公司",
2657.HK,,"上海林清轩化妆品集团股份有限公司成立于2011年12月22日。公司为中国高端国货护肤品牌,聚焦抗皱紧致类护肤品市场,并以长期致力于以公司的旗舰品牌林清轩提供基于山茶花成分的高端护肤改善方案而著称。根据灼识咨询的资料,自2012年展开山茶花护肤品研究以来,公司开创‘以油养肤’理念及山茶花面部精华油。公司致力于提供安全及有效的护肤产品,首款山茶花精华油于2014年问世,该款产品为公司的核心以油养肤产品线奠定基础。历经十余载耕耘,公司已于细胞级抗皱精华油方面积累了专业知识。按全渠道销售的总零售额计,公司的山茶花精华油自2014年以来连续11年于所有面部精华油产品中位居全国榜首。",,"次新股[HK],H股内地民营企业,H股",
2658.HK,,"广东天域半导体股份有限公司成立于2009年1月7日。公司为一家主要专注于自制碳化硅外延片的碳化硅外延片制造商。外延片是生产功率半导体器件的关键原材料。与硅等传统半导体材料比较,碳化硅(作为第三代半导体材料之一)具有显著的性能优势,更适用于高压、高温及高频率环境。透过切割、研磨及抛光碳化硅衬底(公司产品的主要原材料),即可获得用于生长外延层、同时具备特定晶面以及适当电学、光学和机械性能的单个外延片。通过外延工艺,可在外延片上生长出特定的单晶薄膜。以2024年全球市场中自制碳化硅外延片所产生的收入及销量计,公司是中国第三大碳化硅外延片制造商,市场份额分别为6.7%(以收入计)及7.8%(以销量计)。以2024年中国市场中自制碳化硅外延片所产生的收入及销量计,公司亦是最大的自制碳化硅外延片制造商,市场份额分别为30.6%(以收入计)及32.5%(以销量计)。",,"次新股[HK],H股内地民营企业,H股",
2659.HK,,"上海宝济药业股份有限公司成立于2019年12月16日。公司是一家生物技术公司,拥有一项获批准产品及多元化的临床管线,利用合成生物技术在中国开发及提供重组生物药物,专注于攻克治疗选择有限且药物制造工艺复杂的目标病症。自成立以来,公司策略重点在于生产生物药物,通过替代源自动物器官、血液或尿液的生化提取产品,或以其他方式升级现有治疗手段,提升治疗标准。公司以底盘细胞打造技术为支持,结合公司的药物设计及生物制造能力建立专有技术平台。公司的技术平台使公司能够在四个战略性治疗领域的候选药物开发中占据竞争地位,根据弗若斯特沙利文的资料,到2033年,临床可触及市场规模合计将约达人民币500亿元:(i)大容量皮下给药,(ii)抗体介导的自身免疫性疾病,(iii)辅助生殖药物及(iv)以重组生物制药取代传统生化制品的变革性产品。",,"深港通下的港股通标的股票,港股通标的股票,次新股[HK],H股,H股内地民营企业,生物科技公司（18A）",
2661.HK,,"轻松健康集团成立于2014年11月12日，公司于中国提供数字综合健康服务及健康保险解决方案。根据沙利文报告的资料,按2024年的收入计,公司于中国数字综合健康服务及健康保险服务市场排名第10位。具体而言,根据同一资料来源,按2024年的收入计,公司在中国数字健康服务市场排名第七。公司致力于通过一套易用、精准且可负担的健康解决方案,为有需要的人提供保障和支持。",,"港股通标的股票,深港通下的港股通标的股票,港股VIE架构公司,非H股内地民营企业,次新股[HK]",
2665.HK,,"Seyond Holdings Ltd.成立于2016年11月4日。公司是设计、开发及生产车规级激光雷达解决方案的全球领导者。根据灼识咨询的资料,2024年,公司交付总计约230,000台车规级激光雷达,于往绩记录期间ADAS激光雷达解决方案累计销售收入全球排名第二。公司相信,具有高图像级分辨率及远探测距离的车规级激光雷达对于实现关键任务目标及达成任何激光雷达解决方案的根本目的-增强安全性及提高用户体验-均至关重要。截至最后实际可行日期,蔚来(高端智能电动汽车市场的先驱及领先企业)已选择在其九款车型上采用公司的激光雷达解决方案,公司相信这充分证明了公司解决方案的独特价值主张。公司为高级驾驶辅助系统(‘ADAS’)以及其他汽车及非汽车应用场景提供激光雷达解决方案。公司解决方案的卓越性能、公司在商业化及量产方面的成功及领先地位,以及公司在中国及美国站稳脚跟,这一切使公司脱颖而出,并助力公司不断创新,成为人类安全技术的先锋。",,"港股通标的股票,深港通下的港股通标的股票,次新股[HK]",
2670.HK,,北京云迹科技股份有限公司是一家主要从事提供机器人及功能套件，辅以人工智能（AI）数字化系统的服务的中国公司。该公司的机器人及功能套件包括YJ-机器人、YJ-AIoT组件、YJ-万物工具仓模块及智能控制模组。该公司的AI数字化系统包括AI驱动的机器人基础服务及智能体应用。该公司的AI驱动的机器人基础服务包括YJ-ROS授权使用及机器人及功能套件的综合AI支持。该公司的智能体应用包含服务数字化运营系统（HDOS）及YJ-Platform。该公司在中国国内和海外市场开展业务。,,"联交所指定卖空证券,次新股[HK],H股内地民营企业,H股,特专科技公司（18C）",
2671.HK,,"美联钢结构建筑系统(上海)股份有限公司成立于1999年4月17日在中国注册成立的有限责任公司，并于2012年4月12日改制为股份有限公司。公司是预制钢结构建筑(‘预制钢结构建筑’)市场工业领域的综合预制钢结构建筑分包服务提供商。公司为各行各业的建筑项目提供综合服务,涵盖项目设计和优化、采购、制造和安装。公司主要在中国(其次是在海外)从事预制钢结构建筑的建造。凭藉技术与专业知识,公司在中国预制钢结构建筑市场的工业领域建立了良好声誉。根据弗若斯特沙利文报告,按2024年收入计,公司于中国预制钢结构建筑市场的工业领域中排名第三,市场份额为3.5%;而两大参与者的市场份额分别为35.8%及6.5%。公司致力于推动预制钢结构建筑市场的工业领域的持续创新,提供涵盖研究和开发、设计、生产、工程技术应用以及全面项目管理的安全高效一体化预制钢结构建筑服务。这种全面方针使公司能够打造在业内独特的核心竞争力。",,"次新股[HK],H股",
2675.HK,,"深圳市精锋医疗科技股份有限公司成立于2017年5月4日,公司成立于2017年,是医疗器械行业的先进手术机器人公司,致力于设计、开发及制造手术机器人。公司拥有三款涵盖处于不同研发阶段的不同型号的产品及在研产品,以把握手术机器人的市场潜力,包括用于微创手术的多孔腔镜手术机器人及单孔腔镜手术机器人以及用于无创手术的自然腔道手术机器人。目前,公司的产品组合包括两款自主开发的核心产品精锋多孔腔镜手术机器人及精锋单孔腔镜手术机器人。公司的产品组合亦包括精锋支气管镜机器人,其并非核心产品。精锋多孔腔镜手术机器人是一种机器人辅助设备,用于进行微创手术,使用机器人、成像技术和数字技术,应用范围涵盖泌尿科、妇科、普外科及胸外科。精锋单孔腔镜手术机器人是一种机器人辅助设备,用于通过单个小切口或自然腔道进行微创手术,应用范围涵盖泌尿科、妇科及普外科。",,"H股,H股内地民营企业,次新股[HK],生物科技公司（18A）",
2676.HK,,苏州纳芯微电子股份有限公司的主营业务是高性能集成电路芯片的设计、开发和销售。公司的主要产品是传感器、信号链和电源管理三大产品。,,"港股通标的股票,深港通下的港股通标的股票,次新股[HK],H股内地民营企业,H股",
2677.HK,,"卓正医疗控股有限公司成立于2014年02月13日。公司的业务始于2012年。公司的业务始于2012年。凭藉集中化、标准化及数字化的管理系统,公司建立了覆盖中国部分经济最发达城市的网络,包括深圳、广州、北京、成都、苏州、长沙、上海、重庆、杭州及武汉。截至最后实际可行日期,公司在中国各地拥有及经营19家医疗服务机构,包括17家诊所和两家医院。此外,截至最后实际可行日期,公司在新加坡经营四家全科诊所及在马来西亚经营一家全科诊所。公司打算继续通过内生增长和战略收购扩大公司的医疗服务机构网络,并渗透到更多的新一线城市。",,"次新股[HK],港股VIE架构公司",
2685.HK,,"量化派控股有限公司,一家于2022年3月31日在开曼群岛注册成立的获豁免有限公司,公司是一家专注于中国消费领域的线上市场营运商。公司的消费电商平台羊小咩自2020年11月起涵盖各式零售商品,如第三方市场供应商提供的消费电子产品、食品及饮料、家电、化妆品、珠宝、服装及个人日常护理用品,并透过线上购买将该等消费品与公司的羊小咩用户进行匹配。公司亦经营汽车零售O2O平台消费地图,该平台主要帮助汽车零售商吸引线上流量,使其能够在当地实体店线下购车;及在较小程度上,消费地图亦可让消费者在线上购车。在更小程度上,公司亦协助业务伙伴在公司的线上市场及线下实体媒体投放广告。公司将(i)羊小咩上的市场供应商(包括商品供应商及POP商店经营者)及(ii)消费地图上的市场供应商(包括汽车零售商,且于往绩记录期间,包括汽车零售商及本地生活商品及服务商户)视为公司的业务伙伴。",,"港股通标的股票,深港通下的港股通标的股票,非H股内地民营企业,次新股[HK],港股VIE架构公司",
2687.HK,,"上海卓越睿新数码科技股份有限公司成立于2008年4月7日。公司是一家中国知名的高等教育机构教学数字化解决方案提供商,致力于高等教育机构数字化教育内容、数字化教学环境服务及产品的交付和运营,透过推动教育资源广泛分布及教学成果水平提升,实现对高等教育机构、教师和学生的覆盖。中国高等教育教学数字化市场高度分散。根据弗若斯特沙利文的资料,按2024年收入计,前五大公司的总市场份额为12.9%。中国高等教育机构包括大学及高职院校。根据弗若斯特沙利文的资料,2024年,公司在中国高等教育教学数字化市场所有公司中收入排名第二,市场份额为4.0%;而在中国高等教育数字化教学内容制作市场所有公司中收入排名第一,市场份额为7.3%。",,"港股通标的股票,深港通下的港股通标的股票,联交所指定卖空证券,H股,次新股[HK],H股内地民营企业",
2691.HK,,南华期货股份有限公司的主营业务是期货经纪业务、财富管理业务、风险管理业务、境外金融服务业务及期货投资咨询业务等。公司的主要产品是期货经纪业务、财富管理业务、风险管理业务、境外金融服务业务、期货投资咨询业务。,,"深港通下的港股通标的股票,港股通标的股票,H股,次新股[HK]",
2692.HK,,深圳市兆威机电股份有限公司的主营业务是微型传动及驱动系统的研发、生产和销售业务，为各类客户提供一站式微型驱动系统解决方案。公司的主要产品是中控屏偏摆执行器、中控屏旋转执行器、热管理执行器、车载雷达升降驱动系统、尾翼升降执行器、后排屏运动机构、EPB制动执行器、学习机摄像头模组、IPD瞳距调节、割草机器人行走执行器微型驱动系统、洗地机驱动系统、微创电动吻合器驱动系统、医疗胰岛素注射泵、骨科手术创面清洗泵系统、电动滚筒驱动系统、风/水阀执行器、5G基站RCU模组、天馈系统微型传动模组、人形机器人核心驱动模组、灵巧手。报告期内，公司获得“广东省政府质量奖”“CNAS实验认可证书”，子公司东莞兆威被认定为“专精特新小巨人”、“东莞市人工智能重点企业”。,,"H股内地民营企业,H股,港股通标的股票,次新股[HK],深港通下的港股通标的股票",
2693.HK,,安徽金岩高岭土新材料股份有限公司的主营业务是从事煤系高岭土的采选、加工和销售。公司的主要产品是精铸用莫来石材料、耐火用莫来石材料、生焦生粉、工程纤维。2022年8月，金岩高新认定为工业和信息化部第四批专精特新“小巨人”企业，2025年10月，通过工信部复核；公司于2025年10月取得由安徽省科学技术厅、安徽省财政厅、国家税务总局安徽省税务局颁发的《高新技术企业证书》。,,"H股,次新股[HK]",
2695.HK,,印象大红袍股份有限公司的主营业务是文化旅游项目的组织、管理与运营，依托于项目所在地武夷山风景名胜区独特的旅游资源及地理条件。公司的主要产品是门票销售、酒店、文化旅游。,,"H股,次新股[HK]",
2698.HK,,"乐舒适有限公司成立于2022年2月17日。公司是一家专注于非洲、拉美、中亚等地快速发展新兴市场的跨国卫生用品公司,主要从事婴儿纸尿裤、婴儿拉拉裤、卫生巾和湿巾等婴儿及女性卫生用品的开发、制造和销售。于往绩记录期间,公司的大部分收入来自向非洲客户的销售。根据弗若斯特沙利文的资料,(i)以2024年销量计算,公司在非洲婴儿纸尿裤和卫生巾市场均排名第一,市场份额分别为20.3%及15.6%;及(ii)以2024年收入计算,公司在非洲婴儿纸尿裤市场和卫生巾市场均排名第二,市场份额分别为17.2%及11.9%。凭藉超过15年的跨国经营策略,公司已成为非洲多国的卫生用品行业的领军企业,也是新兴市场的重要参与者之一。通过建立公司的海外管理团队和本地人才梯队的建设,双管齐下协作优化人力资源,公司实现了横跨多国且高效的经营运作。",,"深港通下的港股通标的股票,港股通标的股票,联交所指定卖空证券,次新股[HK],非H股内地民营企业",
2701.HK,,国民技术股份有限公司的主营业务是锂电池材料的制造和销售。公司的主要产品是通用MCU芯片、高等级安全芯片、电源管理BMS芯片、无线射频芯片。,,"H股,次新股[HK],深港通下的港股通标的股票,港股通标的股票",
2706.HK,,"北京海致科技集团股份有限公司成立于2013年8月23日。公司是中国领先的企业,专注于通过图模融合技术开发Atlas图谱解决方案及产业级智能体并提供产业级人工智能解决方案。Atlas图谱解决方案是公司于往绩记录期间的核心产品之一。Atlas图谱解决方案基于公司行业领先的图计算与数据分析能力构建,包含DMC数据智能平台、Atlas知识图谱平台及Atlas Graph图数据库。该等解决方案使企业能够高效整合、处理及管理来自多个来源的数据,构建及分析知识图谱,并进行复杂的关系挖掘与可视化分析。Atlas智能体基于公司的图模融合技术开发,通过融合大语言模型的推理能力与知识图谱的准确性及可解释性,赋能企业实现智能自动化、场景化推理及自然语言交互。",,"港股VIE架构公司,次新股[HK],H股,H股内地民营企业",
2714.HK,,牧原食品股份有限公司的主营业务是生猪的养殖销售、生猪屠宰。公司的主要产品是商品猪、仔猪、种猪、白条、分割品、副产品。2025年，公司全程智能化“生猪智慧养殖模式”入选农业农村部官网发布的智慧农业建设典型案例，“数字化种养循环”模式入选《CMG乡村振兴观察报告（2023-2024）》典型案例。,,"港股通标的股票,深港通下的港股通标的股票,H股,次新股[HK],H股内地民营企业",
2715.HK,,南京埃斯顿自动化股份有限公司的主营业务是自动化核心部件及运动控制系统和工业机器人及智能制造系统业务。公司的主要产品是金属成形机床自动化完整解决方案、运动控制系统（包括HMI、运动控制器、MotionPLC、IO模块、交流伺服系统、直流伺服驱动器、直线伺服驱动器、变频器等）、机器人专用控制器、机器人专用伺服系统、机器视觉和运动控制一体的智能控制单元解决方案、工业机器人。,,"港股通标的股票,深港通下的港股通标的股票,H股,H股内地民营企业,次新股[HK]",
2718.HK,,"明略科技成立于2010年2月1日。公司是中国领先的数据智能应用软件公司,致力于通过整合大模型、行业特定知识和多模态数据,改变企业营销和营运决策及流程。根据弗若斯特沙利文的资料,按2024年的总收入计,公司是中国最大的数据智能应用软件供应商。通过创新的数据智能应用软件,公司帮助客户收集、整合、管理和分析来自线上和线下运营的多模态数据,生成可执行的商业见解以满足业务需求,使客户能够不断提高运营效率并促进创新。截至2025年6月30日,公司已为135家财富世界500强企业提供服务,客户遍及零售、消费品、食品及饮料、汽车、3C、化妆品、母婴用品等行业。",,"联交所指定卖空证券,非H股内地民营企业,次新股[HK],同股不同权公司",
2720.HK,,"乐欣户外国际有限公司成立于2024年7月17日。根据弗若斯特沙利文的资料,按2024年收入计,公司于2024年在全球钓鱼装备行业中排名第一,市场份额为23.1%。钓鱼装备市场为钓鱼用具市场(包括钓具市场)的一个子行业。根据弗若斯特沙利文的资料,以2024年零售额计,钓鱼装备市场占全球钓鱼用具市场约5.2%。根据弗若斯特沙利文的资料,按2024年收入计,公司于全球钓鱼用具制造市场的市场份额为1.3%。钓鱼用具包括钓具及钓鱼装备。钓具是指用于从水环境中捕捉鱼类的工具,例如鱼竿、渔轮、鱼钩、鱼线及鱼饵。另一方面,钓鱼装备乃有关旨在提高钓鱼人在户外环境中的便利性、舒适性和效率的品项。钓鱼装备一般包括钓鱼椅及床椅、钓鱼箱、钓鱼推车、渔包、睡袋及帐篷。公司一直聚焦钓鱼装备,并建立了广泛的产品组合,主要包括(i)床椅及其他配件,如钓鱼椅、钓鱼床、鱼竿支架、钓鱼推车及钓鱼箱;(ii)包袋,如单肩包、钓鱼渔包及鱼竿包;及(iii)帐篷,如渔具篷、社交篷及遮阳篷。公司的产品经过精心生产制造,适合多种钓鱼场景,如鲤鱼钓、比赛钓、路亚钓、飞钓及冰钓。",,"次新股[HK],非H股内地民营企业",
2726.HK,,"瀚天天成电子科技(厦门)股份有限公司为一家于2011年3月31日于中华人民共和国(‘中国’)注册成立的有限公司。公司是全球碳化硅(SiC)外延行业的领导者。根据灼识咨询的报告,自2023年来,按年销售片数计,公司是全球最大的碳化硅外延供应商,2024年的市场份额超过30%。公司在碳化硅外延技术的深厚积累,使公司能始终站在碳化硅外延行业的前沿,并为客户提供高品质及可靠的产品。公司是全球率先实现8英吋碳化硅外延晶片大批量外供的生产商,也是中国首家实现商业化3英吋、4英吋、6英吋和8英吋碳化硅外延晶片批量供应的生产商。公司牵头撰写并制定了全球首个及目前唯一的碳化硅外延国际半导体设备与材料产业协会(SEMI)行业标准。于2024年,公司通过外延片销售和代工销售模式累计销售了超过164,000片碳化硅外延晶片;于往绩记录期间,公司累计交付了超过599,700片碳化硅外延晶片。",,"H股,次新股[HK]",
2729.HK,,"浙江凯乐士科技集团股份有限公司成立于2016年10月20日。公司是综合智能场内物流机器人提供商,提供以三个核心产品线为主的种类丰富的机器人产品多向穿梭车机器人(MSR)、自主移动机器人(AMR)以及输送分拣机器人(CSR)。公司的机器人产品组合具备存取、分拣及搬运的核心功能,覆盖整个场内物流的业务范围。公司是智能场内物流机器人行业的成熟厂商之一,拥有广泛的机器人技术能力及多元化的自主研发机器人产品组合,涵盖广泛采用的高度和有效载荷规格的核心场内物流功能。十多年来,公司长期致力于场内物流自动化的创新,按2024年的收入计,公司在中国前五大综合智能场内物流机器人公司中名列第五,市场份额达1.6%。",,"次新股[HK],H股",
2768.HK,,青岛国恩科技股份有限公司的主营业务是塑料原料及产品、改性塑料、塑料合金材料、功能塑料板材、模具、复合材料及制品的研究开发、生产、销售。公司的主要产品是绿色石化新材料、有机高分子改性材料、有机高分子复合材料、可降解材料、光显材料、运动健康材料。,,"次新股[HK],港股通标的股票,H股内地民营企业,深港通下的港股通标的股票,H股",
2788.HK,,"创新实业集团有限公司成立于2023年7月4日。公司聚焦于铝产业链上游中的氧化铝精炼和电解铝冶炼。铝产业链主要包括上游铝生产和下游铝合金加工。上游铝生产主要包含三个阶段:铝土矿开采、氧化铝精炼和电解铝冶炼。按照吨铝附加值计算,精炼和冶炼是铝产业链中附加值最高的环节。公司的业务主要分为电解铝和氧化铝及其他相关产品的生产和销售。2022年、2023年、2024年以及截至2024年及2025年5月31日止五个月,电解铝的销售收入分别占公司总收入的95.5%、90.5%、85.0%、89.7%及76.6%,氧化铝及其他相关产品销售收入分别占公司总收入的2.0%、7.1%、12.2%、7.6%及21.1%。",,"港股通标的股票,深港通下的港股通标的股票,联交所指定卖空证券,非H股内地民营企业,次新股[HK]",
2865.HK,,海南钧达新能源科技股份有限公司的主营业务是光伏电池的研发、生产与销售业务。公司的主要产品是新一代N型太阳能电池。公司是全球光伏电池行业龙头企业。,,"港股通标的股票,深港通下的港股通标的股票,H股内地民营企业,H股",
2881.HK,,武汉有机控股有限公司是一家主要从事生产甲苯衍生品业务的控股公司。该公司主要通过有机合成工序生产甲苯氧化和氯化产品、苯甲酸氨化产品及其他化工产品。该公司的产品用于食品防腐剂、家用化学品、动物饲料酸化剂以及农业化学及医药用途的合成中间体。该公司的产品销往多个国家和地区。,,非H股内地民营企业,
2889.HK,,博泰车联网科技(上海)股份有限公司是一家主要提供智能座舱解决方案的中国公司。该公司为原始设备制造商（OEM）及一级供应商客户提供全方位的智能座舱解决方案及网联服务。智能座舱解决方案包括域控制器、座舱组件和研发服务。网联服务包括用户支持服务（该服务协助OEM为车主提供辅助）及网联平台的平台维护服务。该公司其他业务包括车规级芯片销售。,,"港股通标的股票,深港通下的港股通标的股票,联交所指定卖空证券,H股内地民营企业,次新股[HK],H股",
2898.HK,,盛禾生物控股有限公司是一家主要从事生物技术的研发和生产的公司。该公司主要从事发现、开发和商业化生物制剂，透过直接调节先天性和适应性免疫系统来调节免疫微环境。该公司拥有三种核心产品，分别为IAH0968、IAP0971及IAE0972。IAH0968是一种抗体依赖性细胞介导的细胞毒性增强型单株抗体，IAP0971及IAE0972均为抗体细胞激素。,,"非H股内地民营企业,生物科技公司（18A）",
3200.HK,,深圳市大族数控科技股份有限公司的主营业务是PCB专用设备的研发、生产和销售。公司的主要产品是普通多层板、高多层板、HDI板、IC封装基板、挠性板、刚挠结合板、超高精度CCD机械钻孔机、新一代新型激光加工设备、能量实时监控CO2激光钻孔机、第三代定位系统机械钻孔机、大点数高精四线测试机。公司是国家级高新技术企业、广东省PCB专用设备工程技术研究中心、广东省工业设计中心及深圳市知名品牌，获批设立“深圳市博士后创新实践基地”，也是宝安区“引才伯乐奖”优秀用人单位，荣登深圳企业专利创新实力百强榜。公司PCB机械成型机产品（R6AHP）、UV激光钻孔机产品（UVDRILLERL650）获得广东省高新技术企业协会颁发的“广东省名优高新技术产品”，机械钻孔设备（HANS-F6MH）、PCB激光钻孔设备UVDRILLERL650BS、激光成型设备（HRD400A）入选深圳市创新产品推广应用目录，“封装基板新型激光微加工装备的研发及产业化项目”已通过深圳市发展和改革委员会2024年第四批战略性新兴产业扶持计划项目的验收。,,"深港通下的港股通标的股票,港股通标的股票,H股,次新股[HK]",
3268.HK,,美格智能技术股份有限公司的主营业务是以智能模组为核心的无线通信模组和泛物联网、智能网联车、无线宽带行业解决方案业务。公司的主要产品是无线通信模组、以模组技术为核心的行业解决方案。,,"H股内地民营企业,港股通标的股票,深港通下的港股通标的股票,次新股[HK],H股",
3277.HK,,"长春长光辰芯微电子股份有限公司成立于2012年9月3日。公司是CMOS图像传感器(‘CIS’)提供商。自成立以来,公司一直专注于CIS的研发,公司提供的九大产品系列,广泛适用于工业成像、科学成像、专业影像和医疗成像等先进技术领域。于往绩记录期间,公司主要为工业成像及科学成像行业的下游客户设计及销售CIS,且公司以无晶圆厂模式营运。公司的产品在提高工业相机、科学相机、专业电影摄影机和其他成像设备的性能和成像质量方面发挥着至关重要的作用。例如,就工业成像应用而言,公司的CIS用于制造的检测过程,如锂电池制造中的对准误差检测,而公司的CIS用于科学成像应用时,则用于DNA序列成像、共聚焦显微镜以及萤光相机。根据弗若斯特沙利文的资料,就2024年的工业成像收入而言,公司在全球CIS公司中排名第三,占15.2%的全球市场份额。此外,就2024年的科学成像收入而言,公司在全球CIS公司中排名第三,占16.3%的全球市场份额。工业成像及科学成像CIS市场由少数国际及地区领导者主导。按2024年收入计,工业成像及科学成像CIS市场分别约占全球CIS市场的2.1%及0.8%。",,"H股内地民营企业,H股,次新股[HK]",
3288.HK,,佛山市海天调味食品股份有限公司的主营业务是调味品的生产与销售。公司的主要产品是酱油、蚝油、调味酱、食醋、料酒、复合调味料。公司是首批荣获中国商务部“中华老字号”认定。,,"联交所指定卖空证券,港股通标的股票,深港通下的港股通标的股票,次新股[HK],H股内地民营企业,H股",
3296.HK,,华勤技术股份有限公司的主营业务是智能硬件产品的研发设计、生产制造和运营服务。公司的主要产品是智能手机、平板电脑及智能穿戴产品、个人电脑产品、数据中心产品、AIoT产品、汽车电子产品、机器人产品。,,"机器人概念[HK],华为概念[HK],抖音概念(字节概念)[HK],医疗美容器械[HK],腾讯概念[HK],阿里巴巴概念[HK],无人驾驶[HK],芯片替代[HK],H股,H股内地民营企业,次新股[HK]",
3317.HK,,"深圳迅策科技股份有限公司成立于2016年4月1日，公司是中国著名实时数据基础设施及分析解决方案供应商。公司为全行业企业提供涵盖数据基础设施及数据分析的实时信息技术解决方案,战略重点是资产管理人。公司的系统整合服务提升公司的解决方案,确保在客户的自主管理云端环境或本地计算系统中无缝部署。",,"港股成交额前100[HK],深港通下的港股通标的股票,港股通标的股票,次新股[HK],H股",
3355.HK,,"深圳市飞速创新技术股份有限公司成立于2009年4月9日。根据弗若斯特沙利文的资料,以2024年的收入计,公司是全球第二大线上DTC网络解决方案提供商,市场份额为6.9%。公司的网络解决方案使全球企业能够实现高效的数字化转型。通过公司的线上销售平台FS.com,公司提供可扩展、具成本效益及一站式网络解决方案。公司的解决方案范围包括高性能网络设备、可扩展网络设备操作系统及云网络管理平台。公司的解决方案支援场景包括高性能计算、数据中心、企业网络和电信网络,凭藉以平台为核心,线上赋能的方式,满足全球客户对企业级高性能网络解决方案及基础性能网络解决方案的需求。",,"次新股[HK],H股内地民营企业,H股",
3378.HK,,"翰思艾泰生物医药科技(武汉)股份有限公司成立于2014年12月19日。公司是一家拥有结构生物学、转化医学及临床开发方面自主专业技术及经验的创新生物科技公司,旨在开发新一代免疫疗法。免疫在人体生理机能以及许多人体疾病发病机理(尤其是癌症及自身免疫╱发炎性疾病)的几乎所有方面都起着关键作用。作为这些疾病治疗的一部分,对免疫过程的干预最近被证明是明显有效的,其潜在的治疗机制肿瘤免疫疗法(尤其是免疫检查点抑制剂)通过增强免疫系统,彻底改变癌症治疗模式。肿瘤免疫疗法是一种前景广阔且不断发展的癌症疗法,能够提供比传统疗法更具靶向性且具有潜在长期益处的治疗选项。公司一直在探索专注于免疫检查点抑制剂的治疗机制,公司相信这是克服科学及临床障碍,并提供新有效药物的基础。",,"H股,次新股[HK],生物科技公司（18A）",
3625.HK,,"上海傅里叶半导体股份有限公司成立于2016年5月17日，公司是功放音频芯片及触觉反馈芯片的中国供应商。公司在无晶圆业务模式下专注于设计低功率音频芯片、中大功率音频芯片及触觉反馈芯片,为新兴应用场景提供广泛的解决方案。根据弗若斯特沙利文报告:按2024年用于智慧屏的功放音频芯片总出货量计算,公司在中国功放音频芯片供应商中排名第一;按2024年功放音频芯片总出货量计算,公司在中国功放音频芯片供应商中排名第二,在全球功放音频芯片供应商中排名第三;及按2024年触觉反馈芯片总出货量计算,公司在中国触觉反馈芯片供应商中排名第四。",,"次新股[HK],H股,H股内地民营企业,特专科技公司（18C）",
3636.HK,,云南金浔资源股份有限公司的主营业务是铜、钴系列产品的研发、生产与销售。公司的主要产品是有色金属湿法冶炼、选矿及资源综合回收利用、有色金属矿产贸易及服务。金浔资源于2026年2月获得云南省专精特新中小企业认定。,,"次新股[HK],H股内地民营企业,H股",
3677.HK,,江苏正力新能电池技术股份有限公司是一家主要从事动力电池产品、储能电池产品和航空电池产品的研发、生产及销售的中国公司。该公司提供电芯、模组、电池包、电池簇、电池管理系统的一体化方案。该公司的储能系统和船舶动力电池产品主要为磷酸铁锂（LFP）电池产品，航空电池产品主要为高镍半固态锂离子电池产品。该公司的车用动力电池可覆盖纯电动汽车（BEV）、插电式混合动力汽车（PHEV）、增程式电动汽车（EREV）及混合动力汽车（HEV）等多动力类型汽车电池。该公司主要在中国国内市场开展业务。,,"港股通标的股票,深港通下的港股通标的股票,联交所指定卖空证券,H股,H股内地民营企业",
3696.HK,,"英矽智能有限公司成立于2018年11月19日，公司于2014年成立,为一家信誉卓着、业务遍布全球的AI驱动药物发现及开发公司。截至最后实际可行日期,公司已透过自主开发的生成式人工智能平台Pharma.AI产生逾20项临床或IND申报阶段的资产,其中三项资产已授权予国际制药及医疗保健公司,合约总价值最高为21亿美元,包括最高为110.0百万美元的预付款项总额以及最高为19亿美元的里程碑付款,以及一项处于自主开发阶段的II期资产,在业界中处于相对较为先进的阶段。",,"深港通下的港股通标的股票,港股通标的股票,联交所指定卖空证券,次新股[HK]",
3750.HK,,宁德时代新能源科技股份有限公司的主营业务是动力电池、储能电池的研发、生产、销售。公司的主要产品是动力电池系统、储能电池系统、电池材料、回收及矿产资源。,,"深港通下的港股通标的股票,港股通标的股票,港股成交额前100[HK],次新股[HK],H股内地民营企业,联交所指定卖空证券,H股",
3858.HK,,佳鑫国际资源投资有限公司是一家主要从事钨矿开采业务的投资控股公司。该公司主要从事钨矿的勘探、开发及开采。,,"港股通标的股票,深港通下的港股通标的股票,联交所指定卖空证券,次新股[HK],港股无面值公司",
3880.HK,,泰德医药(浙江)股份有限公司是一家主要从事多肽的合约研究、开发和生产的中国公司。该公司主要提供合约研究机构（CRO）服务，即多肽新化学实体（NCE）发现合成、合约开发及生产机构（CDMO）服务即多肽化学、制造及控制（CMC）开发以及商业化生产。该公司的服务主要专注于向客户提供活性药物成分（APIs），而非药品。该公司也为客户提供多肽类药物开发、生产、CMC申报支持服务。该公司主要在国内市场和海外市场开展业务。,,"次新股[HK],H股内地民营企业,H股",
3881.HK,,"希迪智驾科技股份有限公司成立于2017年10月16日。公司是中国商用车智能驾驶产品及解决方案领域以产品驱动的创新型供应商。公司专注于研发用于采矿及物流的封闭环境自动驾驶卡车、V2X(车联网)技术及智能感知解决方案,并提供以专有技术为基础的产品及解决方案,于往绩记录期间主要专注于封闭环境中的智能驾驶。",,"深港通下的港股通标的股票,港股通标的股票,H股,次新股[HK],特专科技公司（18C）",
3887.HK,,"HashKey Holdings Limited成立于2019年1月2日，公司提供一个持牌数字资产平台以提供(i)交易促成服务、(ii)链上服务及(iii)资产管理服务。公司的平台具备发行和流通代币化现实世界资产的能力,并已推出HashKey链-一个可扩展且具互操作性的Layer2基础架构,专为支持链上迁移而设计。",,"次新股[HK],非H股内地民营企业",
3986.HK,,兆易创新科技集团股份有限公司的主营业务是存储器、微控制器、传感器和模拟芯片的研发、技术支持和销售。公司的主要产品是专用型存储器产品、微控制器产品、传感器产品、模拟产品。公司GD55LX02GE系列车规级SPINORFlash以出色的产品性能与可靠的产品质量，获得“2025汽车电子金芯奖卓越产品奖”。报告期内，公司基于24nm制程的GD5F1GM9（QSPINANDFlash）获得第二十届“中国芯”之“优秀技术创新产品”奖。,,"H股内地民营企业,深港通下的港股通标的股票,港股通标的股票,港股成交额前100[HK],次新股[HK],H股",
6031.HK,,三一重工股份有限公司的主营业务是工程机械的研发、制造、销售和服务。公司的主要产品是混凝土机械、挖掘机械、起重机械、桩工机械、路面机械。公司每年将销售收入的5%以上投入研发，形成集群化的研发创新平台体系，拥有2个国家级企业技术中心、1个国家级企业技术分中心、3个国家级博士后科研工作站、3个院士专家工作站、4个省级企业技术中心、1个国家认可试验检测中心、2个省级重点实验室、4个省级工程技术中心、1个机械行业工程技术研究中心和1个省级工业设计中心。,,"联交所指定卖空证券,港股通标的股票,深港通下的港股通标的股票,次新股[HK],H股内地民营企业,H股",
6082.HK,,"上海壁仞科技股份有限公司成立于2019年9月9日,公司开发GPGPU芯片及基于GPGPU的智能计算解决方案,为AI提供所需的基础计算能力。通过整合自主研发的基于GPGPU的硬件及专有的BIRENSUPA软件平台,公司的解决方案支持从云端到边缘的广泛应用中AI模型的训练及推理。特别是,公司基于GPGPU的解决方案在大语言模型(‘LLMs’)的预训练、后训练及推理方面的强大性能与高效能,拥有高技术壁垒,使公司在国内竞争中具有关键优势。公司的技术是支撑AI发展、推动AGI进步的重要基础设施,能够满足各行业日益增长的计算需求,从而助力生产力提升、创新与转型。",,"联交所指定卖空证券,H股,次新股[HK],特专科技公司（18C）",
6086.HK,,方舟云康控股有限公司是一家主要提供线上慢性疾病管理服务的投资控股公司。该公司的主要透过三个分部开展业务。综合医疗服务分部主要提供覆诊、电子处方服务和药品及配送到家服务。线上零售药店服务分部主要提供保健品及配送到家服务、处方验证或电子处方服务。定制化内容及营销解决方案分部主要提供学术社区服务和医聊服务搜索引擎优化、提供医学调查和分销商数据直连服务等。,,"互联网医疗[HK],联交所指定卖空证券,非H股内地民营企业,港股VIE架构公司",
6090.HK,,不同集团是一家主要从事设计、研发、生产及销售育儿产品的中国公司。该公司的主要产品包括婴儿推车、儿童安全座椅、婴儿腰凳、婴儿床、婴儿睡袋、餐椅、餐具、湿巾及柔巾等。该公司的产品主要应用于出行场景、睡眠场景、喂养场景等。该公司以“BeBeBus”品牌销售其产品。该公司主要在中国国内市场开展业务。,,"港股通标的股票,深港通下的港股通标的股票,联交所指定卖空证券,非H股内地民营企业,次新股[HK]",
6166.HK,,上海剑桥科技股份有限公司的主营业务是电信、数通、企业网络与家庭网络领域通信连接的终端设备（包括电信宽带、无线网络与边缘计算）以及高速光模块产品的研发、生产与销售。公司的主要产品是高速光模块、电信宽带、无线网络与边缘计算。,,"深港通下的港股通标的股票,港股通标的股票,港股成交额前100[HK],次新股[HK],H股",
6168.HK,,周六福珠宝股份有限公司是一家主要提供各类珠宝产品的中国公司。该公司提供多种黄金珠宝，其产品系列包括“玺古金”、“粹”、“龙鳞凤羽”、“无极金”、“生肖系列” 、“颐和仙境”等。该公司还提供多种钻石镶嵌珠宝及其他产品，包括“一心一爱”和“Z势力”系列。该公司亦有专为线上销售渠道而设的产品系列，包括安妮的花园及甜心黄金珠宝系列。该公司主要在中国国内和海外市场开展业务。,,"联交所指定卖空证券,深港通下的港股通标的股票,港股通标的股票,次新股[HK],H股,H股内地民营企业",
6181.HK,,老铺黄金股份有限公司是壹家从事研发、制作和销售黄金饰品的中国公司。该公司提供商品制作和保养维修服务。该公司黄金产品主要包括足金黄金产品和足金镶嵌产品（足金镶嵌钻石或其他宝石）。足金黄金产品是以壹系列古法手工技艺制作的黄金产品，包括吊坠、手镯、戒指及耳钉等日常佩戴的配饰，以及把玩、日用金器和摆件金器等克重较大的珠宝。足金镶嵌产品是钻石或其他宝石（如有色宝石）镶嵌于足金镶托中。该公司主要在中国市场开展业务。,,"港股成交额前100[HK],零售股[HK],黄金[HK],知名公司[HK],联交所指定卖空证券,港股通标的股票,深港通下的港股通标的股票,H股,H股内地民营企业",
6600.HK,,"卧安机器人(深圳)股份有限公司成立于2018年10月18日。公司是家庭机器人系统的全球提供商,主要市场包括日本、欧洲及北美,并致力于构建以智慧家庭机器人产品为核心的生态系统。根据弗若斯特沙利文报告,公司为全球领先的家庭机器人系统提供商,提供专为多种家庭生活场景设计的广泛家庭机器人品类。公司的产品主要包括(i)增强型执行机器人,包括灵活型技巧机器人(如门锁机器人、窗帘机器人及手指机器人)、增强型移动机器人(如多功能家用机器人)以及运动机器人;(ii)感知与决策系统,包括智能中枢、智能传感器及智能摄像头;及(iii)其他智能家庭产品与服务,如照明及电动工具及智能家电。公司以技术研发和产品创新为驱动核心,发挥集研发、生产及销售于一体的产业链优势,持续加强家庭机器人技术在广泛的家庭生活场景(覆盖智能操控、家务劳动、智慧管家、养老护理、安全防护及能源管理)的应用及深耕,并不断提升家庭场景覆盖纵深及机器人智能自主学习和决策能力,为用户提供完整丰富的智能家庭生活生态系统。",,"深港通下的港股通标的股票,港股通标的股票,H股,H股内地民营企业,次新股[HK]",
6603.HK,,IFBH Limited是一家即食饮料和食品公司。该公司的产品组合以两个源自泰国的品牌为中心：其旗舰品牌“if”和“Innococo”。该公司的“if”品牌专注于提供天然健康的泰国饮料和食品，其理念迎合不同消费者的口味；而“Innococo”品牌则致力于提供比传统运动和功能性饮料更健康的替代品。“if”和“Innococo”品牌下的产品组合包含叁大类：天然椰子水相关饮料、其他饮料和植物基零食。该公司主要在中国大陆和香港的椰子水相关饮料市场运营，并在新加坡、台湾和其他全球市场开展业务。,,"联交所指定卖空证券,港股通标的股票,深港通下的港股通标的股票,次新股[HK],港股无面值公司",
6613.HK,,蓝思科技股份有限公司的主营业务是智能手机与电脑、智能汽车及座舱、智能头显与智能穿戴、人形机器人等智能终端的结构件、功能模组、整机组装等配套服务的研发、生产和销售。公司的主要产品是智能手机和电脑、折叠屏手机、AI眼镜、智能座舱、超薄夹胶多功能车窗玻璃、具身智能业务、AI服务器业务、商业航天业务。,,"联交所指定卖空证券,港股通标的股票,深港通下的港股通标的股票,H股内地民营企业,H股,次新股[HK]",
6636.HK,,"山东极视角科技股份有限公司成立于2015年6月15日。公司是中国AI计算机视觉解决方案提供商,为各行各业的企业提供端到端解决方案开发、部署及管理服务。此外,公司在提供具有商业可行性的大模型解决方案以赋能企业进行数字化转型方面已成功实现扩张。根据弗若斯特沙利文的资料,按2024年的收入计,公司于中国新兴计算机视觉解决方案市场中排名第八。计算机视觉解决方案(作为AI解决方案的重要分支)是一种模拟人类视觉系统,能使计算机从图像或视频中提取信息,并基于该信息进行分析、决策及交互的技术解决方案。大模型解决方案是指基于大模型功能构建的应用,以及相关配套服务。随着AI解决方案的快速发展,公司计划利用公司高效及包容性的AI技术,结合公司深厚的行业专业知识,加速企业智能转型,并推动企业全行业升级。",,"H股,次新股[HK],特专科技公司（18C）",
6651.HK,,"北京五一视界数字孪生科技股份有限公司成立于2015年2月16日。公司为一家在中国的数字孪生科技公司。公司已围绕3D图形、模拟仿真及人工智能三大领域的技术发展核心竞争力。公司于2015年2月成立。基于信息数据量的显著增长以及信息载体的迅速进步,公司的创始人观察到实时3D将成为继文本、图像及视像后最有效的信息交互方式,亦为信息时代发展的必然结果。当时,实时3D主要用于游戏领域,目的是使用户沉浸于一种虚拟世界的娱乐交互中。鉴于科技不断进步及日益关注行业应用,公司已选择将实时3D功能的范围扩展至更广阔的应用领域中。凭藉公司对行业的敏锐判断及深刻理解,公司认为创建一个数字孪生地球可拆解为五类要素(即建筑、道路、植被、水域及地形)及五个阶段(即静态世界、动态世界、半模拟世界、全模拟仿真世界及数字孪生世界)。",,"深港通下的港股通标的股票,港股通标的股票,H股,次新股[HK],特专科技公司（18C）",
6656.HK,,"思格新能源(上海)股份有限公司成立于2022年5月24日。公司是分布式储能系统(DESS)解决方案领域的全球领先者。公司认为,分布式储能系统-一款全球各地数千万家庭和企业用于太阳能发电、储能和充电的产品-其特点是融合AI和先进的软件技术,且提供更智能、更安全和可拓展的能源解决方案。公司在战略上专注于可堆叠分布式光储一体机解决方案市场,这一细分市场于2024年约占储能系统市场的0.7%。据弗若斯特沙利文报告,于成立两年后,按产品出货量计,公司已成为全球排名第一的可堆叠分布式光储一体机解决方案提供商,2024年的市场份额达28.6%,占同期分布式储能系统市场的0.6%及储能系统市场的0.2%。",,"港股成交额前100[HK],H股,H股内地民营企业,次新股[HK]",
6657.HK,,百望股份有限公司是一家主要从事提供企业数字化解决方案的中国公司。该公司主要从事为财税合规管理提供云端软件即服务（SaaS）解决方案及本地部署解决方案、数据驱动的分析服务以及满足其他企业需求。云化财税数字化解决方案主要包括票据合规管理解决方案、财税管理解决方案和供应链协同解决方案。数据驱动的分析服务包括数字精准营销服务和风险管理服务。本地部署财税数字化解决方案通过专有软件产品提供服务。,,"联交所指定卖空证券,H股,H股内地民营企业",
6676.HK,,找钢网集团是一家主要从事运营三方钢铁交易数字化平台的公司。该公司通过连接钢铁交易行业的主要参与者，提供涵盖钢铁交易全价值链的一站式企业对企业（B2B）综合服务，包括线上钢铁交易、物流、仓储及加工、软件即服务（SaaS）产品及大数据分析。该公司的业务已涵盖钢铁、电子、工控等多个行业。该公司主要在国内外市场开展其业务。,,"联交所指定卖空证券,非H股内地民营企业,同股不同权公司,港股VIE架构公司",
6681.HK,,脑动极光医疗科技有限公司是一家主要从事提供认知障碍数字疗法（DTx）集成软件解决方案的投资控股公司。该公司的主营业务是从事向医院提供系统集成软件解决方案，使医院能够对其认知障碍患者进行测评和干预。该公司还从事提供研究项目服务以及技术和运营支持服务。该公司的主要产品是脑功能信息管理平台软件系统，该系统能够对由血管疾病、神经退行性疾病、精神疾病和儿童发育缺陷等引起的各类认知障碍进行临床测评及干预。该公司主要在国内市场开展业务。,,"深港通下的港股通标的股票,港股通标的股票,联交所指定卖空证券,非H股内地民营企业,生物科技公司（18A）",
6687.HK,,聚水潭集团股份有限公司是一家主要从事提供电商软件即服务（SaaS）企业资源规划系统（ERP）的控股公司。该公司的主营业务包括提供SaaS服务、销售支持设备、推广服务。该公司的产品包括电商SaaS ERP产品和其他电商运营SaaS产品。该公司的主要产品聚水潭ERP服务商家用户在主要电商平台上处理电商订单相关的核心需求。聚水潭ERP提供的主要功能包括订单管理系统（OMS）、仓储管理系统（WMS）、采购管理系统（PMS）及分销管理系统（DMS）等。该公司主要在中国国内市场开展业务。,,"港股通标的股票,深港通下的港股通标的股票,非H股内地民营企业,次新股[HK]",
6693.HK,,赤峰吉隆黄金矿业集团股份有限公司的主营业务是黄金的开采、选矿及销售。公司的主要产品是合质金、锌精粉、铅精粉（含银）、铜精粉（含银）、钼精粉。,,"联交所指定卖空证券,深港通下的港股通标的股票,港股通标的股票,H股,H股内地民营企业",
6809.HK,,"澜起科技股份有限公司的主营业务是为云计算及AI基础设施提供创新、可靠及高能效的互连解决方案。公司的主要产品是互连类芯片。报告期内公司荣获“2025年福布斯中国创新力企业50强”,“《财富》中国科技50强”。我们首度入选上证50指数成分股，资本市场关注度显著提升。",,"港股通标的股票,深港通下的港股通标的股票,港股成交额前100[HK],次新股[HK],H股,H股内地民营企业",
6810.HK,,"上海商米科技集团股份有限公司成立于2013年12月11日,公司是全球领先的商业物联网(BIoT)解决方案提供商。公司的颠覆性解决方案集成了智能硬件、软件及数据洞察,赋能众多线下商业场景实现数字化转型,提升核心商业运营流程(如支付、会员管理、订单履约、存货控制及员工管理)效率。",,"H股内地民营企业,次新股[HK],H股,同股不同权公司",
6831.HK,,绿茶集团有限公司是一家主要从事休闲中式餐厅运营的投资控股公司。该公司经营绿茶餐厅。该公司提供的菜品主要包括招牌菜、前菜、汤羹、主菜、素菜、甜品及饮品，如招牌粉丝裹虾、东坡仔排、绿茶烤肉、石锅鸡汤豆腐和面包诱惑。该公司还从事外卖业务和其他业务。其他业务主要包括手机充电服务、销售食用油、调料及礼盒等产品及泊车服务。该公司主要在中国国内市场经营其业务。,,"联交所指定卖空证券,非H股内地民营企业",
6871.HK,,"浙江翼菲智能科技股份有限公司成立于2012年6月26日。公司是中国一家工业机器人科技企业,专注于工业机器人的设计、研发、制造及商业化,并提供综合机器人解决方案,深耕轻工业应用场景。凭藉自主研发的机器人本体、控制及视觉系统和制造工艺,公司已建立全覆盖技术生态体系,实现规模化智能决策、环境感知、精确操控及自主移动。",,"港股成交额前100[HK],H股,次新股[HK],特专科技公司（18C）",
6883.HK,,颖通控股有限公司是一家主要从事香水经销业务的投资控股公司。该公司主要经销从第三方品牌授权商采购的香水产品，以及彩妆、护肤品、个人护理产品、眼镜及家居香氛。该公司还从事品牌授权商市场部署业务，例如品牌管理、设计并执行客制化的市场进入和扩张计划。,,"次新股[HK],非H股内地民营企业",
6887.HK,,广东东阳光药业股份有限公司是一家主要从事药物的研发、生产和商业化的中国公司。该公司专注于创新药，亦涉及改良型新药、仿制药和生物类似药。该公司的抗感染产品包括可威（磷酸奥司他韦），用于治疗流行性感冒（特别是甲型及乙型流行性感冒病毒），东卫恩（磷酸依米他韦），用于治疗丙型肝炎，及主要用于治疗敏感细菌引起的感染的仿制药，即克拉霉素、左氧氟沙星及盐酸莫西沙星。该公司的慢病治疗药物主要专注于治疗糖尿病、高尿酸血症、高血压及胃酸相关疾病，包括胰岛素产品及仿制药。该公司还关注肿瘤治疗领域。,,"联交所指定卖空证券,次新股[HK],H股,H股内地民营企业",
6936.HK,,顺丰控股股份有限公司的主营业务是综合性快递物流服务。公司的主要产品是时效快递、经济快递、快运、冷运及医药、同城即时配送、国际快递、国际货运及代理、供应链。公司以AI与运筹技术应用为核心的智慧物流网络规划与运营系列项目，先后荣获弗兰兹·厄德曼全球决赛奖(FinalistAward)、中国计算机学会(CCF)科技成果奖、德国红点设计大奖(RedDotDesignAward)等国内外重要荣誉。,,"无人驾驶[HK],机器人概念[HK],联交所指定卖空证券,深港通下的港股通标的股票,港股通标的股票,物流[HK],H股内地民营企业,智能物流[HK],H股",
6938.HK,,"苏州瑞博生物技术股份有限公司成立于2007年01月18日,公司是一家从事小核酸药物研究和开发,尤其专注于siRNA疗法的生物制药公司。公司启程于2007年,是该领域的开拓者之一，使命是率先开发新疗法,以彻底改变亟需解决的疾病治疗方式,这些疾病包括心血管、代谢类、肾脏和肝脏疾病。通过不懈努力,公司旨在重新定义患者治疗并改善深受这些衰弱性疾病影响的数百万人的生活。",,"H股,次新股[HK],生物科技公司（18A）",
6959.HK,,长久股份有限公司是一家主要提供质押车辆监控服务及汽车经销商运营管理服务的公司。该公司经营两个分部。质押车辆监控服务分部主要向就汽车经销商购买汽车而向其提供有质押融资的金融机构及从事质押车业务的汽车经销商提供质押车辆监控服务。汽车经销商运营管理服务分部为汽车经销商提供运营指导、数据系统及管理解决方案。该公司主要在中国市场开展业务。,,非H股内地民营企业,
6960.HK,,双登集团股份有限公司是一家主要从事设计、研发、制造和销售储能电池及系统的中国公司。该公司的主要产品包括锂离子电池和铅酸电池。该公司的锂离子电池主要为磷酸铁锂电池，其产品线包括软包电池及方形铝壳电池。该公司的铅酸电池包括吸水玻璃垫电池、胶体电池及铅碳电池。该公司的产品主要应用于通信基站、数据中心及能源储存环境。该公司主要在中国国内和海外市场开展业务。,,"联交所指定卖空证券,H股内地民营企业,次新股[HK],H股",
6980.HK,,"八马茶业股份有限公司于1997年7月28日在中国成立的有限责任公司,并于2014年9月10日转换为股份有限公司。公司是2024年中国最大的高端茶叶供应商、2024年高端中国茶领域销量第一名、中国知名茶品牌。按截至2024年12月31日茶叶连锁专卖店数量计,公司在中国茶叶供应商中排名第一;按2024年销售收入计,公司在中国高端茶叶市场排名第一,同时在中国乌龙茶和红茶市场亦排名第一;截至2024年,公司的(i)铁观音销量连续10余年位居全国第一,(ii)武夷岩茶销量连续5年位居全国第一,及(iii)红茶销量连续4年位居全国第一。根据Chnbrand发布的2024年中国顾客满意度指数报告,公司‘八马’品牌在中国连锁茶叶品牌中的品牌知名度排名首位。公司借助遍布全国的线下门店网络和全方位的线上销售平台为消费者提供高品质中国好茶,产品覆盖乌龙茶、黑茶、红茶、绿茶、白茶、黄茶等全品类茶叶及茶具、茶食、茶饮等非茶叶产品。",,"H股,次新股[HK]",
7489.HK,,"岚图汽车科技股份有限公司成立于2021年06月26日。公司是东风公司(中国最大的中央国有汽车集团之一)旗下的高端智慧新能源汽车品牌。公司成立于2021年,公司的中文名称岚图,谐音‘蓝图’,象征着美好的规划和前景,寓意一张蓝图绘到底。公司充分整合东风公司56年的造车技术和优势资源,通过科技创新交付优质新能源汽车产品。公司主要于中国设计、开发、制造及销售新能源汽车。公司的业务处于新能源汽车市场中的高端领域。公司的目标人群定位于新时代中坚力量,产品主要覆盖人民币20万元至人民币50万元价格带。公司于2021年8月开始交付第一款车型岚图FREE,2024年4月累计生产的第10万辆车下线,2025年4月累计生产的第20万辆车下线,2025年11月累计生产的第30万辆车下线。根据灼识咨询的资料,公司是首个达成30万辆整车下线的央国企高端新能源汽车品牌。公司的销量位列中国高端新能源汽车行业前列。根据灼识咨询的资料,公司的销量在2022年至2024年期间复合年均增长率为103.2%,是增速第3快的中国高端新能源汽车品牌。公司的快速增长主要归功于公司相较于业内同行,公司仍处于发展的较早期阶段。于往绩记录期间,公司几乎所有的收入来自中国,其中岚图梦想家的销售额贡献了大部分收入。",,"次新股[HK],H股",
7618.HK,,"京东工业股份有限公司成立于2019年11月5日。公司是中国领先的工业供应链技术与服务提供商。通过践行变革性的工业供应链数智化转型,公司帮助客户实现保供、降本、增效及合规。公司通过‘太璞’这一‘数’(数智)、‘实’(商品)结合的全链路数智化工业供应链解决方案,提供广泛的工业品供应和数智化供应链服务,以满足客户的多样化需求。‘太璞’建立在公司端到端的供应链数智化基础设施之上,涵盖商品、采购、履约及运营。公司主要通过向客户销售工业品及提供相关服务获得收入。公司于2017年开始布局专注于MRO采购服务的供应链技术与服务业务。经过多年发展,公司已成为中国MRO采购服务市场的最大参与者,根据灼识咨询的资料显示,按2024年的交易额计,公司排名第一,规模为第二名的近三倍。根据同一资料显示,随着公司向更广阔的工业供应链市场扩展,按2024年的交易额计,公司亦为中国工业供应链技术与服务市场最大的服务提供商,市场份额达到4.1%。公司规模的持续增长充分证明了公司业务模式的高效性。自2022年至2024年,公司的持续经营业务收入由约人民币141亿元增至人民币204亿元,复合年增长率为20.1%。",,"港股通标的股票,深港通下的港股通标的股票,联交所指定卖空证券,次新股[HK],非H股内地民营企业,港股VIE架构公司",
7630.HK,,"南京英派药业股份有限公司成立于2009年6月10日，是一家处于商业化阶段的创新驱动型生物技术公司,致力于在全球范围内推进基于合成致死(synthetic lethality)机制的精准抗癌疗法,以重新定义癌症治疗标准。公司通过自主研发建立了最全面、最先进的合成致死产品组合之一,也是全球仅有的三家同时拥有商业化阶段的PARP1/2抑制剂和临床阶段新一代PARP1选择性抑制剂的公司之一。公司的核心产品塞纳帕利已在中国获批上市,作为卵巢癌一线维持疗法,适用于全人群(无论突变状态),并展现出同类最优的临床特征。通过整合小分子药物与新兴疗法(包括新一代抗体偶联药物(ADC)和蛋白降解剂)的自主研发平台,公司持续推动创新突破。迄今为止,公司已与多家全球领先的生物科技公司及中国药企建立合作,这充分体现了业界对公司管线与研发平台的认可。",,"H股,次新股[HK],生物科技公司（18A）",
7666.HK,,"剂泰科技(北京)股份有限公司成立于2020年1月10日。公司是人工智能纳米材料创新的领军者,致力于有效载荷(Payload)在各种生命体中的递送与应用,以AI纳米创新开启健康未来。NanoForge是公司专有的、协同整合的人工智能驱动纳米科技创新体系的基础,涵盖公司自主生成的庞大脂质库、人工智能基础模型、METiSAI智能体、量子化学与分子动力学模拟及人工智能驱动的高通量筛选平台。在此基础上,公司开发了三大专业的解决方案(即AiTEM、AiLNP及AiRNA平台),用以模拟、预测及阐释纳米级别的相互作用关系,从而实现对先进纳米材料及其相关有效载荷的合理设计、优化及验证。",,"港股成交额前100[HK],H股,次新股[HK],特专科技公司（18C）",
7688.HK,,"上海拓璞数控科技股份有限公司于2007年5月18日注册成立为有限公司。公司是中国一家专注于高端智能制造装备(主要为五轴计算机数字化控制(‘数控’)机床)的研发、设计、生产及销售的企业。公司专注于研发五轴数控机床,以满足中国航空航天领域对先进制造的需求。根据灼识咨询报告,于2025年,公司在中国航空航天五轴数控机床市场排名首位,市场份额达10.0%,而在中国五轴数控机床市场的所有供应商中排名第五且在国内供应商中排名第二,市场份额达3.9%。根据同一资料来源,五轴数控机床为基础工业制造设备,由于其超高精密度、效率及智能加工能力,跨行业的应用日益广泛。五轴数控机床的市场规模预计将从2025年的人民币129亿元增长至2030年的人民币319亿元,复合年增长率为19.8%。于往绩记录期间,公司已将市场版图拓展至通用行业领域,涵盖汽车、能源、医疗设备、造船、机床设备以及模具制造等行业。",,"H股内地民营企业,H股",
8529.HK,,优博控股有限公司是一间主要从事制造及销售后段半导体传输介质的投资控股公司。该公司通过两个分部运营。后段半导体传输介质分部从事制造及销售后段半导体传输介质产品，包括联合电子设备工程委员会托盘、载带及其他配件。微机电系统及传感器封装解决方案分部从事制造及销售微机电系统及传感器产品封装。,,非H股内地民营企业,
8549.HK,,金叶国际集团有限公司是一家主要从事机械及电气工程业务的投资控股公司。该公司主要从事供应、安装、保养及维修暖气、通风及冷气调节系统业务。该公司还从事供应、安装、保养及维修电力装置系统和给供水系统业务。此外，该公司还提供设计、安装、测试及维护保养的服务。,,"非H股内地民营企业,次新股[HK]",
8610.HK,,"BBSB International Limited成立于2025年5月30日。公司为一家于马来西亚拥有超过16年经验的土木工程承包商,专门为大型交通基础建设工程项目作为承包商提供桥梁工程服务。公司的桥梁工程服务主要涉及设计及建造整段或任何一段或多段横跨道路及河流的不同结构及跨度的大梁桥,以及建造与桥梁相关连接高速公路、道路和附属设施。公司承接的项目主要由马来西亚政府或政府关联公司启动或拥有,通常属于大型并涉及复杂大梁桥设计与结构的项目。于往绩记录期间,利用公司于马来西亚土木工程行业的声誉及经验,公司将土木工程服务范围战略扩展至包括防洪工程。此扩展乃由于桥梁工程与防洪工程于规划、岩土工程、结构设计、施工方法及环保合规等方面有共同的工程程序而促成。",,次新股[HK],
8629.HK,,广东集信国控检测认证技术服务中心股份有限公司是一家主要从事建设工程检测检验服务的中国公司。该公司主要提供包括地基基础检测服务、基础设施及公共道路检测服务、建筑材料检测服务以及建筑结构检测服务在内的建设工程检测服务。该公司亦提供包括边坡监测及基坑监测服务在内的建设工程检验服务。该公司还提供食品检测服务。该公司主要在国内市场经营其业务。,,H股,
8637.HK,,元续科技控股有限公司是一家总部位于新加坡的精密工程服务提供商。该公司专门为半导体和其他行业的国际公司提供精密加工和精密焊接服务。该公司的业务部门包括精密加工和精密焊接。精密加工部门从事从工件上去除材料以制造公差严格的零件和组件的加工过程。该公司销售经过精密加工工艺的零件，包括车削、铣削、磨削和钻孔等。精密焊接部门涉及以精确和受控的方式在工件上使用焊接设备和专门的焊接技术。该公司销售经过精密焊接工艺的零件，这些零件用于小零件、尺寸公差严格的零件或需要几乎看不见的线焊的零件。,,,
9606.HK,,映恩生物是一家主要从事临床阶段生物制药的投资控股公司。该公司致力于为癌症和自身免疫性疾病等患者研发抗体偶联药物（ADC）创新药物。该公司的主要候选药物产品包括DB-1303/BNT323、DB-1311/BNT324、DB-1310、DB-1305/BNT325、DB-1419和DB-2304。该公司的产品主要用于靶向治疗子宫内膜癌（EC）、乳腺癌（BC）、小细胞肺癌（SCLC）、去势抵抗性前列腺癌（CRPC）、食管鳞状细胞癌（ESCC）及头颈部鳞状细胞癌（HNSCC）。该公司主要在国内和国外市场开展业务。,,"港股通标的股票,深港通下的港股通标的股票,联交所指定卖空证券,非H股内地民营企业,生物科技公司（18A）",
9609.HK,,"河北海伟电子新材料科技股份有限公司成立于2006年9月6日，根据灼识咨询的资料,以2024年的电容器基膜销量计,公司是中国第二大的电容器薄膜制造商。公司的电容器薄膜产品主要包括(i)电容器基膜及(ii)金属化膜。该等产品为薄膜电容器的关键组成部分,而薄膜电容器以其出色的耐电压性、高频稳定性及长使用寿命而著称。薄膜电容器的终端应用场景广泛,包括(i)新能源汽车,(ii)新能源电力系统,(iii)工业设备及(iv)家用电器。",,"H股内地民营企业,H股,次新股[HK]",
9611.HK,,上海龙旗科技股份有限公司的主营业务是智能产品研发设计、生产制造、综合服务。公司的主要产品是智能手机、平板电脑、AIoT产品。2025年上海市百强企业、2025年上海民营企业百强、2025年上海制造业百强企业、2025年上海民营制造业企业百强、2025年上海新兴产业企业百强、2025年中国制造业企业500强、2025年电子信息竞争力百强企业。,,"港股通标的股票,深港通下的港股通标的股票,H股内地民营企业,次新股[HK],H股",
9639.HK,,荣利营造控股有限公司是一家主要从事土木工程业务的投资控股公司。该公司通过三个分部运营业务。土木工程分部主要从事地盘平整工程以及道路和渠务工程，例如钢结构安装和道路整改等。电缆工程分部主要从事电缆挖沟、铺设及接驳，混凝土浇筑工程、交通影响评估以及紧急及电缆故障维修等。太阳能光伏系统分部主要从事太阳能光伏系统工程的设计、安装及维护工程。该公司还从事其他业务包括材料销售及租赁机械。,,非H股内地民营企业,
9660.HK,,Horizon Robotics是一家主要提供乘用车高级辅助驾驶（ADAS）和高阶自动驾驶（AD）解决方案的投资控股公司。该公司主要通过两个分部开展业务。汽车解决方案分部主要从事产品解决方案以及授权及服务业务。该公司的解决方案主要包括Horizon Mono、Horizon Pilot、Horizon SuperDrive，以及乘用车的汽车舱内解决方案。非车解决方案分部使设备制造商能够设计和制造设备和器具，如割草机、健身镜及空气净化器。该公司主要在国内市场开展业务。,,"深港通下的港股通标的股票,港股通标的股票,港股成交额前100[HK],无人驾驶[HK],联交所指定卖空证券,非H股内地民营企业,港股VIE架构公司,同股不同权公司",
9678.HK,,云知声智能科技股份有限公司是一家专注于人工智能语音技术研发及应用的中国公司。在智能语音交互产品领域，该公司主要提供物联网语音交互产品及智能语音工具产品。在智慧物联网解决方案领域，该公司主要为酒店、社区、住宅、医院等特定场景提供智慧物联网整体解决方案。该公司还提供人工智能技术服务。该公司主要在中国国内和海外市场开展业务。,,"联交所指定卖空证券,智能医疗[HK],人工智能[HK],港股通标的股票,深港通下的港股通标的股票,次新股[HK],H股内地民营企业,H股",
9680.HK,,如祺出行科技有限公司是一家主要从事提供网约车服务业务的公司。该公司主要通过三个分部开展业务。出行服务业务分部主要从事提供网约车服务、无人驾驶共享出行车辆履行的网约车服务、顺风车服务及其他相关服务。技术服务业务分部主要从事提供技术服务。车队销售及维修业务分部主要从事销售车辆，提供维修保养服务以及其他相关服务。该公司主要在中国国内市场开展业务。,,"红筹股,港股VIE架构公司",
9879.HK,,米高集团控股有限公司是一家主要从事钾肥采购、制造、加工和销售业务的中国公司。该公司从事生产多种钾肥产品，包括氯化钾、硫酸钾、硝酸钾和复合肥。该公司产品广泛应用于农业领域，特别是农作物，主要客户包括大型农垦公司、国营烟草公司和农业综合服务公司。,,非H股内地民营企业,
9881.HK,,容大合众(厦门)科技集团股份公司是一家主要从事打印设备、衡器、销售点（POS）终端机及个人数字助理（PDA）的设计、研发、制造及营销的中国公司。该公司的打印设备包括票据打印机、条码标签打印机、便携式学习打印机、打印模组及其他打印机。该公司产品广泛应用于各行各业，包括零售、教育、餐饮、物流、仓储、制造、酒店、医疗及环境行业。该公司主要在中国国内和海外市场开展业务。,,"H股,H股内地民营企业,次新股[HK]",
9887.HK,,南京维立志博生物科技股份有限公司是一家主要从事发现、开发和商业化治疗肿瘤、自身免疫性疾病以及其他严重疾病的新疗法的中国公司。该公司的主要候选药物包括LBL-024、LBL-034、LBL-033、LBL-007等。该公司的LBL-024主要用于治疗肺外神经内分泌癌（EP-NEC）、小细胞肺癌（SCLC）、胆道癌（BTC）及非小细胞肺癌（NSCLC）、食管鳞状细胞癌（ESCC）、肝细胞癌（HCC）、胃癌（GC）及其他实体瘤。该公司还开发了专有技术平台，包括LeadsBody平台（CD3 T-cell engager平台）、X-body平台（4-1BB engager平台）以及其他几个双特异性抗体及融合蛋白平台。该公司主要在国内市场开展业务。,,"港股通标的股票,深港通下的港股通标的股票,联交所指定卖空证券,H股,次新股[HK],生物科技公司（18A）",
9903.HK,,"上海天数智芯半导体股份有限公司（简称“天数智芯”）成立于2015年12月29日，公司提供针对不同行业的通用GPU产品及AI算力解决方案。公司的产品组合主要包括通用GPU芯片及加速卡,以及定制AI算力解决方案(包括通用GPU服务器及集群),将公司的硬件与专有的软件栈结合,以满足客户在训练及推理场景中的特定需求。",,"联交所指定卖空证券,H股,次新股[HK]",
9927.HK,,赛力斯集团股份有限公司的主营业务是新能源汽车及核心三电等产品的研发、制造、销售及服务。公司的主要产品是新能源汽车、传统燃油车、其他。问界品牌继续入选中央广播电视总台2025“品牌强国工程”。,,"联交所指定卖空证券,深港通下的港股通标的股票,港股通标的股票,次新股[HK],H股,H股内地民营企业",
9973.HK,,奇瑞汽车股份有限公司是一家主要从事生产及销售乘用车、汽车组件及零部件的中国公司。该公司的乘用车产品组合包括燃油车（ICE）和新能源（NEVs）汽车。该公司还从事设计、开发和制造主要用于乘用车的发动机、传动系统和底盘。该公司的品牌包括“奇瑞”、“捷途”、“星途”、“iCAR”和“智界”。该公司主要在中国国内和海外市场开展业务。,,"港股通标的股票,深港通下的港股通标的股票,联交所指定卖空证券,次新股[HK],H股",
9980.HK,,东鹏饮料(集团)股份有限公司的主营业务是饮料的研发、生产及销售。公司的主要产品是能量饮料、电解质饮料、茶（类）饮料、咖啡（类）饮料、植物蛋白（类）饮料以及果蔬汁类饮料。,,"深港通下的港股通标的股票,港股通标的股票,次新股[HK],H股内地民营企业,H股",
9981.HK,,深圳市沃尔核材股份有限公司的主营业务是电子材料、通信线缆、电力、新能源汽车及风力发电五类业务。公司的主要产品是热缩管、双壁管、标识管、母排管。,,"深港通下的港股通标的股票,次新股[HK],港股通标的股票,H股内地民营企业,H股",
