code,name,listing_date,prospectus_date,offer_start_date,offer_end_date,pricing_date,allotment_date,board,offering_type,is_latest,offer_price_low,offer_price_high,issue_price,board_lot,market_cap_hkdm,offer_shares,public_offer_shares,placing_shares,gross_proceeds_hkd,net_proceeds_hkd,proceeds_currency,use_of_proceeds,public_subscription_multiple,international_subscription_multiple,valuation_metric,source_table
6871.HK,翼菲科技,2026-05-18,2026-05-08,2026-05-08,2026-05-13,2026-05-08,2026-05-15,主板,"发售以供认购,发售以供配售",是,,,30.5,100,3080.75,24600000,1230000,23370000,,,HKD,所得款项净额的约40.0%将于2026年至2030年用于公司机器人技术的开发;所得款项净额的约28.0%将用于2026年至2030年的生产基地及生产线建设或优化;所得款项净额的约12.0%将用于2026年至2030年发展海外业务网络;所得款项净额的约10.0%将用于2026年至2030年供应链上下游的投资;所得款项净额的约10.0%将用于2026年至2030年补充营运资金。,,,,首发信息一览
7630.HK,英派药业-B,2026-05-13,2026-05-05,2026-05-05,2026-05-08,2026-05-11,2026-05-12,主板,"发售以供认购,发售以供配售",是,19.75,21.75,,200,4393.88,41977000,4197800,37779200,,,HKD,约51%将用于为公司核心产品塞纳帕利正在进行及计划中的临床开发、监管批准以及商业化提供资金。约31%将用于为公司的关键产品IMP1734及IMP9064正在进行的临床开发提供资金。约8%将用于为公司其他管线资产、IMP1707、IMP7068、IMP22、IMP25、IMP08、IMP13及IMP10的研发活动提供资金。约8%将用于为公司研发平台的开发及扩大公司的药物管线提供资金。约2%将用于营运资金及其他一般公司用途。,,,,首发信息一览
7666.HK,剂泰科技-P,2026-05-13,2026-05-05,2026-05-05,2026-05-08,2026-05-05,2026-05-12,主板,"发售以供认购,发售以供配售",是,10.5,10.5,,500,5302.95,201229000,10061500,191167500,,,HKD,"约所得款项净额的约50.0%将用于支撑公司的人工智能基础设施及人工智能驱动纳米材料平台的核心技术研究、开发及推进;约所得款项净额的约20.0%将用于公司人工智能开发产品管线中正在进行及计划开展的临床试验,推动候选药物在多个治疗领域及治疗模式中的进展;约所得款项净额的约10.0%将用于开发公司的动物健康及抗衰解决方案,并将人工智能赋能的解决方案拓展至该等高增长领域;约所得款项净额的约10.0%将分配用于支持公司在全球构建人工智能驱动纳米材料生态系统的增长战略,原因是公司认为海外市场为公司的人工智能驱动纳米材料平台提供更大潜力;约所得款项净额的约10.0%将用作营运资金及其他一般企业用途。",,,,首发信息一览
1236.HK,乐动机器人,2026-05-11,2026-05-08,2026-04-30,2026-05-06,2026-05-07,2026-05-08,主板,"发售以供认购,发售以供配售",是,24.0,30.0,26.36,200,6060.51,33333400,3333400,30000000,878668424.0,806800000.0,HKD,"所得款项净额约45.0%将用于加强智能机器人视觉感知技术的研发,以实现人工智能功能算法结构的升级,优化公司的智能机器人视觉感知产品及智能机器人产品;所得款项净额约10.0%将分配用于品牌建设与国际拓展,以扩大海外客户群;所得款项净额约30.0%将分配用于优化生产能力及产能扩充,支持大规模出货量;所得款项净额约5.0%将分配用于探索潜在投资及收购机会,以增强公司的技术能力,实现海外规模化扩张;所得款项净额约10.0%将用作营运资金及一般公司用途。",6707.66,9.54,31.524974886317,首发信息一览
1187.HK,可孚医疗,2026-05-06,2026-05-05,2026-04-27,2026-04-30,2026-05-04,2026-05-05,主板,"发售以供认购,发售以供配售",是,,39.33,39.33,100,3972.67,27000000,2700000,24300000,1061910000.0,1007100000.0,HKD,"30.0%将用于全球拓展,30.0%将用于公司持续的产品研发及技术创新,包括公司的人工智能及物联网应用,20.0%将用于拓展公司的国内销售渠道及经销网络,10.0%将用于品牌推广及营销活动,10.0%将用于营运资金及一般公司用途。",399.08,3.4,35.763788833329,首发信息一览
1609.HK,天星医疗,2026-05-05,2026-05-04,2026-04-24,2026-04-29,2026-04-24,2026-05-04,主板,"发售以供认购,发售以供配售",是,98.5,98.5,98.5,50,4974.67,8421850,842200,7579650,829552225.0,758400000.0,HKD,"约30.0%将用于扩大公司的生产能力并提升生产效率,以便公司能够满足快速增长的市场需求。约35.0%将用于支持公司以患者为导向的产品策略的研发工作。约25.0%将用于商业化、销售及市场推广活动,以巩固公司在中国的领先地位并建立全球市场存在及品牌形象。约10.0%将用于营运资金及一般企业用途。",7823.13,10.41,34.706151261302,首发信息一览
6810.HK,商米科技-W,2026-04-29,2026-04-28,2026-04-21,2026-04-24,2026-04-21,2026-04-28,主板,"发售以供认购,发售以供配售",是,24.86,24.86,24.86,100,2511.07,42626800,4262700,38364100,1059702248.0,922000000.0,HKD,约40.0%用于为BIoT软硬件解决方案的研发提供资金;约30.0%用于拨付加强供应链及生产运营;约20.0%用于拨付实施全球市场扩张计划;约10.0%将用于营运资金及其他一般公司用途。,2003.16,7.91,27.027128473167,首发信息一览
2493.HK,迈威生物-B,2026-04-28,2026-04-27,2026-04-20,2026-04-23,2026-04-24,2026-04-27,主板,"发售以供认购,发售以供配售",是,27.64,30.71,27.64,200,6203.95,47130200,4713200,42417000,1302678728.0,1189000000.0,HKD,约56.8%将用于核心产品9MW2821针对多种适用症不同阶段的临床开发试验。约17.7%将用于针对具有大量临床需求的肿瘤和年龄相关疾病的其他管线产品的研发。约15.5%将用于商业化目的。约10.0%将用于营运资金及其他一般公司用途。,481.71,3.46,31.871108438028,首发信息一览
1879.HK,曦智科技-P,2026-04-28,2026-04-27,2026-04-20,2026-04-23,2026-04-24,2026-04-27,主板,"发售以供认购,发售以供配售",是,166.6,183.2,183.2,15,2775.71,13795215,689775,13105440,2527283388.0,2376900000.0,HKD,"约70.0%的所得款项净额将于未来五年用于研发工作,包括持续研发公司的光互连硬件及解决方案,以及光计算产品。约20.0%将用于公司的商业化工作。约10.0%所得款项净额将用于营运资金及一般企业用途。",5784.7,53.83,65.055709534067,首发信息一览
3296.HK,华勤技术,2026-04-23,2026-04-22,2026-04-15,2026-04-20,2026-04-21,2026-04-22,主板,"发售以供认购,发售以供配售",是,,77.7,77.7,100,7848.36,58548200,5854900,52693300,4549195140.0,4463100000.0,HKD,"约40.0%将用于以产品为核心的研发投入,增强技术实力。约35.0%将用于扩大及优化公司的制造体系。约15.0%将用于战略投资与垂直整合。约10.0%将用于营运资金及一般公司用途。",531.33,13.34,49.95900813347,首发信息一览
2476.HK,胜宏科技,2026-04-21,2026-04-22,2026-04-13,2026-04-16,2026-04-16,2026-04-20,主板,"发售以供认购,发售以供配售",是,,209.88,209.88,100,21199.67,83348000,8334800,75013200,23134547700.0,22879790000.0,HKD,"所得款项净额约74.0%,预期将用于扩展公司在中国内地的生产;所得款项净额约7.0%,预期将用于购买mSAP制造设备及其他机器的智能制造设备,以进一步多样化公司的产品组合,保持在先进PCB技术领域的竞争优势;所得款项净额约9.0%,预期将于五年期间用于研发活动。所得款项净额约10.0%,预期将用作营运资金及一般公司用途。",431.15,18.5,33.768835450368,首发信息一览
3277.HK,长光辰芯,2026-04-17,2026-05-08,2026-04-09,2026-04-14,2026-04-09,2026-04-16,主板,"发售以供认购,发售以供配售",是,39.88,39.88,39.88,100,4028.23,65294200,6529500,58764700,2994521404.0,2883400000.0,HKD,"约55.0%预计将用于增加公司的研发投资,以推动持续创新并支持公司在主要应用场景(即工业成像、科学成像、专业影像及医疗成像解决方案)的持续研发及产品迭代;约21.0%预计将用于建立一个先进的CMOS图像传感器研发中心;约4.0%预计用于扩展公司的封装及测试生产线;约10.0%预计用于通过战略性地域扩张,增强公司的海外运营;约10.0%预计用于营运资金及一般企业用途。",1138.21,22.69,43.479034696524,首发信息一览
0068.HK,群核科技,2026-04-17,2026-04-20,2026-04-09,2026-04-14,2026-04-15,2026-04-16,主板,"发售以供认购,发售以供配售",是,6.72,7.62,7.62,500,3848.43,160619000,16062000,144557000,1407501630.0,1266400000.0,HKD,所得款项净额约30.0%将用于实施公司的国际扩张策略;所得款项净额约20.0%将用于增强现有产品的功能;所得款项净额约20.0%将用于支持公司的国内销售及市场推广活动;所得款项净额约20.0%将用于投资公司的核心技术及基础设施;所得款项净额约10.0%将用作营运资金及一般企业用途。,1590.56,14.46,32.293016953735,首发信息一览
6656.HK,思格新能,2026-04-16,2026-04-15,2026-04-08,2026-04-13,2026-04-08,2026-04-15,主板,"发售以供认购,发售以供配售",是,324.2,324.2,324.2,100,32746.96,13573900,1357400,12216500,4400658380.0,4189900000.0,HKD,"约38.0%将用于进一步扩大公司的研发团队及提升公司的研发设备及技术;约32.0%将用于加强公司的营销及售后服务,以推动扩大公司的全球客户群和业务覆盖范围;约12.0%将用于扩张产能;约9.0%将用于多元化公司的产品组合及扩展公司的工商业光储充解决方案;约9.0%将用于营运资金及一般公司用途。",1102.05,31.2,49.813602413737,首发信息一览
0664.HK,铜师傅,2026-03-31,2026-04-30,2026-03-23,2026-03-26,2026-03-27,2026-03-30,主板,"发售以供认购,发售以供配售",是,60.0,68.0,60.0,100,6868.57,7406800,740700,6666100,444408000.0,390160000.0,HKD,"所得款项净额约38.0%分配用于提升公司的产品开发及设计能力,其乃公司增长策略的基础;所得款项净额约24.0%分配用于提升公司的内部产能及加强需求预测与制造产出的一致性,从而提高履约灵活性并支持长期产品供应;所得款项净额约24.0%分配用于扩大及加强公司的零售及营销基础设施,重点巩固公司在中国的直营店网络、加快国际化布局及增强公司的数字化营销和内容开发能力;所得款项净额约4.0%分配用于加强公司的数字化和信息基础设施;所得款项净额约10.0%将保留用于一般营运资金及运营灵活性。",59.55,1.47,6.7505535453907,首发信息一览
3625.HK,傅里叶,2026-03-31,2026-03-30,2026-03-23,2026-03-26,2026-03-27,2026-03-30,主板,"发售以供认购,发售以供配售",是,40.0,50.0,40.0,100,5050.43,12000000,600000,11400000,480000000.0,422700000.0,HKD,"所得款项净额约46.8%,将于未来五年用于建立一个新的研发中心,以提升公司功放音频芯片的研发能力及技术竞争力。所得款项净额约17.8%将用于采购自动测试设备及建设内部自动测试验证线,以及招聘供应链管理工程师。所得款项净额约17.3%将用于寻求策略性收购及合作,以加强公司的产业整合,并巩固公司在功放音频芯片行业的地位。所得款项净额约8.1%将用于产品的营销及销售。所得款项净额约10.0%将用作营运资金及其他一般企业用途。",3118.43,2.93,,首发信息一览
1021.HK,华沿机器人,2026-03-30,2026-04-26,2026-03-20,2026-03-25,2026-03-20,2026-03-27,主板,"发售以供认购,发售以供配售",是,17.0,17.0,17.0,200,3434.29,80785000,4039400,76745600,1808317200.0,1698870000.0,HKD,"所得款项净额约55.0%,将于未来五年用于提升公司的研发能力。所得款项净额约20.0%,将于未来五年用于海外业务发展,强化公司的市场领导地位,推进公司加强销售渠道和加快市场扩张步伐的商业策略。所得款项净额约15.0%,将于未来五年用于升级并扩建生产能力。所得款项净额约10.0%,将用于营运资金及一般企业用途。",5059.38,16.65,42.560329570498,首发信息一览
2726.HK,瀚天天成,2026-03-30,2026-03-27,2026-03-20,2026-03-25,2026-03-20,2026-03-27,主板,"发售以供认购,发售以供配售",是,76.26,76.26,76.26,50,3851.46,21492050,2149250,19342800,1638983733.0,1559500000.0,HKD,"所得款项净额的约71%,将用于在未来五年以严谨且审慎的方式扩大碳化硅外延晶片产能,以满足不断增长的市场需求；所得款项净额的约19%,将用于碳化硅外延晶片研发,以提升公司的技术能力并巩固公司的技术优势；所得款项净额的约10%,将用作营运资金及一般公司用途。",50.66,1.95,47.273014777383,首发信息一览
2526.HK,德适-B,2026-03-30,2026-03-27,2026-03-20,2026-03-25,2026-03-26,2026-03-27,主板,"发售以供认购,发售以供配售",是,95.6,112.5,99.0,50,5681.73,7999200,799950,7199250,791920800.0,719800000.0,HKD,约49.0%将分配至公司核心产品AI Auto Vision的研发及商业化。约10.0%将于上市后未来三年分配至公司其他医学影像软件候选产品及医疗器械的进一步研发。约20.0%将分配至加强公司的iMedImage基座模型及AI技术。约8.0%将分配至加强公司在中国的商业化能力及市场渗透。约5.0%将分配至透过聘请约两名初级当地销售代表、八名中级当地销售代表及九名资深当地销售代表扩大公司在全球市场的业务。约8.0%将分配至寻求医疗价值链中的上下游参与者的战略合作及投资机遇。,1073.37,3.45,,首发信息一览
6636.HK,极视角,2026-03-30,2026-03-27,2026-03-20,2026-03-25,2026-03-20,2026-03-27,主板,"发售以供认购,发售以供配售",是,40.0,40.0,40.0,50,2020.16,12480000,624000,11856000,499200000.0,434400000.0,HKD,约60.0%的所得款项净额预期将用于增强公司的研发能力;约30.0%的所得款项净额预期将用于提升公司的商业化能力;约10.0%的所得款项净额预期将用于营运资金及一般企业用途。,4591.37,3.41,9.4551282051282,首发信息一览
2729.HK,凯乐士科技,2026-03-24,2026-04-20,2026-03-16,2026-03-19,2026-03-20,2026-03-23,主板,"发售以供认购,发售以供配售",是,16.4,20.4,16.66,200,4121.15,36798000,3679800,33118200,613054680.0,555700000.0,HKD,"约24.5%未来六年内用于推进公司的核心机器人产品线(例如改善现有产品及开发新产品),以加强公司的市场地位、扩大公司的解决方案服务范围,并强化公司在场内物流机器人领域的领导地位。约20.5%将用于公司底层技术的研发(例如数字孪生技术、大模型技术及结合AI技术的机器人技术)及软件能力开发,以加强公司的技术能力并提升公司的产品性能,使公司能够为客户提供更智能高效的解决方案。约25.0%将用于扩大产能及提升制造能力(例如扩大制造能力及升级公司的生产系统)。约20.0%将用于支持公司的市场开发计划,包括有选择的海外业务扩张,旨在加强公司的品牌知名度及提升公司服务跨国客户的能力。约10.0%将用作营运资金及其他一般公司用途,以支持公司的日常营运及整体业务增长。",2153.26,3.37,,首发信息一览
2632.HK,泽景股份,2026-03-24,2026-03-23,2026-03-16,2026-03-19,2026-03-20,2026-03-23,主板,"发售以供认购,发售以供配售",是,42.0,48.0,44.2,50,2424.2,16226500,1622650,14603850,717211300.0,649670000.0,HKD,"预计所得款项净额的约46.7%将用于生产线扩展及自动化、智能化升级。预计所得款项净额的约32.4%将用于提升公司的研发及技术能力,以及升级公司的现有解决方案及开发基于同源技术的新产品。预计所得款项净额的约10.9%将用于与专注于光学成像、近眼显示、可穿戴产品等其他相关领域的产业价值链参与者的潜在战略合作,旨在巩固及提升公司的领先市场地位及技术能力。预计所得款项净额的约10.0%将用于营运资金及一般公司用途。",68.89,1.34,15.329861646073,首发信息一览
3355.HK,飞速创新,2026-03-23,2026-04-17,2026-03-13,2026-03-18,2026-03-19,2026-03-20,主板,"发售以供认购,发售以供配售",是,35.2,41.6,41.6,100,4201.96,40000000,4000000,36000000,1900109120.0,1787130000.0,HKD,"所得款项净额约40.0%将用于未来五年公司技术平台的数智化强化研发,战略重点包括(i)强化产品及解决方案开发能力;(ii)推进底层系统架构;及(iii)开发新的协议功能;所得款项净额约30.0%将用于提升公司于主要海外市场的交付能力;所得款项净额约20.0%将用于公司网络解决方案和服务业务平台的数字化;所得款项净额约10.0%将用作营运资金及一般企业用途。",1579.71,10.92,37.055024608271,首发信息一览
2701.HK,国民技术,2026-03-23,2026-03-20,2026-03-13,2026-03-18,2026-03-19,2026-03-20,主板,"发售以供认购,发售以供配售",是,,10.8,10.8,200,2181.78,95000000,9500000,85500000,1026000000.0,943900000.0,HKD,"约50.8%用于增强公司的研发能力,开发新产品系列及提升产品性能,包括高性能MCU、多协议通信芯片、专业市场芯片、车规级芯片等。约9.2%用于升级公司的现有产品组合。约15.0%的所得款项净额或141.6百万港元将用于开展战略投资及收购。约15.0%用于偿还部分尚未偿还银行贷款。约10.0%用于营运资金及其他一般公司用途。",131.83,2.51,13.64522417154,首发信息一览
1989.HK,广合科技,2026-03-20,2026-03-19,2026-03-12,2026-03-17,2026-03-18,2026-03-19,主板,"发售以供认购,发售以供配售",是,,71.88,71.88,100,7260.49,46000000,4600000,41400000,3306480000.0,3185260000.0,HKD,"约19.7%的所得款项净额预期将用于购置及安装先进的生产设备,以及优化专注于算力场景PCB的泰国基地二期的生产工艺及产品质量,进而提升公司的生产能力;约52.1%的所得款项净额预期将用于扩建及升级公司在广州基地的生产设施,尤其是HDIPCB的产能;约10.0%的所得款项净额预期将用于提升公司在开发材料技术、改良生产工艺及产品开发方面的研发能力;约8.2%的所得款项净额预期将用于寻求与公司业务互补及符合公司发展策略的战略合作伙伴关系、投资或收购项目;约10.0%的所得款项净额预期将用作营运资金及一般企业用途。",1070.72,14.64,44.94204652682,首发信息一览
7489.HK,岚图汽车,2026-03-19,2026-02-12,,,,,主板,介绍,是,,,,,,,,,,,,,,,,首发信息一览
3268.HK,美格智能,2026-03-10,2026-03-09,2026-02-27,2026-03-05,2026-03-06,2026-03-09,主板,"发售以供认购,发售以供配售",是,,28.86,28.86,100,2915.1,35000000,3500000,31500000,1161615000.0,1090800000.0,HKD,"所得款项净额约55%将用于提升公司的研发及创新能力;所得款项净额约10%将用于拓展公司的海外销售网络及在海外市场推广公司的产品;所得款项净额约10%将用于战略投资及╱或收购,以实现公司的长期增长战略;所得款项净额约15%将用于偿还2025年6月后到期的若干计息银行借款(利率介乎1.95%及2.27%),以优化公司的财务结构并降低借款成本;所得款项净额约10%将用于营运资金及一般公司用途。",174.12,4.5,39.472518863823,首发信息一览
2715.HK,埃斯顿,2026-03-09,2026-04-07,2026-02-27,2026-03-04,2026-03-05,2026-03-06,主板,"发售以供认购,发售以供配售",是,15.36,17.0,15.36,200,3434.29,96780000,9678000,87102000,1486540800.0,1411530000.0,HKD,"约25.0%的所得款项净额,将用于扩充公司的全球生产能力,约25.0%的所得款项净额,将用于在全球产业链上下游有选择地寻求战略联盟、投资及收购机会,约20.0%的所得款项净额,将投资于研发项目,以推动下一代工业机器人技术的发展,旨在巩固公司的市场领导地位,约10.0%的所得款项净额,将用于提升公司的全球服务能力及开发组织范围内的数字化管理系统,旨在提升公司的全球品牌认知度并强化公司在国际市场中的核心竞争力,约10.0%的所得款项净额,将用于部分偿还现有贷款,剩余约10.0%的所得款项净额,将用于营运资金及一般企业用途。",19.67,3.34,35.181442446787,首发信息一览
2692.HK,兆威机电,2026-03-09,2026-03-06,2026-02-27,2026-03-04,2026-03-05,2026-03-06,主板,"发售以供认购,发售以供配售",是,,73.68,71.28,100,7442.31,26748300,2674900,24073400,1906618824.0,1827730000.0,HKD,"所得款项净额的约35.0%,将用于在全球范围进行技术研发及扩展公司的产品组合。约30.0%,将用于在全球范围扩大公司的产能及提高生产效率。约15.0%,将用于有选择地开展全球战略合作、投资及并购,以增强公司在一体化微型传动与驱动系统及人形机器人等高增长应用场景领域的全球竞争力。约10.0%,将用于扩大公司的全球服务及销售网络及加大全球营销力度。约10.0%,将用作营运资金及一般企业用途。",1536.76,13.4,34.173012864369,首发信息一览
2649.HK,优乐赛共享,2026-03-09,2026-03-06,2026-02-27,2026-03-04,2026-03-05,2026-03-06,主板,"发售以供认购,发售以供配售",是,11.0,14.0,11.0,500,7070.6,20336000,2034000,18302000,223696000.0,175520000.0,HKD,约25.0%将用于完善和升级数字系统和平台；约25.0%将用于推进公司的海外扩张战略；约20.0%将用于扩展公司在全国范围内的服务网络；约20.0%将用于通过收购将公司服务的应用场景拓展至其他下游行业；约10.0%将用于一般企业用途和营运资金。,5297.23,4.2,,首发信息一览
2706.HK,海致科技集团,2026-02-13,2026-02-12,2026-02-05,2026-02-10,2026-02-11,2026-02-12,主板,"发售以供认购,发售以供配售",是,25.6,28.0,27.06,200,5656.48,28030200,2803200,25227000,758497212.0,655400000.0,HKD,"约45.0%将用于研发以强化图模融合技术。约20.0%将用于优化Atlas智能体。约15.0%将用于深化与客户的合作,探索新应用场景以及拓展香港及新加坡市场。约10.0%将用于战略投资、合并及收购。约10.0%将用于营运资金及一般公司用途。",5065.06,8.39,15.419898471558,首发信息一览
9981.HK,沃尔核材,2026-02-13,2026-02-12,2026-02-05,2026-02-10,2026-02-11,2026-02-12,主板,"发售以供认购,发售以供配售",是,,20.09,20.09,200,4058.53,139988800,13999000,125989800,2812374992.0,2733600000.0,HKD,"45%将用于实现产品组合多元化及升级产品以扩展业务范围并增加市场份额及渗透率,从而巩固公司于电子通信及电力传输行业的领先地位;27%将用于拓展全球业务版图、提升中国及马来西亚产能,以满足快速增长的海外市场不断增加的需求;18%将用于潜在战略投资及╱或收购;10%将用于营运资金及一般企业用途。",569.58,8.19,34.49941792115,首发信息一览
0470.HK,先导智能,2026-02-11,2026-03-08,2026-02-03,2026-02-06,2026-02-09,2026-02-10,主板,"发售以供认购,发售以供配售",是,,45.8,45.8,100,4626.19,93616000,9361600,84254400,4949074720.0,4814400000.0,HKD,"约40%,将用于扩大全球研发、销售及服务网络以及选择性实施战略举措,以作为公司全球化战略的重要部分;约30%,将用于深化公司的平台化战略;约10%,将用于公司的产品设计及制造流程、智能装备技术优化的研发,以提高其性能及运行的稳定性,并降低能源消耗,以协助客户进一步提升生产效率及产品性能;约10%,将用于提升公司的数字化基础设施及改善各业务流程(如供应链管理、研发、生产、质量控制、销售及运营)的数字化能力,以提升运营效率;约10%,将用作营运资金及一般企业用途。",79.54,10.47,43.316430268,首发信息一览
0600.HK,爱芯元智,2026-02-10,2026-03-08,2026-01-30,2026-02-05,2026-01-30,2026-02-09,主板,"发售以供认购,发售以供配售",是,28.2,28.2,28.2,100,2848.44,104915200,10491600,94423600,2991774660.0,2830280000.0,HKD,"约60.0%将用于投资优化公司现有的技术平台,主要以逐步提升现有产品的高性能及高效率,并在未来四年推出新产品；约15.0%将用于在未来四年投资研发项目,主要以开发扩大公司的业务范围的新技术；约5.0%将用于未来四年公司的销售扩张；约10.0%将用于股权投资或收购,旨在在未来四年进一步整合上下游行业资源；约10.0%将用于营运资金及其他一般公司用途。",104.82,6.8,48.219874955422,首发信息一览
2720.HK,乐欣户外,2026-02-10,2026-02-09,2026-01-31,2026-02-05,2026-02-06,2026-02-09,主板,"发售以供认购,发售以供配售",是,11.25,12.25,12.25,500,6186.78,28205000,2820500,25384500,345511250.0,285200000.0,HKD,"所得款项净额约45.0%将用作品牌开发及推广；所得款项净额约25.0%将用作产品设计及开发及建立全球钓鱼用具创新中心；所得款项净额约20.0%将用作升级生产设施,并提升公司的数字化能力；所得款项净额约10.0%将用作营运资金及一般企业用途。",3654.23,2.94,37.625402935505,首发信息一览
6809.HK,澜起科技,2026-02-09,2026-02-10,2026-01-30,2026-02-04,2026-02-05,2026-02-06,主板,"发售以供认购,发售以供配售",是,,106.89,106.89,100,10796.8,65890000,6589000,59301000,8099429415.0,7947800000.0,HKD,"约70.0%将在未来五年内用于投资互连类芯片领域的研发,提升公司的全球领先地位,把握云计算和AI基础设施领域的机遇;约5.0%将用于提高公司的商业化能力;约15.0%将用于战略投资及╱或收购,以实现公司的长期增长策略;约10.0%将用于营运资金及一般公司用途。",707.3,37.67,43.324718572166,首发信息一览
2714.HK,牧原股份,2026-02-06,2026-03-05,2026-01-29,2026-02-03,2026-02-04,2026-02-05,主板,"发售以供认购,发售以供配售",是,,39.0,39.0,100,3939.34,273951400,27395200,246556200,12098700900.0,11865400000.0,HKD,"约60.0%将用于挖掘海外机遇扩大商业版图;募集资金净额约30.0%将用于在未来三年通过研发投入推动全产业链技术创新,以巩固公司在育种、智能养殖、营养管理及生物安全方面的竞争力;募集资金净额约10.0%将用作营运资金及一般企业用途。",5.88,8.62,44.153166643338,首发信息一览
2677.HK,卓正医疗,2026-02-06,2026-03-05,2026-01-29,2026-02-03,2026-02-04,2026-02-05,主板,"发售以供认购,发售以供配售",是,57.7,66.6,59.9,50,3363.58,4750000,475000,4275000,296271390.0,220140000.0,HKD,"35%用于通过打造一个医疗人工智能应用的专业人才库、与领先的科研机构及公司开展战略合作及外部采购,同时公司的内部信息及数据技术部门对公司自身的信息技术系统进行改进,部署人工智能先进技术来革新医疗服务及提高运营效率；30%用于升级现有医疗服务机构及设立新医疗服务机构,以加深渗透力及覆盖更广泛的目标患者群；25%用于在适当机会出现时收购一线城市及新一线城市中业绩良好的医疗服务机构；10%用作营运资金及其他一般公司用途。",2730.73,5.79,30.643323339456,首发信息一览
3200.HK,大族数控,2026-02-06,2026-03-05,2026-01-29,2026-02-03,2026-02-04,2026-02-05,主板,"发售以供认购,发售以供配售",是,,95.8,95.8,100,9676.61,50451800,5045200,45406600,5558268100.0,5337500000.0,HKD,"约50.0%的所得款项净额将用于提升研发及营运能力。约40.0%的所得款项净额将用于提升PCB专用设备的产能。约10.0%的所得款项净额将用于营运资金及一般公司用途,以支持公司的日常运营与未来业务发展。",446.39,21.07,43.46633261537,首发信息一览
2768.HK,国恩科技,2026-02-04,2026-02-03,2026-01-27,2026-01-30,2026-02-02,2026-02-03,主板,"发售以供认购,发售以供配售",是,34.0,42.0,36.0,200,8484.71,30000000,3000000,27000000,1080000000.0,1000400000.0,HKD,"约50.0%将分配至扩大公司位于泰国的新生产基地(‘泰国生产基地’)的产能;约35.0%将分配至扩大公司位于中国的新生产基地(‘宜兴生产基地’)产能;约10.0%将分配至公司在香港的投资,包括设立地区总部及生产基地升级;约5.0%所得款项净额将用作运营资金及一般企业用途。",2251.85,10.03,29.603703703704,首发信息一览
9980.HK,东鹏饮料,2026-02-03,2026-03-01,2026-01-26,2026-01-29,2026-01-30,2026-02-02,主板,"发售以供认购,发售以供配售",是,,248.0,248.0,100,25050.11,40889900,4089000,36800900,11099413600.0,10943350000.0,HKD,"约36.0%募集资金净额将用于未来三到五年内完善产能布局和推进供应链升级,在满足公司高速增长的需求的同时,不断提升生产及供货效率、巩固成本优势。约15.0%募集资金净额将用于未来三到五年内加强品牌建设和消费者互动,持续增强品牌影响力。约11.0%募集资金净额将用于未来三到五年内持续推进全国化战略,拓展、深耕和精细化运营渠道网络。约12.0%募集资金净额将用于未来三到五年内拓展海外市场业务,探索潜在投资及并购机会。约10.0%募集资金净额将用于未来三到五年内加强各个业务环节的数字化建设。约10.0%募集资金净额用于营运资金及一般企业用途。约6.0%募集资金净额将用于未来三到五年内增强公司的产品开发能力,持续实现产品品类拓展。",57.46,15.6,44.958591325942,首发信息一览
1768.HK,鸣鸣很忙,2026-01-28,2026-02-10,2026-01-20,2026-01-23,2026-01-26,2026-01-27,主板,"发售以供认购,发售以供配售",是,229.6,236.6,236.6,100,23898.62,14101100,1410200,12690900,4220423480.0,4062000000.0,HKD,"所得款项净额中约25.0%将用于提升公司的供应链能力及提高公司的产品开发能力。所得款项净额中约20.0%将用于门店网络升级,以及加盟商的持续赋能。所得款项净额中约20.0%将用于品牌建设及推广活动。所得款项净额中约20.0%将用于提升公司的科技能力和数字化水平。所得款项净额中约5.0%将用于有选择性地寻求与公司的业务互补的战略投资和收购机会。所得款项净额中约10.0%将用于营运资金及其他一般企业用途。",1899.49,44.44,36.012701265703,首发信息一览
9611.HK,龙旗科技,2026-01-22,2026-02-23,2026-01-14,2026-01-19,2026-01-20,2026-01-21,主板,"发售以供认购,发售以供配售",是,,31.0,31.0,100,3131.26,52259100,5226000,47033100,1620032100.0,1519900000.0,HKD,"约40%将用于扩大公司境内外的整体产能,从而增强公司的自有生产能力。约20%将用于支持公司持续的研发工作,特别是加强公司在关键领域的自主研发和创新能力。约10%将用于加强公司在境内外的市场营销及客户拓展工作。约20%将用于支持公司在全球的战略性投资或并购。约10%将用作公司的营运资金及其他一般企业用途。",1149.76,9.02,27.174023280156,首发信息一览
3986.HK,兆易创新,2026-01-13,2026-02-08,2025-12-31,2026-01-08,2026-01-09,2026-01-12,主板,"发售以供认购,发售以供配售",是,132.0,162.0,162.0,100,16363.38,28915800,2891600,26024200,5387002200.0,5307900000.0,HKD,"约40.0%将用于持续提升公司的研发能力。约35.0%将用于战略性行业相关投资及收购。约9.0%将用于公司的全球战略扩张及加强公司的全球影响力,包括加强公司的全球营销及服务网络。约6.0%将用于提高营运效率。约10.0%将用于营运资金及其他一般企业用途。",542.22,18.52,43.287092030517,首发信息一览
1641.HK,红星冷链,2026-01-13,2026-01-12,2025-12-31,2026-01-08,2025-12-31,2026-01-12,主板,"发售以供认购,发售以供配售",是,12.26,12.26,12.26,500,6191.83,23263000,2326500,20936500,285204380.0,252330000.0,HKD,"约57.5%将用于在未来四年新建一座加工厂及扩建冷冻食品仓储仓库,配备加工设备及系统,以为客户提供冷冻食品加工服务。约12.8%将用于升级公司现有业务中使用的设备、信息技术基础设施及软件,包括投资人工智能技术以赋能公司的运营及客户。约19.7%将用于在未来四年寻求战略收购及合作伙伴关系,以完善公司的产业一体化,从而巩固公司于全冷链生态系统中的地位。约10.0%将用作营运资金及其他一般公司用途。",2309.25,1.65,7.6559343162963,首发信息一览
8610.HK,BBSB INTL,2026-01-13,2026-01-12,2025-12-31,2026-01-08,2026-01-09,2026-01-12,创业板,"发售以供认购,发售以供配售",是,0.6,0.7,0.6,4000,2828.24,125000000,12500000,112500000,75000000.0,50000000.0,HKD,"约65.2%将用于加强公司的财务状况,以支付(a)主要包括分包成本、材料成本及机器租赁成本的前期成本及(b)聘请额外项目管理人员的前期成本,以支持公司的业务扩展;约19.8%将用于扩充人手以支持各地区增长;约5.0%将用于集团资讯系统及内部流程的升级及数字化;约10.0%将用作公司的一般营运资金用途",10745.13,1.01,18.666666666667,首发信息一览
0501.HK,豪威集团,2026-01-12,2026-02-06,2025-12-31,2026-01-07,2026-01-08,2026-01-09,主板,"发售以供认购,发售以供配售",是,,104.8,104.8,100,10585.69,45800000,4580000,41220000,5317667280.0,5204400000.0,HKD,"约70%将在未来五至十年用于投资关键技术的研发,保证公司在先进传感技术、先进显示技术及模拟解决方案的持续领先地位。约10%将在未来五至十年用于强化全球市场渗透及业务扩张。约10%将用于战略投资及╱或收购,重点聚焦能与公司现有产品组合产生协同效应、提升公司的设计能力、工艺技术与供应链能力及支持向新兴领域(例如中国、日本及韩国的运动相机及机器人)横向拓展的投资和收购机遇。约10%将用于营运资金及一般公司用途。",9.28,9.73,40.874557311529,首发信息一览
3636.HK,金浔资源,2026-01-09,2026-02-05,2025-12-31,2026-01-06,2025-12-31,2026-01-08,主板,"发售以供认购,发售以供配售",是,30.0,30.0,30.0,200,6060.51,36765600,3676600,33089000,1268412000.0,1206330000.0,HKD,"约80%的所得款项净额将用于扩展公司的核心业务。约10%的所得款项净额将用于偿还公司若干计息银行借款,该等借款用作营运资金。约10%的所得款项净额将用于营运资金及一般公司用途。",143.46,12.78,36.960861297433,首发信息一览
6938.HK,瑞博生物-B,2026-01-09,2026-02-05,2025-12-31,2026-01-06,2025-12-31,2026-01-08,主板,"发售以供认购,发售以供配售",是,57.97,57.97,57.97,200,11710.93,27487400,2748800,24738600,2107313846.0,1964270000.0,HKD,约37.4%将用于核心产品RBD4059的研发;约19.6%将用于RBD5044的研发;约15.9%将用于RBD1016的研发;约10.1%将为研发处于临床前申报试验阶段的管线资产;约8.9%将分配用于推进公司尚未进入临床前申报试验阶段的临床前资产的开发及加强公司的技术平台;约8.1%将用于营运资金及其他一般公司用途。,101.06,16.7,36.918116847034,首发信息一览
0100.HK,MINIMAX-W,2026-01-09,2026-01-11,2025-12-31,2026-01-06,2026-01-07,2026-01-08,主板,"发售以供认购,发售以供配售",是,151.0,165.0,165.0,20,3333.28,25389220,1269480,24119740,5540244600.0,5293390000.0,HKD,"约90%所得款项净额将用于公司未来五年的研发,包括开发公司的大模型和公司的AI原生产品。约10.0%所得款项净额将被分配至营运资金及一般企业用途。",1837.17,36.76,49.152461607923,首发信息一览
2675.HK,精锋医疗-B,2026-01-08,2026-02-04,2025-12-30,2026-01-05,2025-12-30,2026-01-07,主板,"发售以供认购,发售以供配售",是,43.24,43.24,43.24,100,4367.61,27722200,2772300,24949900,1378512820.0,1289200000.0,HKD,约42.0%分配至核心产品的进行中和规划中的研发;约20.0%将用于公司核心产品的商业化;约10.0%将用于扩大产能;约8.0%分配至其他产品和在研产品;约10.0%的所得款项净额将用于手术机器人行业及相关领域的潜在策略收购、投资或合作;约10.0%的所得款项净额将用于营运资金及一般企业用途。,1091.94,25.18,42.328696224965,首发信息一览
2513.HK,智谱,2026-01-08,2026-02-04,2025-12-30,2026-01-05,2025-12-30,2026-01-07,主板,"发售以供认购,发售以供配售",是,116.2,116.2,116.2,100,11737.19,37419500,1871000,35548500,5000364880.0,4806000000.0,HKD,约70.0%将用于持续增强公司在通用AI大模型方面的研发能力;约10.0%将用于通过提供最新的基座模型以及训练╱推理工具及基础设施持续优化公司的MaaS平台;约10.0%将用于发展业务合作伙伴网络以及进行战略投资;约10.0%将用于营运资金及其他一般企业用途。,1159.46,15.28,59.679683215438,首发信息一览
9903.HK,天数智芯,2026-01-08,2026-01-07,2025-12-30,2026-01-05,2025-12-30,2026-01-07,主板,"发售以供认购,发售以供配售",是,144.6,144.6,144.6,100,14605.83,25431800,2543200,22888600,3677438280.0,3509300000.0,HKD,约80.0%将用于研发公司的产品及解决方案;约10.0%将于未来五年内用于销售及市场推广;约10.0%将用于营运资金及一般企业用途。,414.24,10.68,43.018189825337,首发信息一览
6082.HK,壁仞科技,2026-01-02,2026-01-28,2025-12-22,2025-12-29,2025-12-30,2025-12-31,主板,"发售以供认购,发售以供配售",是,17.0,19.6,19.6,200,3959.54,247692800,12384800,235308000,6420438640.0,6196400000.0,HKD,约85.0%将用于日后研发公司的智能计算解决方案;约5.0%将用于公司智能计算解决方案的商业化;约10.0%将用作营运资金及一般公司用途。,2347.53,25.95,45.158768155442,首发信息一览
3317.HK,迅策,2025-12-30,2026-01-23,2025-12-18,2025-12-23,2025-12-24,2025-12-29,主板,"发售以供认购,发售以供配售",是,48.0,55.0,48.0,100,5555.47,22500000,2250000,20250000,1089331200.0,974710000.0,HKD,所得款项净额约80%将用于公司解决方案的正持续进行和未来的研发工作;所得款项净额约10%将用于提升营销能力;所得款项净额的其余10%将分配作营运资金及其他一般业务用途。,7.24,3.1,28.257641018636,首发信息一览
6600.HK,卧安机器人,2025-12-30,2026-01-22,2025-12-18,2025-12-23,2025-12-24,2025-12-29,主板,"发售以供认购,发售以供配售",是,63.0,81.0,73.8,100,8181.69,22222300,2222300,20000000,1871280180.0,1769360000.0,HKD,"约66.5%将用于持续提升公司的研发能力,以进一步开发与公司家庭机器人系统相关的关键技术及产品;约19.8%将用于扩大公司的销售渠道及地区覆盖及提升公司品牌的全球知名度;约3.8%将用于偿还(i)按年利率2.24%计息的中信银行部分未偿还定期贷款及(ii)按年利率2.24%计息的中国银行部分未偿还定期贷款;约10.0%将用作一般营运资金及公司用途。",254.5,8.9,37.40746670015,首发信息一览
6651.HK,五一视界,2025-12-30,2026-01-22,2025-12-18,2025-12-23,2025-12-18,2025-12-29,主板,"发售以供认购,发售以供配售",是,30.5,30.5,30.5,200,6161.51,23975200,1198800,22776400,731243600.0,649900000.0,HKD,所得款项净额约80.0%预期将用于公司的研发举措；所得款项净额约10.0%预期将用于中国及海外的营销活动；所得款项净额约10.0%预期将用于营运资金及一般企业用途。,256.01,2.6,,首发信息一览
2657.HK,林清轩,2025-12-30,2026-01-22,2025-12-18,2025-12-23,2025-12-18,2025-12-29,主板,"发售以供认购,发售以供配售",是,77.77,77.77,77.77,50,3927.72,13966450,1396650,12569800,1249095078.0,1155600000.0,HKD,"20.0%品牌价值塑造与传播;20.0%提升全渠道销售网络的深化构建;15.0%加强生产及供应链能力;15.0%技术研发及产品组合开拓;15.0%内生孵化与外延并购双轮驱动,打造品牌矩阵;5.0%运营及信息基础设施数字化、智能化建设;10.0%营运资金及一般公司用途。",1235.81,19.79,38.632589984475,首发信息一览
3696.HK,英矽智能,2025-12-30,2026-01-16,2025-12-18,2025-12-23,2025-12-18,2025-12-29,主板,"发售以供认购,发售以供配售",是,24.05,24.05,24.05,500,12146.27,94690500,9469500,85221000,2618900700.0,2350300000.0,HKD,所得款项净额约48.0%用于为公司关键临床阶段管线候选药物的进一步临床研发提供资金。所得款项净额约15.0%用于开发新的生成式AI模型及相关的验证研究工作。所得款项净额约12.0%用于进一步开发及扩展公司的自动化实验室。所得款项净额约20.0%将用于为早期药物发现及开发(包括公司其他管线候选药物的临床前及临床阶段)的研发提供资金。所得款项净额约5.0%将用作营运资金及其他一般公司用途。,1427.37,26.27,34.168458544457,首发信息一览
2671.HK,美联股份,2025-12-30,2025-12-29,2025-12-18,2025-12-23,2025-12-24,2025-12-29,主板,"发售以供认购,发售以供配售",是,7.1,9.16,7.1,300,2775.71,24600000,2460000,22140000,174660000.0,139890000.0,HKD,"所得款项净额的约37.7%将用于资本投资,包括兴建生产设施及购置设备,以提升公司的生产能力及运营效率。所得款项净额的约26.7%将分配用于拨付与新项目有关的预付费用。所得款项净额的约12.3%将拨作支持销售及市场推广发展,包括成立销售和运营团队以及将公司的农业仓储产品商业化。所得款项净额的约9.3%将预留用作选择性收购及投资,旨在巩固公司的供应链及提升公司的技术能力。所得款项净额的约9.0%将分配用于增强公司的研发能力,注重产品和技术提升。约5.0%将分配用于营运资金及一般企业用途,以支援公司的日常运营及维持财务灵活性。",146.25,1.48,29.485858238864,首发信息一览
3378.HK,翰思艾泰-B,2025-12-23,2026-01-23,2025-12-15,2025-12-18,2025-12-19,2025-12-22,主板,"发售以供认购,发售以供配售",是,28.0,32.0,32.0,100,3232.27,18321000,1832100,16488900,586272000.0,531300000.0,HKD,约35%将用于公司的核心产品(即HX009)的研发;约33%将用于公司的主要产品(即HX301及HX044)的研发;约17%将用于公司其他重要产品的研发;约5%将用于为商业化及╱或业务发展活动提供资金;约10%将用于营运资金及其他一般企业用途。,3074.09,5.78,15.925986572785,首发信息一览
2635.HK,诺比侃,2025-12-23,2026-01-19,2025-12-15,2025-12-18,2025-12-19,2025-12-22,主板,"发售以供认购,发售以供配售",是,80.0,106.0,80.0,50,5353.45,3786600,378700,3407900,302928000.0,257430000.0,HKD,"约40.0%将用于进行及加强公司核心技术的继续研究,以巩固公司的技术能力以及产品及服务功能的基础;约40.0%将用于建设公司的研发技术中心和新总部基地;约10.0%将用于寻求潜在的战略投资及收购机会,以实施公司优化产品及解决方案的长期增长策略,并扩大及╱或渗透公司覆盖的终端客户行业;约10.0%将用作营运资金及一般公司用途。",188.74,2.08,,首发信息一览
2661.HK,轻松健康,2025-12-23,2026-01-18,2025-12-15,2025-12-18,2025-12-15,2025-12-22,主板,"发售以供认购,发售以供配售",是,22.68,22.68,22.68,200,4581.75,26540000,2654000,23886000,601927200.0,513420000.0,HKD,"所得款项净额的约40.0%,将用于提升公司的品牌知名度、提高用户参与度及加强与业务合作伙伴的合作。所得款项净额的约20.0%,将用于医学研究和真实世界研究。所得款项净额的约20.0%,将用于提升公司在AI及大数据领域的技术能力,以便更广泛应用于公司的产品及服务。所得款项净额的约10.0%,将用于拓展至更多地区及海外市场。所得款项净额的约10.0%,用作营运资金及其他一般公司用途。",1421.47,2.9,18.092690278824,首发信息一览
2396.HK,华芢生物-B,2025-12-22,2026-01-18,2025-12-12,2025-12-17,2025-12-18,2025-12-19,主板,"发售以供认购,发售以供配售",是,38.2,51.0,38.2,200,10302.88,17648800,1765000,15883800,674184160.0,599820000.0,HKD,"所得款项净额的约61.8%,将用于资助公司的核心产品Pro101-1及Pro-101-2的持续临床开发及商业化。所得款项净额的约18.8%将用于通过购买与研发及质量控制活动相关的专业设备及仪器来提升公司的研发能力。所得款项净额的约6.3%将用于支付公司核心产品以外的PDGF产品用于治疗其他适应症(如新鲜创面、压疮及放射性溃疡)的持续临床前研发的第三方服务费、研发人员费用及原材料成本。所得款项净额的约3.1%将用于支付Mes-201、Oli-101及Oli201临床前研发活动的第三方服务费、研发人员费用及原材料成本。所得款项净额的约10.0%用作营运资金及一般公司用途。",791.95,6.05,,首发信息一览
2691.HK,南华期货股份,2025-12-22,2026-01-16,2025-12-12,2025-12-17,2025-12-18,2025-12-19,主板,"发售以供认购,发售以供配售",是,12.0,16.0,12.0,500,8080.68,107659000,10766000,96893000,1291908000.0,1202950000.0,HKD,约30%将用于增加公司香港经营业务的资本基础;约30%将用于增加公司于英国经营业务的资本基础;约20%将用于增加公司于美国经营业务的资本基础;约10%将用于增加公司于新加坡经营业务的资本基础;约10%将用作一般企业用途及补充公司境外经营业务的营运资金。,1.91,0.99,,首发信息一览
2581.HK,明基医院,2025-12-22,2025-12-19,2025-12-12,2025-12-17,2025-12-18,2025-12-19,主板,"发售以供认购,发售以供配售",是,9.34,11.68,9.34,500,5898.9,67000000,6700000,60300000,625780000.0,554500000.0,HKD,约74.3%将拨作扩建及升级现有医院的资金。16.0%将拨作潜在投资及并购机会的资金。8.0%将拨作升级公司‘智慧医院’的资金。1.8%将用作营运资金及一般企业用途。,6.28,1.28,49.629850746269,首发信息一览
2695.HK,印象大红袍,2025-12-22,2025-12-19,2025-12-12,2025-12-17,2025-12-18,2025-12-19,主板,"发售以供认购,发售以供配售",是,3.47,4.1,3.6,1000,4141.35,36100000,3610000,32490000,129960000.0,103640000.0,HKD,"占全球发售所得款项净额约23.0%,将用于升级公司的标志性演出《印象·大红袍》山水实景演出,包括根据集团于2024年12月有条件采纳的《印象大红袍实景演艺升级改造方案》进行(i)硬件检修;(ii)演出内容升级;及(iii)演出场馆检修。占全球发售所得款项净额约28.6%,将适用于(i)于2025年进一步发展印象建州美食主题街区,将其转化为一个充满活力的景点,向旅客提供现有服务项目以外的演出艺术体验。占全球发售所得款项净额约20.0%,将用于通过向现有文化旅游演出项目注入公司的管理经验和创新的运营模式,取得另一个优质文化旅游演出项目。占全球发售所得款项净额约11.0%,将用于提升品牌形象及扩大业务影响力的宣传工作,特别是提高升级后的标志性演出、新演出《月映武夷》、印象文旅小镇和茶汤酒店的知名度。占全球发售所得款项净额约7.4%,将用于升级公司的票务管理系统及软件,旨在(i)实现各业务分部服务组合和运营数据的无缝整合;(ii)于各业务分部实行实时监控,确保数据呈列一致;(iii)实现数据驱动管理和营销;及(iv)利用运营数据,为管理层决策提供意见。占全球发售所得款项净额约10.0%,将用作营运资金和其他一般企业用途。",3397.48,1.91,,首发信息一览
3881.HK,希迪智驾,2025-12-19,2026-01-16,2025-12-11,2025-12-16,2025-12-11,2025-12-18,主板,"发售以供认购,发售以供配售",是,263.0,263.0,263.0,10,2656.52,5407980,270400,5137580,1422298740.0,1309030000.0,HKD,所得款项净额中约55%将在未来五年内用于公司的研发。所得款项净额中约15%将用于提高国内外商业化能力及进一步加强公司与国内及全球客户的合作。所得款项净额中约20%将用于旨在进一步整合产业链上下游资源的潜在投资及并购机会。所得款项净额中约10%将用于营运资金及一般公司用途。,22.55,2.1,38.394927496034,首发信息一览
2546.HK,智汇矿业,2025-12-19,2025-12-18,2025-12-11,2025-12-16,2025-12-17,2025-12-18,主板,"发售以供认购,发售以供配售",是,4.1,4.51,4.51,1000,4555.48,121952000,12196000,109756000,550003520.0,495100000.0,HKD,"占全球发售所得款项净额约29.2%,将用于全面提升采矿能力。占全球发售所得款项净额约23.4%,将用于增加公司在西藏采矿权范围内的探矿投资。占全球发售所得款项净额约18.7%,将用于提升选矿生产能力及优化精矿生产能力,以支持公司的可持续增长。占全球发售所得款项净额约14.0%,将用于投资及收购具有增长潜力的资产。占全球发售所得款项净额约7.7%,将于2030年之前用作营运资金及其他一般企业用途。占全球发售所得款项净额约7.0%,将于2026年之前用作偿还银行贷款。",5248.15,2.68,40.784078981895,首发信息一览
3887.HK,HASHKEY HLDGS,2025-12-17,2026-01-12,2025-12-09,2025-12-12,2025-12-15,2025-12-16,主板,"发售以供认购,发售以供配售",是,5.95,6.95,6.68,400,2808.04,240570000,24057200,216512800,1612968832.0,1485020781.0,HKD,"公司将拨支所得款项净额的约40.0%用于在未来三到五年内升级技术及基础设施。所得款项净额的约40.0%将在未来三到五年用于扩大营运团队、提高知名度及建立生态系统合作伙伴关系。所得款项净额的约10.0%将在未来三到五年用于进一步加强公司的营运及风险管理。所得款项净额余下约10.0%将用于营运资金及一般企业用途,为公司提供更大的财务灵活性,以支持公司的日常营运及应对不断变化的业务需求。",393.71,5.46,36.202903640484,首发信息一览
2655.HK,果下科技,2025-12-16,2026-01-09,2025-12-08,2025-12-11,2025-12-08,2025-12-15,主板,"发售以供认购,发售以供配售",是,20.1,20.1,20.1,100,2030.26,33852900,3385300,30467600,899885040.0,809750000.0,HKD,"约44.0%将用于提升公司的研发能力。约19.0%将用于建设海外运营及服务网络,以支持国际化增长策略。约27.0%将用于扩大公司大型储能系统产品、工商业储能系统产品及户用储能系统产品的产能,从而有效支持公司的成长策略,并大幅降低因现有产能限制所导致的外包依存度。约10.0%将用作营运资金及作其他一般公司用途。",1890.73,3.63,8.2510539346226,首发信息一览
7618.HK,京东工业,2025-12-11,2026-01-07,2025-12-03,2025-12-08,2025-12-09,2025-12-10,主板,"发售以供认购,发售以供配售",是,12.7,15.5,14.1,200,3131.26,211208800,21121000,190087800,3033843420.0,2881700000.0,HKD,约35%的募集资金净额预计在未来48至60个月用于进一步增强公司的工业供应链能力;约25%的募集资金净额预计在未来48至60个月用于跨地域的业务扩张;约30%的募集资金净额预计将用于潜在战略投资或收购;约10%的募集资金净额预计将用于一般公司用途及营运资金需要。,60.52,7.88,43.627577193816,首发信息一览
2665.HK,图达通,2025-12-10,2025-12-09,,,2025-12-09,2025-12-09,主板,发售以供配售,是,10.0,10.0,10.0,,,37081637,,,370816370.0,360500000.0,HKD,(i)约60%将用于研发新激光雷达架构、硬件及软件升级;(ii)约20%将用于升级现有生产线;(iii)约10%将用于继承公司的全球扩张;及(iv)约10%将用于一般公司用途。,,,,首发信息一览
2659.HK,宝济药业-B,2025-12-10,2025-12-09,2025-12-02,2025-12-05,2025-12-02,2025-12-09,主板,"发售以供认购,发售以供配售",是,26.38,26.38,26.38,100,2664.6,37911700,3791200,34120500,1000110646.0,921500000.0,HKD,"约53.5%将用于核心产品(包括KJ017、KJ103及SJ02)的研发及商业化。约17.7%将用于推进公司的其他现有管线产品及筹备相关登记备案。约8.4%将用于持续优化专有合成生物学技术平台,以及研究和开发新候选药物。约10.4%将用于提升及扩大生产能力。为满足商业化后对候选药物不断增长的需求,公司计划新建一条10,000L原料药生产线,以提升产能及效率,同时改善工艺稳定性、效率及质量控制。约10.0%将用作营运资金及一般公司用途。",3526.34,6.59,20.057396529304,首发信息一览
2676.HK,纳芯微,2025-12-08,2026-01-02,2025-11-28,2025-12-03,2025-12-04,2025-12-05,主板,"发售以供认购,发售以供配售",是,,116.0,116.0,100,11716.99,19068400,1906900,17161500,2331020000.0,2211300000.0,HKD,"约18%预计将用于提升公司的底层技术能力及工艺平台。约22%预计将用于进一步丰富公司的产品组合,重点扩大汽车电子应用中的产品。约25%预计将用于扩展公司的海外销售网络及于海外市场推广公司的产品。约25%预计将用于战略投资及/或收购,以实现公司的长期增长策略。约10%预计将用于营运资金及一般企业用途。",25.33,2.65,46.719084349341,首发信息一览
2687.HK,卓越睿新,2025-12-08,2025-12-05,2025-11-28,2025-12-03,2025-12-04,2025-12-05,主板,"发售以供认购,发售以供配售",是,62.26,76.1,67.5,100,7686.75,6666700,666700,6000000,450002250.0,393650000.0,HKD,所得款项净额的约36.7%预期将用于公司的研发。所得款项净额的约31.8%预期将用于提升公司的客户服务及支持能力。所得款项净额的约21.5%预期将用于在选定城市设立知识图谱构建中心。所得款项净额的约10.0%预期将用于营运资金及一般公司用途。,4813.4,2.33,,首发信息一览
2408.HK,遇见小面,2025-12-05,2026-01-01,2025-11-27,2025-12-02,2025-12-03,2025-12-04,主板,"发售以供认购,发售以供配售",是,5.64,7.04,7.04,500,3555.51,97364500,9736500,87628000,685446080.0,617000000.0,HKD,约60.0%用于拓展餐厅网络、扩大地理覆盖范围及加深市场渗透。约10.0%用于通过升级整个餐厅网络的技术及数字系统提升公司的信息技术能力。约10.0%用于品牌建设及进一步提高客户忠诚度。约10.0%用于对中国内地上游食品加工行业潜力公司的战略投资。约10.0%用于一般公司用途及营运资金。,425.97,4.99,24.950058799665,首发信息一览
2658.HK,天域半导体,2025-12-05,2026-01-01,2025-11-27,2025-12-02,2025-11-27,2025-12-04,主板,"发售以供认购,发售以供配售",是,58.0,58.0,58.0,50,2929.24,30070500,3007050,27063450,1744089000.0,1673100000.0,HKD,"约62.5%预计将于未来五年内用于扩张公司的整体产能,从而提升公司的市场份额及产品竞争力;约15.1%预计将于未来五年内用于提升公司的自主研发及创新能力,以提高产品(如8英吋多层结构超高压器件材料及超级结低阻材料)质量及缩短新产品(如8英吋键合工艺)的开发周期,从而更迅速地回应市场需求;约10.8%预计将用于战略投资及╱或收购,以扩大客户群、丰富公司的产品组合及补充公司的技术,从而实现公司的长远发展策略;约2.1%预计将用于扩展公司的全球销售及市场营销网络;约9.5%预计将用于营运资金及一般企业用途。",60.63,2.47,9.2610698192581,首发信息一览
2693.HK,金岩高岭新材,2025-12-03,2025-12-28,2025-11-25,2025-11-28,2025-11-25,2025-12-02,主板,"发售以供认购,发售以供配售",是,7.3,7.3,7.3,500,3686.82,24300000,2430000,21870000,177390000.0,124300000.0,HKD,"约70.8%将用于未来两年莫来石基铝矽系材料深加工项目,旨在提高耐火用莫来石材料的产能。约20.6%将用于建立矽铝新材料工程技术研究中心,从而显著提升公司的研发能力,以持续开发新产品。约0.6%将用于偿还公司若干银行贷款的本金总额及应计利息。约8.0%将分配至营运资金及一般企业用途。",6876.17,2.01,42.9670781893,首发信息一览
2539.HK,乐摩科技,2025-12-03,2025-12-02,2025-11-25,2025-11-28,2025-12-01,2025-12-02,主板,"发售以供认购,发售以供配售",是,27.0,40.0,40.0,100,4040.35,5555600,555600,5000000,222224000.0,182160000.0,HKD,"约占所得款项净额的60.0%,将用于扩大公司的服务网点的覆盖范围及渗透率。约占所得款项净额的20.0%,将用于持续提升和迭代公司的技术。约占所得款项净额的10.0%,将用于提升公司的品牌知名度及曝光度。约占所得款项净额的10.0%,将用作运营资金及其他一般公司用途。",7324.29,6.78,,首发信息一览
9609.HK,海伟股份,2025-11-28,2025-12-28,2025-11-20,2025-11-25,2025-11-20,2025-11-27,主板,"发售以供认购,发售以供配售",是,14.28,14.28,14.28,200,2884.8,30831400,3083200,27748200,531424488.0,476160000.0,HKD,所得款项净额的约82.0%预期将用于进一步扩大公司的产能;所得款项净额的约5.0%预期将用于提升公司的研发能力;所得款项净额的约3.0%预期将用于销售及营销活动;所得款项净额的约10.0%预期将用作营运资金及用于其他一般企业用途。,5426.27,6.11,40.65339947225,首发信息一览
2685.HK,量化派,2025-11-27,2025-12-24,2025-11-19,2025-11-24,2025-11-25,2025-11-26,主板,"发售以供认购,发售以供配售",是,8.8,9.8,9.8,500,4949.42,13347500,1335000,12012500,147955500.0,29350000.0,HKD,约55%将获分配用于提高公司的研发能力及改善公司的撮合服务的技术基础设施;约45%将获分配用于推广公司的业务模式。,9366.28,15.07,,首发信息一览
2788.HK,创新实业,2025-11-24,2025-12-19,2025-11-14,2025-11-19,2025-11-20,2025-11-21,主板,"发售以供认购,发售以供配售",是,10.18,10.99,10.99,500,5550.42,500000000,50000000,450000000,6319250000.0,6124600000.0,HKD,"约50.0%预期将用于拓展海外产能,包括建设一家电解铝冶炼厂以及购买及安装生产设备;约40.0%预期将用于公司的绿色能源项目,包括建设绿色能源发电站(特别是风力发电站及太阳能发电站第二期建设)以及购买及安装其所用设备;约10.0%预期将用于营运资金及一般公司用途。",447.2,19.85,43.182260869565,首发信息一览
2579.HK,中伟新材,2025-11-17,2025-12-12,2025-11-07,2025-11-12,2025-11-13,2025-11-16,主板,"发售以供认购,发售以供配售",是,34.0,37.8,34.0,200,7636.24,104225400,10422600,93802800,3543663600.0,3432609775.0,HKD,约50.0%将用于扩大生产及供应链能力;约40.0%将用作新能源电池材料的研发及数字化推进;约10.0%将用作营运资金及其他一般企业用途。,27.9,4.08,46.794316198637,首发信息一览
2698.HK,乐舒适,2025-11-10,2025-12-05,2025-10-31,2025-11-05,2025-11-06,2025-11-07,主板,"发售以供认购,发售以供配售",是,24.2,26.2,26.2,200,5292.85,90884000,9088400,81795600,2738334920.0,2573320000.0,HKD,"约71.4%预计将用作扩大公司的整体产能及升级公司的生产线;约11.6%预计将于2026年至2029年用作在非洲、拉丁美洲及中亚进行营销及推广活动;约4.7%预计将用作战略收购卫生用品行业的业务;约0.4%预计将用作升级公司的CRM系统,并于2026年至2029年逐步在公司于多个国家的业务运营中实施;约2.6%预计将用作于2026年至2029年聘用知名管理咨询公司,对新市场(例如秘鲁、墨西哥、萨尔瓦多及哈萨克斯坦)及新产品(例如卫生用品及纸巾产品)进行分析,并就策略执行及企业管理提供意见;约9.3%预计将用作营运资金及一般公司用途。",1813.77,34.33,39.426655670008,首发信息一览
0699.HK,均胜电子,2025-11-06,2025-12-04,2025-10-28,2025-11-03,2025-11-04,2025-11-05,主板,"发售以供认购,发售以供配售",是,,23.6,22.0,500,11919.01,155100000,15510000,139590000,3412200000.0,3252500000.0,HKD,"所得款项净额的约35.0%,预期将用于通过投资于公司的汽车智能解决方案和前沿技术的研发和商业化,提升公司在智能汽车科技行业的领导地位,把握下游汽车行业的变革机遇。所得款项净额的约35.0%,预期将用于改善公司的生产制造能力及成本效益以及优化公司的供应链管理。所得款项净额的约10.0%,预期将用于扩大公司的海外业务市场占有率,并与整车厂客户合作实现海外扩展。所得款项净额的约10.0%,预期将用于具有与公司业务在技术专长、业务营运和品牌概况方面互补的标的潜在投资和并购机会,旨在巩固公司在汽车行业电动化和智能化趋势中的市场地位。所得款项净额的约10.0%,预期将用于营运资金及一般企业用途。",147.67,9.78,24.382333978079,首发信息一览
0800.HK,文远知行-W,2025-11-06,2025-12-03,2025-10-28,2025-11-03,2025-11-04,2025-11-05,主板,"发售以供认购,发售以供配售",是,,35.0,27.1,100,3535.3,88250000,4412500,83837500,2391575000.0,2264340000.0,HKD,"约40.0%的所得款项净额将用于开发公司的自动驾驶技术栈,包括基础设施和核心能力、数据、自动驾驶技术解决方案和运营平台;约40.0%的所得款项净额将用于加快公司L4级车队的商业化量产及╱或运营,以提升公司自动驾驶产品和解决方案的质量,并在未来五年扩大公司的业务规模;约10.0%的所得款项净额将用于建立必要的营销团队和分支机构,以拓展现有市场和更多市场,以及投资于未来五年的营销活动。约10.0%的所得款项净额将用作营运资金和一般企业用途。",73.44,9.85,,首发信息一览
2630.HK,旺山旺水-B,2025-11-06,2025-12-03,2025-10-28,2025-11-03,2025-11-04,2025-11-05,主板,"发售以供认购,发售以供配售",是,32.0,34.0,33.37,200,6868.57,17597800,1759800,15838000,587238586.0,527360000.0,HKD,约38.0%将用于公司核心产品的研发;约27.0%将用于公司其他候选产品的研发;约10.0%将用于建设公司的青岛工厂;约15.0%将用于强化公司的销售及营销能力;约10.0%将用于营运资金及其他一般公司用途。,6238.42,16.87,,首发信息一览
2026.HK,小马智行-W,2025-11-06,2025-12-03,2025-10-28,2025-11-03,2025-11-04,2025-11-05,主板,"发售以供认购,发售以供配售",是,,180.0,139.0,100,18181.54,41955700,4195600,37760100,6706611000.0,6454360000.0,HKD,"所得款项净额约50%将于未来五年内分配作推行公司的市场进入战略,以在公司的主要可触及市场(包括自动驾驶出行服务及自动驾驶卡车服务)进行L4自动驾驶技术的大规模商业化,包括业务开发、生产、销售与营销、客户服务以及与行业参与者的合作。所得款项净额约40%将于未来五年内分配作持续投资于L4自动驾驶技术及解决方案的研发。所得款项净额约10%将用于营运资金需求及其他一般公司用途。",15.88,7.72,13.900806234326,首发信息一览
9927.HK,赛力斯,2025-11-05,2025-11-30,2025-10-27,2025-10-31,2025-11-03,2025-11-04,主板,"发售以供认购,发售以供配售",是,,131.5,131.5,100,13282.62,100200000,10020000,90180000,14283398500.0,14016410000.0,HKD,"约70.0%将用于公司的研发投入;约20.0%将用于多元化新营销渠道投入、海外销售及充电网络服务,以提升公司的全球品牌知名度;约10.0%将用作营运资金及一般公司用途。",132.68,8.61,44.954105635294,首发信息一览
2718.HK,明略科技-W,2025-11-03,2025-11-27,2025-10-23,2025-10-28,2025-10-23,2025-10-31,主板,"发售以供认购,发售以供配售",是,141.0,141.0,141.0,40,5696.88,7219000,721920,6497080,1170553800.0,1048400000.0,HKD,"所得款项净额约35%预期将于未来三年用于提升公司的技术研发能力;所得款项净额约40%预期将用于产品开发,以丰富公司的产品组合;所得款项净额约15%预期将用于营销、品牌推广及销售团队扩张,旨在进一步扩大公司的客户群并深化公司在数据智能行业的立足点;所得款项净额约10%预期将用于营运资金及一般企业用途。",4452.86,13.93,39.20450986533,首发信息一览
6031.HK,三一重工,2025-10-28,2025-11-23,2025-10-20,2025-10-23,2025-10-24,2025-10-27,主板,"发售以供认购,发售以供配售",是,20.3,21.3,21.3,200,4302.97,580424600,58042600,522382000,15349086720.0,15189700000.0,HKD,约45.0%的所得款项净额将用于进一步发展公司的全球销售及服务网络，以提高全球品牌知名度、市场渗透率和服务效率。约25.0%的所得款项净额将用于增强公司的研发能力。约20.0%的所得款项净额将用于扩大海外制造能力和优化生产效率。约10.0%的所得款项净额将用于营运资金和一般公司用途。,52.93,13.96,38.486907838644,首发信息一览
6166.HK,剑桥科技,2025-10-28,2025-11-10,2025-10-20,2025-10-23,2025-10-24,2025-10-27,主板,"发售以供认购,发售以供配售",是,,68.88,68.88,50,3478.73,67010500,6701050,60309450,5308030560.0,5157100000.0,HKD,"所得款项净额中的约50.0%用于提升自身设施及目前及未来co-location合作伙伴设施的产能。将所得款项净额中的约20.0%用于进一步提升公司的研发人才及技术,以实现更多研发突破。将所得款项净额中的约5.0%用于业务推广及营销。将所得款项净额中的约15.0%用于海外战略投资,以实现公司的长期增长战略。将所得款项净额中的约10.0%用作一般公司用途,包括营运资金需求。",338.7,16.5,42.51479328333,首发信息一览
6980.HK,八马茶业,2025-10-28,2025-10-27,2025-10-20,2025-10-23,2025-10-24,2025-10-27,主板,"发售以供认购,发售以供配售",是,45.0,50.0,50.0,100,5050.43,9000000,900000,8100000,450000000.0,389890000.0,HKD,"约35.0%预计将用于扩建公司的生产基地及建造新生产基地。约20.0%预计将用于提升公司的品牌价值及扩大公司的产品组合。约15.0%预计将用于为公司直营线下门店网络的扩张提供资金,并专注于开设更多门店(如旗舰店)以提升公司的品牌价值。约10.0%预计将用于提升公司业务运营的数字化水平。约10.0%预计将用于收购或投资于中国茶行业的参与者。约10.0%预计将用作营运资金及其他一般企业用途。",2680.04,13.58,,首发信息一览
1384.HK,滴普科技,2025-10-28,2025-10-27,2025-10-20,2025-10-23,2025-10-20,2025-10-27,主板,"发售以供认购,发售以供配售",是,26.66,26.66,26.66,200,5385.77,26632000,1331600,25300400,710009120.0,609770000.0,HKD,"所得款项净额约40%将用于未来五年提升研发能力;所得款项净额约30%将用于扩大公司在中国的销售网络及客户群,从而加强公司的商业化能力;所得款项净额约15%将用于海外业务扩张;所得款项净额约5%将用于潜在投资、并购机会,旨在进一步加强公司的核心技术能力,巩固公司的技术实力;所得款项净额约10%将用于营运资金及一般公司用途。",7569.83,16.61,,首发信息一览
0638.HK,广和通,2025-10-22,2025-11-16,2025-10-14,2025-10-17,2025-10-20,2025-10-21,主板,"发售以供认购,发售以供配售",是,19.88,21.5,21.5,200,4343.37,135080200,13508200,121572000,2904224300.0,2810600000.0,HKD,"约55.0%的所得款项净额,预期将分配作研发用途,主要包括与AI技术及机器人技术相关的技术创新及产品开发。约15.0%的所得款项净额,预期将于未来五年分配用于在中国深圳建设制造设施,主要用于生产(i)模组产品及(ii)作为公司解决方案一部分的终端产品(‘深圳设施’)。约10.0%的所得款项净额,预期将分配用于偿还若干计息银行借款。约10.0%的所得款项净额,预期将分配用于战略投资及╱或收购。约10.0%的所得款项净额,预期将用作营运资金及其他一般企业用途。",550.99,9.16,43.035174659202,首发信息一览
6687.HK,聚水潭,2025-10-21,2025-11-16,2025-10-13,2025-10-16,2025-10-13,2025-10-20,主板,"发售以供认购,发售以供配售",是,30.6,30.6,30.6,100,3090.85,68166200,6816700,61349500,2398767660.0,2237920000.0,HKD,约55%将于未来五年用于提升公司的研发能力，以丰富公司的产品矩阵；约25%将用于未来五年提升公司的销售及营销能力；约10%将在未来五年用于战略投资；约10%将用于一般公司用途。,1952.95,22.89,42.176854260241,首发信息一览
2637.HK,海西新药,2025-10-20,2025-10-17,2025-10-09,2025-10-14,2025-10-15,2025-10-17,主板,"发售以供认购,发售以供配售",是,69.88,86.4,86.4,50,4363.57,11500000,1150000,10350000,993600000.0,940130000.0,HKD,"约52.0%所得款项净额预期将用于持续投资于研发,以推进公司管线中的在研药物并丰富公司的产品组合。约23.0%所得款项净额预计将用于提升公司的研发能力及寻求合作机会。约8.0%所得款项净额预计将用于增强公司的商业化能力及扩大市场影响力。约7.0%所得款项净额预计将用于改善和优化公司的研发和生产系统。约10.0%所得款项净额预计将用作公司的营运资金及其他一般企业用途。",3165.1,6.3,17.232447665056,首发信息一览
2670.HK,云迹,2025-10-16,2025-11-12,2025-10-08,2025-10-13,2025-10-08,2025-10-15,主板,"发售以供认购,发售以供配售",是,95.6,95.6,95.6,50,4828.21,6900000,345000,6555000,758586000.0,688800000.0,HKD,"约60.0%将用于在未来五年持续提升公司的研发能力,以进一步改进公司机器人智能体技术,并提高公司产品及服务的通用性及适应性。约30.0%预期将用于在未来五年提高公司在中国境内外的商业化能力。约10.0%用作营运资金及其他一般公司用途。",5657.2,18.62,,首发信息一览
2575.HK,轩竹生物-B,2025-10-15,2025-10-14,2025-10-06,2025-10-10,2025-10-06,2025-10-14,主板,"发售以供认购,发售以供配售",是,11.6,11.6,11.6,500,5858.5,67333500,6733500,57233500,781068600.0,701000000.0,HKD,约45.0%用于公司核心产品(即KBP-3571、XZP-3287及XZP-3621)的研究及开发;约14.0%用于公司关键产品(即KM602、KM501、XZP-7797及XZP-6924)的研发;约11.0%用于为其他候选药物(包括XZB-0004、XZP-5610、XZP-6019及XZP-6877)的研发拨资;约20.0%被分配用于增强公司的商业化及市场营销能力;约10.0%用于营运资金及其他一般公司用途。,4908.33,10.15,9.8070771248518,首发信息一览
2650.HK,挚达科技,2025-10-10,2025-11-05,2025-09-30,2025-10-06,2025-10-08,2025-10-09,主板,"发售以供认购,发售以供配售",是,66.92,83.63,66.92,50,4223.68,5978900,597900,5381000,400107988.0,326580000.0,HKD,"约38.0%的所得款项净额预计将在未来五年用于公司的海外扩张;约36.5%的所得款项净额预计将在未来五年用于研发以丰富公司产品及服务组合,以及增强公司的数字化平台及研发能力;约10.0%的所得款项净额预计将用于并购活动,以提升公司提供综合能源管理解决方案的能力;约5.5%的所得款项净额预计将用于升级宣城工厂的现有生产设施及设备;约10.0%的所得款项净额预计将用作包括营运资金需求在内的一般企业用途。",5440.8,2.37,,首发信息一览
8549.HK,金叶国际集团,2025-10-10,2025-10-09,2025-09-30,2025-10-06,2025-10-08,2025-10-09,创业板,"发售以供认购,发售以供配售",是,0.45,0.65,0.5,5000,3282.77,100000000,10000000,90000000,50000000.0,31300000.0,HKD,约所得款项净额约56.1%将用于拨付公司新项目的前期成本;约所得款项净额约32.6%将用于招聘新员工及租赁额外办公室;约所得款项净额约1.3%将用于将公司的‘GLERP’系统升级;及所得款项净额约10.0%将用作公司的一般营运资金。,11464.72,1.2,,首发信息一览
2652.HK,长风药业,2025-10-08,2025-10-06,2025-09-26,2025-10-02,2025-09-26,2025-10-06,主板,"发售以供认购,发售以供配售",是,14.75,14.75,14.75,500,7449.38,41198000,4120000,37078000,607670500.0,525400000.0,HKD,约40.0%将用于为公司国内及国际的吸入制剂候选产品的持续研发、临床开发及商业化提供资金;约20.0%将用于为公司多个管线计划及技术的临床前研发提供资金;约30.0%将用于为公司生产设施、设备采购及生产管理系统的扩张及升级提供资金;约10.0%将用作营运资金及其他一般公司用途。,6697.8,12.74,,首发信息一览
2259.HK,紫金黄金国际,2025-09-30,2026-04-08,2025-09-19,2025-09-25,2025-09-19,2025-09-29,主板,"发售以供认购,发售以供配售",是,71.59,71.59,71.59,100,7231.19,348990700,34899100,296642000,28731880487.0,28172200000.0,HKD,"所得款项净额约27.52%将用于支付收购哈萨克斯坦Raygorodok金矿的代价；所得款项净额约50.1%将于未来五年内用于现有矿山的升级及建设项目,以全面提升公司的产能；所得款项净额约12.37%将于未来五年内用于公司运营的所有矿山的勘探活动,以充分实现公司的增长潜力；所得款项净额约10%将用作一般公司用途。",240.74,20.38,43.395052515415,首发信息一览
2889.HK,博泰车联,2025-09-30,2025-10-31,2025-09-22,2025-09-25,2025-09-22,2025-09-29,主板,"发售以供认购,发售以供配售",是,102.23,102.23,102.23,20,2065.23,10436900,1043700,9393200,1066964287.0,919120000.0,HKD,"约30%所得款项净额预计将用于扩大产品组合和解决方案以及增强技术,进一步加强涵盖软件、硬件和云端车联网的全方位自主能力;约30%所得款项净额预计将分配用于提高公司的生产、测试及验证能力;约20%所得款项净额预计将用于扩大公司的销售和服务网络,以提高公司的品牌知名度;约10%所得款项净额预计将用于旨在进一步整合行业资源的战略性投资;约10%所得款项净额将分配用于营运资金及一般企业用途。",529.79,3.72,43.561977215457,首发信息一览
2583.HK,西普尼,2025-09-30,2025-09-29,2025-09-19,2025-09-25,2025-09-26,2025-09-29,主板,"发售以供认购,发售以供配售",是,27.0,29.6,29.6,100,2989.85,10600000,1060000,9540000,313760000.0,268570000.0,HKD,"约40.28%将用于进一步提升公司的产能,以巩固公司在足金贵金属手表及镶足金的镶贵金属手表市场的地位,并把握智能手表及饰品市场的增长机遇；约17.11%将用于透过于新莆田生产基地建立莆田研发中心加强研发能力以推动业务持续增长；约33.24%将用于扩大及优化公司的销售网络、加强公司的品牌建设及提升公司的品牌影响力及知名度；约9.37%将用作营运资金或一般企业用途。",2505.9,3.9,,首发信息一览
9973.HK,奇瑞汽车,2025-09-25,2025-10-22,2025-09-17,2025-09-22,2025-09-23,2025-09-24,主板,"发售以供认购,发售以供配售",是,27.75,30.75,30.75,100,3106.0,297397000,29739700,267657300,10417266675.0,10128600000.0,HKD,"所得款项净额约35.0%将于未来一至三年用于研发不同车型和版本的乘用车,以进一步扩大公司的产品组合；所得款项净额约25.0%将用于未来一至三年下一代汽车及先进技术的研发以提高公司的核心技术能力；所得款项净额约20.0%将用于未来一至四年拓展海外市场及执行公司的全球化策略；所得款项净额约10.0%将用于未来一至四年提升公司位于安徽芜湖的生产设施；所得款项净额约10.0%将用于营运资金及一般企业用途。",308.18,11.61,43.893268912596,首发信息一览
6090.HK,不同集团,2025-09-23,2025-09-22,2025-09-15,2025-09-18,2025-09-19,2025-09-22,主板,"发售以供认购,发售以供配售",是,62.01,71.2,71.2,100,7191.8,10980900,1098100,9882800,781840080.0,718260000.0,HKD,"所得款项净额的约25.7%将用于提升公司的生产能力；所得款项净额的约16.6%将用于扩大公司于北美、欧洲及东南亚等海外市场的影响力；所得款项净额的约34.1%将用于公司的品牌活动及公司销售网络的扩大；所得款项净额的约13.6%将用于研发新品,目标是扩大公司产品组合的广度及深度；所得款项净额的约10%将用作营运资金和一般企业用途。",3317.47,7.37,14.960284461242,首发信息一览
2595.HK,劲方医药-B,2025-09-19,2025-10-16,2025-09-11,2025-09-16,2025-09-11,2025-09-18,主板,"发售以供认购,发售以供配售",是,20.39,20.39,20.39,200,4119.13,77600000,7760000,69840000,2092544140.0,1930555016.0,HKD,所得款项净额的约71.0%将用作公司的核心产品GFH925及GFH375的进一步开发资金；所得款项净额的约19.0%将用作为公司的其他候选产品(如GFH312、GFS202A、GFH276、GFS784及其他临床前候选药物)的开发提供资金；所得款项净额的约10%将用作公司的营运资金及其他一般企业用途。,2662.79,39.05,37.257517540634,首发信息一览
2656.HK,健康160,2025-09-17,2025-09-16,2025-09-09,2025-09-12,2025-09-15,2025-09-16,主板,"发售以供认购,发售以供配售",是,11.89,14.86,11.89,250,3752.47,33645500,3364750,30280750,400044995.0,316100000.0,HKD,约40.0%将用于进一步扩大医疗资源覆盖面。约30.0%将用于加强公司的研发能力。约10.0%将用于丰富产品及服务种类并探索增值服务。约10.0%将用于有选择地进行战略合作及收购。约10.0%将用作营运资金及一般企业用途。,751.77,1.92,,首发信息一览
2525.HK,禾赛-W,2025-09-16,2025-09-16,2025-09-08,2025-09-11,2025-09-12,2025-09-15,主板,"发售以供认购,发售以供配售",是,,228.0,212.8,20,4605.99,17000000,1700000,15300000,4784276000.0,4611150000.0,HKD,"所得款项净额约50%预计将分配用作研发投资。所得款项净额约35%预计将分配用作投资公司的生产能力,以确保持续交付高性能、高可靠性的产品,满足客户不断变化的需求。所得款项净额约5%预计将分配用作业务发展,以加速公司的业务扩张。所得款项净额约10%预计将分配用作营运资金及一般企业用途,以支持公司的业务运营及增长。",168.65,14.09,24.114411480441,首发信息一览
2543.HK,大行科工,2025-09-09,2025-10-05,2025-09-01,2025-09-04,2025-09-01,2025-09-08,主板,"发售以供认购,发售以供配售",是,49.5,49.5,49.5,100,4999.92,7920000,792000,7128000,447529500.0,395000000.0,HKD,"预期约30.0%将用于生产系统现代化及扩大运营规模,以提升公司的制造能力;预期约30.0%将用于强化经销网络及策略性品牌发展,以巩固公司的市场地位及加快全球扩张;预期约30.0%将用于加强研发能力,以提升公司的技术;预期约10.0%将用作公司的营运资金及其他一般企业用途。",7558.4,21.65,22.276207193045,首发信息一览
2580.HK,奥克斯电气,2025-09-02,2025-09-28,2025-08-25,2025-08-28,2025-08-29,2025-09-01,主板,"发售以供认购,发售以供配售",是,16.0,17.42,17.42,200,3519.14,207161200,10358200,196803000,4150057184.0,3993500000.0,HKD,约20%的所得款项净额预期将用于公司的全球研发。约50%的所得款项净额预期将用于升级公司的智能制造体系及供应链管理。约20%的所得款项净额预期将用于加强公司的销售及经销渠道。约10%的所得款项净额预期将用于营运资金及一般公司用途。,557.2,8.3,23.473189520272,首发信息一览
3858.HK,佳鑫国际资源,2025-08-28,2025-08-28,2025-08-20,2025-08-25,2025-08-20,2025-08-27,主板,"发售以供认购,发售以供配售",是,10.92,10.92,10.92,400,4412.06,109808800,10981200,98827600,1378977600.0,1261300000.0,HKD,约55.0%将用作拨付巴库塔钨矿项目开发的资本成本;约10.0%将用作发展公司的仲钨酸铵(APT)生产能力;约25.0%将用作偿还公司部分以欧元计值的银行贷款的本金总额及应计利息;约10.0%将分配作营运资金及其他一般公司用途。,2041.62,21.11,43.479096397215,首发信息一览
6960.HK,双登股份,2025-08-26,2025-09-21,2025-08-18,2025-08-21,2025-08-18,2025-08-25,主板,"发售以供认购,发售以供配售",是,14.51,14.51,14.51,500,7328.17,58557000,5856000,52701000,977110655.0,877840000.0,HKD,"所得款项净额约40.0%将用作于东南亚兴建一个锂离子电池生产设施,所得款项净额约35.0%,拟用于资助于泰州建立一个研发中心,所得款项净额约15.0%拟用作加强公司的海外销售及营销,所得款项净额约10.0%拟用作拨付营运资金及其他一般企业用途。",3876.25,18.75,24.433290516108,首发信息一览
2631.HK,天岳先进,2025-08-20,2025-09-14,2025-08-11,2025-08-15,2025-08-17,2025-08-19,主板,"发售以供认购,发售以供配售",是,,42.8,42.8,100,4323.17,47745700,2387300,45358400,2350041000.0,2237700000.0,HKD,"约70%预计将用于扩张公司8英寸及更大尺寸碳化硅衬底的产能。约20%将用于加强研发能力,保持公司在创新方面的领先地位。约10%预计将用于营运资金及其他一般企业用途,以支持公司的日常运营及未来业务发展。",2809.19,9.04,31.499033421119,首发信息一览
2591.HK,银诺医药-B,2025-08-15,2025-08-14,2025-08-07,2025-08-12,2025-08-07,2025-08-14,主板,"发售以供认购,发售以供配售",是,18.68,18.68,18.68,200,3773.68,36556400,3655800,32900600,682873552.0,634700000.0,HKD,约90.0%将用于正在进行及计划中的临床试验以及核心产品依苏帕格鲁肽α的计划商业化上市，约10.0%将用于营运资金及一般公司用途。,5341.66,10.67,11.466251661186,首发信息一览
2627.HK,中慧生物-B,2025-08-11,2025-08-08,2025-07-31,2025-08-06,2025-08-07,2025-08-08,主板,"发售以供认购,发售以供配售",是,12.9,15.5,12.9,200,3131.26,33442600,3344400,30098200,431409540.0,382700000.0,HKD,约63.6%将分配至公司的核心产品的开发及国内外注册;约18.1%将用于公司的其他在研疫苗的开发和注册;约8.4%将分配至提升公司的生产及商业化能力;约4.9%将分配至公司的技术平台(包括公司的基因工程及蛋白质表达与纯化平台、mRNA疫苗研究平台及佐剂开发与生产平台、大规模扩增平台、多糖结合技术平台及微生物与免疫学研究平台)的开发、升级及运营;约5.0%将分配至营运资金及其他一般公司用途。,4007.64,0.99,23.651400940276,首发信息一览
6887.HK,东阳光药,2025-08-07,2025-08-06,,,,,主板,介绍,是,,,,,,,,,,,,,,,,首发信息一览
9887.HK,维立志博-B,2025-07-25,2025-08-07,2025-07-17,2025-07-22,2025-07-23,2025-07-24,主板,"发售以供认购,发售以供配售",是,31.6,35.0,35.0,100,3535.3,32054400,3205500,28848900,1483713000.0,1363100000.0,HKD,"约65.0%将用于公司临床阶段候选药物正在进行及计划进行的临床开发及监管事务;约15.0%将用于推进公司的临床前资产、扩展公司的现有管线及优化公司的技术平台;约10.0%将主要用于提升公司的生产能力,其次用于候选药物获批销售后的商业化;及约10.0%将用于营运资金及一般企业用途。",3494.78,40.78,36.504788998951,首发信息一览
2590.HK,极智嘉-W,2025-07-09,2025-08-04,2025-06-30,2025-07-04,2025-06-30,2025-07-08,主板,"发售以供认购,发售以供配售",是,16.8,16.8,16.8,200,3393.89,140353000,14035400,126317600,2991670080.0,2813830000.0,HKD,约40%的所得款项净额将于未来六年分配用于投资研发及产品迭代计划。约20%的所得款项净额将于未来六年分配用于扩大国际品牌影响力及加强市场参与。约15%的所得款项净额将于未来六年分配用于支持公司不断扩大的供应链发展。约15%的所得款项净额用于开发先进的数字化管理平台和升级网络安全IT基础设施。约10%的所得款项净额将分配作一般公司用途。,133.62,30.17,23.95744252655,首发信息一览
2597.HK,讯众通信,2025-07-09,2025-08-04,2025-06-30,2025-07-04,2025-07-07,2025-07-08,主板,"发售以供认购,发售以供配售",是,13.55,15.15,13.55,500,7651.39,30440000,3044000,27396000,412500000.0,367500000.0,HKD,约45.4%将用于公司服务及解决方案的持续改进和开发。约15.6%将用于扩展销售渠道。约16.2%将用于在中国的收购活动。约12.8%预期将用于偿还公司未偿还的贷款。约10.0%预期将用作营运资金及其他一般企业用途。,12.79,1.01,31.391654545455,首发信息一览
2651.HK,大众口腔,2025-07-09,2025-08-04,2025-06-30,2025-07-04,2025-07-07,2025-07-08,主板,"发售以供认购,发售以供配售",是,20.0,21.4,20.0,100,2161.58,10861800,1086200,9775600,217240000.0,178170000.0,HKD,约35.0%将用作于武汉及其他华中地区城市建立新口腔医疗机构;约25.0%将用作收购口腔医疗机构;约10.0%将用作升级及翻新公司部分现有的口腔医疗机构;约10.0%将用作优化公司的信息技术基础设施及信息技术系统;约10.0%将用作发展公司的医疗专业团队以进一步支持口腔医疗服务网络的持续增长;约10.0%将用作营运资金及一般企业用途。,108.25,0.96,,首发信息一览
6613.HK,蓝思科技,2025-07-09,2025-08-03,2025-06-30,2025-07-04,2025-07-07,2025-07-08,主板,"发售以供认购,发售以供配售",是,17.38,18.18,18.18,200,3672.68,262256800,28848400,233408400,5483000736.0,5404490000.0,HKD,"约48%,将用于丰富与扩展公司的产品及服务组合,并探索公司产品的其他应用场景。约28%,将用于扩大公司的海外业务布局,提升公司的海外产能,增强公司的海外交付能力,更好地服务客户。约14%,将用于提升公司的垂直整合智能智造能力,包括提高公司的垂直一体化能力,以及促进‘智能智造工厂’的发展。约10%,将用作营运资金及其他一般企业用途。",462.76,16.68,27.345196475275,首发信息一览
1304.HK,FORTIOR,2025-07-09,2025-07-24,2025-06-30,2025-07-04,2025-07-07,2025-07-08,主板,"发售以供认购,发售以供配售",是,,120.5,120.5,100,12171.53,16299500,1630000,14669500,2597497800.0,2462620000.0,HKD,"所得款项净额约34%预计将用于增强公司的研发和创新能力;所得款项净额约10%预计将用于进一步丰富公司的产品组合及扩展下游应用;所得款项净额约16%预计将用于扩展公司的海外销售网络及于海外市场推广公司的产品;所得款项净额约30%预计将用于战略性投资及╱或收购,以实现公司的长期增长策略;及所得款项净额约10%预计将用于营运资金及一般企业用途。",138.26,8.61,33.84533569191101,首发信息一览
1828.HK,富卫集团,2025-07-07,2025-08-01,2025-06-26,2025-07-02,2025-06-26,2025-07-04,主板,"发售以供认购,发售以供配售",是,38.0,38.0,38.0,100,3838.32,91342100,9134300,82207800,3661053000.0,3125700000.0,HKD,"提高保险集团监管制度下的资本水平,并为营运实体提供增长资金,用于加强公司的股本、偿付能力及核心流动资金,以及建立超出适用法定要求的资本缓冲。",37.13,2.32,53.263271523248,首发信息一览
2648.HK,安井食品,2025-07-04,2025-07-30,2025-06-25,2025-06-30,2025-07-01,2025-07-03,主板,"发售以供认购,发售以供配售",是,,66.0,60.0,100,6666.56,39994700,3999500,35995200,2399682000.0,2302000000.0,HKD,"约35.0%用于扩大销售及经销网络。约35.0%用于提升采购能力,优化供应链并搭建供应链系统。约15.0%用于业务营运数字化。约5.0%用于产品开发及技术创新。约10.0%将拨作营运资金及一般公司用途。",44.2,5.85,29.438400588078,首发信息一览
2592.HK,拨康视云-B,2025-07-03,2025-07-02,2025-06-24,2025-06-27,2025-06-24,2025-07-02,主板,"发售以供认购,发售以供配售",是,10.1,10.1,10.1,500,5100.94,60582000,6058500,54523500,611880000.0,522210000.0,HKD,"约62.4%将用于拨付公司的核心产品CBT-001的持续临床研发活动(包括研发人员及研发活动的成本及开支),以及注册备案及获批后研究所需资金。约27.6%将用于拨付持续临床研发活动。约5.5%将用于拨付生产设施及商业化活动所需资金。约4.5%将用作营运资金及其他一般企业用途。",78.78,0.89,29.24952605086,首发信息一览
9678.HK,云知声,2025-06-30,2025-07-25,2025-06-20,2025-06-25,2025-06-26,2025-06-27,主板,"发售以供认购,发售以供配售",是,165.0,205.0,205.0,20,4141.35,1560980,156100,1404880,367999600.0,252000000.0,HKD,约45.6%将于未来五年被用于提高公司的研发能力;约47.0%将于未来五年被分配用于投资新兴的商业机会;约7.4%将被分配于营运资金和一般企业用途。,91.66,1.7,25.903744732331,首发信息一览
6603.HK,IFBH,2025-06-30,2025-07-25,2025-06-20,2025-06-25,2025-06-26,2025-06-27,主板,"发售以供认购,发售以供配售",是,25.3,27.8,27.8,200,5616.07,41666800,4166800,37500000,1158337040.0,1073930000.0,HKD,"约30%将用于加强公司的仓配能力。约22%将用于品牌建设。约13%将用于巩固公司在中国内地的市场地位及渗透程度,拓展澳洲、美洲及东南亚的业务。约5%将用于提升公司的开发能力。约20%将用于在亚洲、北美或澳洲组建策略联盟及进行收购,藉此扩展业务。约10%将用作营运资金及其他一般企业用途。",2682.35,22.93,26.759914368274,首发信息一览
3880.HK,泰德医药,2025-06-30,2025-06-27,2025-06-20,2025-06-25,2025-06-26,2025-06-27,主板,"发售以供认购,发售以供配售",是,28.4,30.6,30.6,100,3090.85,16800000,1680000,15120000,514080000.0,428770000.0,HKD,约76.4%将用于在美国及中国建设设施以进一步扩大公司的服务能力及产能;所得款项净额的约4.1%将用于扩张中国的产能;所得款项净额的约9.5%将用于在更多地区建立销售及售后服务网点;所得款项净额的约10.0%将用于公司的营运资金及其他一般公司用途。,301.15,2.43,15.269024276377,首发信息一览
6168.HK,周六福,2025-06-26,2025-07-23,2025-06-18,2025-06-23,2025-06-18,2025-06-25,主板,"发售以供认购,发售以供配售",是,24.0,24.0,24.0,100,2424.2,46808000,4680800,42127200,1485684000.0,1379970000.0,HKD,约50.0%将分配用于扩大和加强公司的销售网络;约20.0%将用于加强公司的品牌;约20.0%将分配用于提升公司的产品供应及加强公司的产品设计及开发能力;约10.0%将分配作运营资金及一般企业用途。,711.11,13.55,38.786668450552,首发信息一览
2508.HK,圣贝拉集团,2025-06-26,2025-07-23,2025-06-18,2025-06-23,2025-06-18,2025-06-25,主板,"发售以供认购,发售以供配售",是,6.58,6.58,6.58,500,3323.18,95420000,9542000,85878000,804052970.0,709080000.0,HKD,约29%将用于扩展产后护理网络;约37%将用于推出新服务及产品;约6%将用于培训专业家庭护理专家;约18%将用于研发活动;约9%将用作营运资金及其他一般企业用途。,193.0,15.59,40.375876479879,首发信息一览
6883.HK,颖通控股,2025-06-26,2025-07-23,2025-06-18,2025-06-23,2025-06-24,2025-06-26,主板,"发售以供认购,发售以供配售",是,2.8,3.38,2.88,1000,3414.09,333400000,33340000,300060000,960192000.0,882520000.0,HKD,"约15.0%进一步发展公司的自有品牌及收购或投资外部品牌。约55.0%发展及扩大公司的直销渠道。约10.0%加速数字化转型。约10.0%提升集团的知名度及声誉。约10.0%营运资金及一般企业用途,以支持公司的业务营运及增长。",35.84,3.5,,首发信息一览
2643.HK,曹操出行,2025-06-25,2025-07-21,2025-06-17,2025-06-20,2025-06-17,2025-06-24,主板,"发售以供认购,发售以供配售",是,41.94,41.94,41.94,100,4236.3,44178600,4417900,39760700,1852850484.0,1718350000.0,HKD,"所得款项净额约19.0%将在未来三年内用于改进公司的车服解决方案及改善公司的服务质量。所得款项净额约18.0%将在未来三年内用于提升并推出一系列定制车。所得款项净额约17.0%将在未来三年用于提升公司的技术及投资自动驾驶。所得款项净额约16.0%将在未来三年内用于扩大公司的地理覆盖范围。所得款项净额约20.0%将用于偿还若干银行借款的部分本金及利息,有关银行借款的本金分别为人民币116百万元、人民币150百万元、人民币160百万元及人民币200百万元,固定期限为一年。所得款项净额约10.0%预期将用作营运资金及其他一般公司用途。",21.14,2.78,51.359783653218,首发信息一览
2619.HK,香江电器,2025-06-25,2025-06-24,2025-06-17,2025-06-20,2025-06-23,2025-06-24,主板,"发售以供认购,发售以供配售",是,2.86,3.35,2.86,1000,3383.79,68220000,6822000,61398000,195109200.0,155570000.0,HKD,"约占所得款项净额的41.9%,将用于设立泰国厂房以增强全球布局。约占所得款项净额的15.8%,将用于自动化与数字化升级改造以实现可持续增长。约占所得款项净额的37.3%,将用于设立新研发中心。占所得款项净额的5.0%,将用作集团的一般营运资金。",852.38,1.08,44.444444444444,首发信息一览
2050.HK,三花智控,2025-06-23,2025-07-18,2025-06-13,2025-06-18,2025-06-19,2025-06-20,主板,"发售以供认购,发售以供配售",是,21.21,22.53,22.53,100,2275.72,360330000,25223100,335106900,10736365092.0,10567000000.0,HKD,"所得款项净额约30%将用于产品组合的持续全球研发及创新,包括公司的技术、现有产品、新产品及新兴业务,以巩固公司的现有实力,并于未来三年实现持续增长。所得款项净额约30%将用于未来三年内于中国扩建及新建工厂以及提高生产自动化水平,以进一步提高公司的产能及效率。所得款项净额约25%将用于通过扩大公司的海外产能深化全球化布局,预期可使公司在未来三年内把握全球范围内的新商机,深化实施供应链本地化策略。所得款项净额约5%将用于在未来三年内加强公司的数字智能基础设施,提高供应链管理、研发、生产、质量控制、销售及运营等多项业务流程的数字化能力。所得款项净额约10%将用作营运资金及一般企业用途。",747.92,23.57,41.063968691649,首发信息一览
2609.HK,佰泽医疗,2025-06-23,2025-06-20,2025-06-13,2025-06-18,2025-06-19,2025-06-20,主板,"发售以供认购,发售以供配售",是,4.22,6.75,4.22,600,4090.85,133105800,13311000,119794800,561706476.0,467800000.0,HKD,"约35.7%用于持续强化公司的肿瘤全周期医疗服务,主要通过采购医疗设备,聘请医疗专业人员。约30.6%用于在有适当机会出现时在符合以下标准的新市场收购医院:(i)人口规模较大;(ii)经济发展达到一定水平;及(iii)由于公司的专科肿瘤领域(如消化系统肿瘤、肺癌及乳腺癌)的医疗资源相对稀缺而存在需求缺口的省份及/或城市,包括但不限于公司已涉足的天津市、安徽省、山西省及河南省以及公司尚未涉足的山东省、湖北省、湖南省及浙江省。约15.3%用于扩展公司的医院管理业务,包括但不限于增强公司的信息系统及平台以及招聘运营管理专业人员。约10.2%用于升级公司的信息技术基础设施及/或系统。约8.1%用作营运资金及其他一般企业用途。",25.92,0.98,26.533629638979,首发信息一览
2617.HK,药捷安康-B,2025-06-23,2025-06-20,2025-06-13,2025-06-18,2025-06-13,2025-06-20,主板,"发售以供认购,发售以供配售",是,13.15,13.15,13.15,500,6641.31,15281000,1528500,13752500,200945150.0,161340000.0,HKD,约90.0%将用于为公司的核心产品Tinengotinib正在进行单药治疗CCA的多区域注册III期临床试验提供资金;及约10.0%将分配用于公司的一般营运资金及一般公司用途。,3419.87,0.97,63.96178260585,首发信息一览
3288.HK,海天味业,2025-06-19,2025-07-17,2025-06-11,2025-06-16,2025-06-16,2025-06-18,主板,"发售以供认购,发售以供配售",是,35.0,36.3,36.3,100,3666.62,263237500,15794300,247443200,10571445720.0,10446460000.0,HKD,"所得款项净额约20.0%将用于产品开发以及前沿技术的研发和工艺升级;所得款项净额约30.0%将用于产能扩张、采纳新技术及供应链的数字化升级;所得款项净额约20.0%将用于通过建立公司的全球品牌形象、拓展销售渠道以及提升海外供应链能力,以提升公司的全球影响力;所得款项净额约20.0%将用于增强公司的销售网络及提升其渗透能力;所得款项净额约10.0%将用作营运资金及一般企业用途。",918.15,22.93,44.126414906286,首发信息一览
9881.HK,容大科技,2025-06-10,2025-07-07,2025-05-30,2025-06-05,2025-06-06,2025-06-09,主板,"发售以供认购,发售以供配售",是,10.0,12.0,10.0,500,6060.51,18400000,1840000,16560000,184000000.0,131200000.0,HKD,所得款项净额约36.5%将用于进行研发活动以扩大产品组合及提高研发能力。所得款项净额约33.4%将用于增强生产效率及效益。所得款项净额约20.1%将用于扩大销售网络及国际版图。所得款项净额约10.0%用作营运资金及一般企业用途。,275.96,0.96,43.641304347826,首发信息一览
2605.HK,元光科技,2025-06-10,2025-06-09,2025-06-02,2025-06-05,2025-06-02,2025-06-09,主板,"发售以供认购,发售以供配售",是,9.75,9.75,9.75,400,3939.34,24856000,2485600,22370400,242346000.0,159730000.0,HKD,"所得款项净额的约45%将用于增强公司的技术能力;所得款项净额的约30%将用于销售及营销工作,以增强公司的市场占有率及品牌知名度;所得款项净额的约15%将用于自2025年至2027年招募约15名人才团队,包括(i)优化现有功能并将更多AI特色融入公司现有产品的产品开发专业人才,(ii)管理及营运该等产品并监督与用户及客户互动的营运专业人员,及(iii)在公司计划扩展的产业具有专业经验的专家;所得款项净额的约10%预期将用于营运资金及一般公司用途。",274.44,2.49,,首发信息一览
2573.HK,新琪安,2025-06-10,2025-06-09,2025-05-30,2025-06-05,2025-06-06,2025-06-09,主板,"发售以供认购,发售以供配售",是,18.9,20.9,18.9,200,4222.16,10585400,1058600,9526800,200064060.0,164150000.0,HKD,约21.3%用于泰国工厂的异麦芽酮糖醇生产;约55.3%用于生产海藻膳食纤维及丝氨酸;约13.4%在未来两年用于提升研发能力;约10.0%用作营运资金及一般企业用途。,149.37,0.93,29.990394076777,首发信息一览
2621.HK,手回集团,2025-05-30,2025-06-26,2025-05-22,2025-05-27,2025-05-28,2025-05-29,主板,"发售以供认购,发售以供配售",是,6.48,8.08,8.08,400,3264.59,24358400,2436000,21922400,196815872.0,134220000.0,HKD,"约60%预期将在未来60个月用于加强及优化公司的销售及营销网络以及改善公司的服务;约20%预期将在未来60个月用于提升公司的研发能力及改善公司的技术基础设施;约10%预期将用于甄选合并、收购及战略投资,包括继续寻求可补充或提升公司现有业务及对公司未来36至60个月的长远目标具有战略裨益的潜在业务;约10%预期将在未来60个月用作营运资金及一般企业用途。",990.0,1.13,24.924461376774,首发信息一览
2603.HK,吉宏股份,2025-05-27,2025-05-26,2025-05-19,2025-05-22,2025-05-23,2025-05-26,主板,"发售以供认购,发售以供配售",是,7.48,10.68,7.68,500,5393.85,67910000,6791000,61119000,521548800.0,415200000.0,HKD,"约40%将用于海外市场拓展;约35%将用于公司在以下各项的技术开发(1)公司的研发能力;(2)数据分析能力,提升公司的业务效率;及(3)吉喵云,拓宽公司的收入来源;约15%将用于扩大公司的品牌组合及发展公司现有的自主开发品牌;约10%将用作营运资金及用于一般企业用途。",49.39,1.62,29.804152554852,首发信息一览
2565.HK,派格生物医药-B,2025-05-27,2025-05-26,2025-05-19,2025-05-22,2025-05-19,2025-05-26,主板,"发售以供认购,发售以供配售",是,15.6,15.6,15.6,500,7878.66,19283500,1928500,17355000,300822600.0,231800000.0,HKD,约50.2%用于拨付公司核心产品PB-119的商业化及适应症扩展;约34.5%用于拨付公司主要产品PB-718的进一步开发;约5.3%用于拨付公司其他管线候选产品正在进行及计划进行的研发;约1.0%将用于业务开发活动及加强公司的海外业务;约9.0%将用作公司的营运资金及其他一般公司用途。,743.78,1.13,49.703114061244,首发信息一览
1276.HK,恒瑞医药,2025-05-23,2025-06-19,2025-05-15,2025-05-20,2025-05-21,2025-05-23,主板,"发售以供认购,发售以供配售",是,41.45,44.05,44.05,200,8898.85,224519800,12348600,212171200,11373604280.0,11218800000.0,HKD,约75%将用于公司的研发计划;约15%将用于在中国和海外市场建设新的生产和研发设施;约10%将用作公司的营运资金及其他一般企业用途。,454.85,17.09,36.318463068596,首发信息一览
2629.HK,MIRXES-B,2025-05-23,2025-05-22,2025-05-15,2025-05-20,2025-05-15,2025-05-22,主板,"发售以供认购,发售以供配售",是,23.3,23.3,23.3,100,2353.49,46620000,4662000,41958000,1086246000.0,880500000.0,HKD,"约51%将用于公司核心产品GASTROClearTM的研发、监管备案以及生产及商业化;约24%将用于正在进行及计划进行的研发提供资金,以进一步开发公司的管线产品;约15%将用于加强并整合公司的‘端到端’能力,以把握价值链上的巨大商业潜力;约10%将用于公司的营运资金及其他一般公司用途。",25.51,0.98,41.369369369369,首发信息一览
3750.HK,宁德时代,2025-05-20,2025-05-20,2025-05-12,2025-05-15,2025-05-16,2025-05-19,主板,"发售以供认购,发售以供配售",是,,263.0,263.0,100,26565.24,117894500,8842100,109052400,41005723900.0,40636500000.0,HKD,约90%将用于推进匈牙利项目第一期及第二期建设。约10%将用于营运资金及其他一般企业用途。,151.15,15.17,49.678673469291,首发信息一览
6831.HK,绿茶集团,2025-05-16,2025-06-12,2025-05-08,2025-05-13,2025-05-08,2025-05-15,主板,"发售以供认购,发售以供配售,发售现有证券",是,7.19,7.19,7.19,400,2905.0,168364000,16836400,151527600,847376012.0,745780000.0,HKD,约63.3%将用于扩大公司的餐厅网络。约26.3%将用于拨付在浙江省设立中央食材加工设施所需的资本开支。约5.4%将于未来三年内用于升级公司的信息技术系统及相关基础设施。约5.0%将拨作营运资金及其他一般企业用途。,317.54,7.2,71.428571428571,首发信息一览
2865.HK,钧达股份,2025-05-08,2025-06-02,2025-04-28,2025-05-02,2025-05-06,2025-05-07,主板,"发售以供认购,发售以供配售",是,20.4,28.6,22.15,100,2888.84,63432300,6343300,57089000,1405030000.0,1291670000.0,HKD,"所得款项约75.0%将用于兴建一个年化产能约为5GW(约等于截至2024年12月31日的年化产能44.1GW的11.3%)并预期将于2026年开始商业生产的海外光伏电池生产基地(‘海外工厂’)。所得款项约8.0%将用于研发先进技术,以保持公司在光伏电池及生产工艺方面的技术领先地位。所得款项约7.0%将用于建立及加强公司的海外销售业务及分销渠道。所得款项约10.0%将用作营运资金及一般公司用途。",3.5,1.08,35.094624314072,首发信息一览
2589.HK,沪上阿姨,2025-05-08,2025-06-01,2025-04-28,2025-05-02,2025-05-06,2025-05-07,主板,"发售以供认购,发售以供配售",是,95.57,113.12,113.12,30,3427.83,2411340,241140,2170200,313713241.6,233900000.0,HKD,"约25.0%将用于提升公司的数字化能力。约20.0%将用于研发以提高原材料及食材的品质,打造热销产品,丰富公司的产品种类,以及升级公司的设备及机器。约20.0%将用于提升公司的生产、加工、仓储、物流及分销能力,藉此加强公司的供应链能力。约15.0%将用于提升公司的品牌势能并进一步扩张及壮大公司的门店网络。约10.0%将用于投资各种营销活动。约10.0%将用作营运资金及其他一般企业用途。",3616.83,2.57,22.838130353724,首发信息一览
1333.HK,博雷顿,2025-05-07,2025-05-06,2025-04-25,2025-04-30,2025-04-25,2025-05-06,主板,"发售以供认购,发售以供配售",是,18.0,18.0,18.0,200,3636.31,13000000,1300000,11700000,234000000.0,147800000.0,HKD,"约40%预期用于投资技术进步以及开发新产品及服务。约40%预期将用于建立制造工厂及采购必要机器,以提升公司的制造能力。约10%预期将用于扩大公司的销售及服务网络,以及提升公司的品牌知名度。约10%预期将用于营运资金及一般公司用途。",198.72,0.92,27.136752136752,首发信息一览
9606.HK,映恩生物-B,2025-04-15,2025-05-06,2025-04-07,2025-04-10,2025-04-11,2025-04-14,主板,"发售以供认购,发售以供配售",是,94.6,103.2,94.6,100,10424.08,15071600,1507200,13564400,1885576660.0,1747520000.0,HKD,"约45.0%将在保留地区用于研究、开发及商业化公司的核心产品(即DB-1303及DB-1311);约30.0%将用于研发公司的关键产品;约15.0%将用于为公司ADC技术平台的持续开发提供资金,推进公司的其他管线资产以及探索及开发新药物资产;约10.0%将用于运营资金及其他一般公司用途。",115.14,13.52,26.799985952308,首发信息一览
3677.HK,正力新能,2025-04-14,2025-05-09,2025-04-03,2025-04-09,2025-04-03,2025-04-11,主板,"发售以供认购,发售以供配售",是,8.27,8.27,8.27,300,2506.02,121523700,12152400,109371300,1005100000.0,927500000.0,HKD,约80.0%将用于产能扩张及建设智能制造设施及柔性生产线。约10.0%将用于各项研发活动。约10.0%将用作为营运资金及其他一般公司用途拨资。,3.51,1.13,61.785564122973,首发信息一览
2625.HK,江苏宏信,2025-03-31,2025-03-28,2025-03-21,2025-03-26,2025-03-27,2025-03-28,主板,"发售以供认购,发售以供配售",是,2.5,3.0,2.5,1000,3030.252,53562000,5357000,48205000,133910000.0,92550000.0,HKD,"约30.9%将用作开设新零售店铺,约41.2%将用作建立新配送中心(‘新配送中心’),约26.8%将用作建立新的餐食中央厨房(‘新中央厨房’),约1.1%将用于增强公司的ERP系统及基础设施系统。",46.96,0.93,29.124038533343,首发信息一览
2569.HK,舒宝国际,2025-03-27,2025-03-26,2025-03-19,2025-03-24,2025-03-25,2025-03-26,主板,"发售以供认购,发售以供配售",是,0.5,0.6,0.51,5000,3030.25,250000000,25000000,225000000,127500000.0,86000000.0,HKD,约29.2%用作购入机器以成立新婴童护理用品及女性护理用品生产线;约26.0%用作购入机器以成立两条新无纺布生产线;约17.1%用作加强品牌、营销及推广活动;约17.7%用于仓库升级改造及IT基础设施投资;约10.0%用作公司的一般营运资金。,167.09,1.02,,首发信息一览
2610.HK,南山铝业国际,2025-03-25,2025-04-22,2025-03-17,2025-03-20,2025-03-21,2025-03-24,主板,"发售以供认购,发售以供配售",是,26.6,31.5,26.6,100,3181.77,88235300,8823600,79411700,2379017340.0,2251760000.0,HKD,"(a)约90%将用于公司在印尼廖内群岛省民丹岛经济特区的氧化铝生产项目的开发与建设,以通过新氧化铝生产项目将氧化铝产能进一步扩大至合共四百万吨氧化铝。所得款项净额将主要用于新氧化铝生产项目项下第二个一百万吨设计产能的建设及扩建,包括(其中包括)建设相关氧化铝生产设施、在深水港建设配套设备、煤制气厂的建设及扩能以及采购机械与设备。(b)约10%将用于为公司的一般营运资金提供资金。",3.89,1.67,39.286388723842,首发信息一览
2561.HK,维昇药业-B,2025-03-21,2025-04-17,2025-03-13,2025-03-18,2025-03-19,2025-03-20,主板,"发售以供认购,发售以供配售",是,68.44,75.28,68.8,100,7603.92,9900000,990000,8910000,783300000.0,672300000.0,HKD,"约84.0%用于为正在进行的进口核心产品的BLA注册,正在进行的及计划中的本地生产核心产品的研发及BLA注册,计划中的新适应症扩展临床试验,以及公司核心产品隆培促生长素(lonapegsomatropin)的计划商业化上市提供资金；约7.6%用于为正在进行的帕罗培特立帕肽(palopegteriparatide)的中国3期关键性试验的开放标签扩展研究部分及商业化上市的筹备工作提供资金；约1.8%用于为正在进行的那韦培肽(navepegritide)用于治疗软骨发育不全的中国2期试验的开放标签扩展研究部分及相关分析提供资金；约6.6%用于拨付营运资金及作其他一般公司用途。",72.64,1.65,71.48617387974,首发信息一览
6693.HK,赤峰黄金,2025-03-10,2025-04-06,2025-02-28,2025-03-05,2025-03-06,2025-03-07,主板,"发售以供认购,发售以供配售",是,13.72,15.83,13.72,200,3197.93,205652000,20565200,185086800,3244777256.0,3099500000.0,HKD,"约50%预期将于未来五年用于现有矿场的升级及勘探,以充分实现公司的增长潜力;约40%预期将于未来三年用于在采矿业发展成熟、采矿业政策环境稳定的国家优先收购具有一定规模及优质的矿业资产(最好拥有露天矿山);约10%预期将作一般公司用途。",9.53,3.67,22.955967119858,首发信息一览
6676.HK,找钢网-W,2025-03-10,2025-03-07,,,2025-03-07,2025-03-07,主板,发售以供配售,是,10.0,10.0,10.0,,,1558500,,,15585000.0,14920000.0,HKD,约25%预计将用于加强服务供应;约20%预计将用于扩大买家群体并增加其黏性;约20%预计将用于加强数字化及技术能力;约25%预计将用于探索跨行业扩张;及约10%预计将用于营运资金及一般公司用途。,,,,首发信息一览
2097.HK,蜜雪集团,2025-03-03,2025-03-28,2025-02-21,2025-02-26,2025-02-21,2025-02-28,主板,"发售以供认购,发售以供配售",是,202.5,202.5,202.5,100,20454.22,17059900,1706000,15353900,3972807000.0,3798769660.0,HKD,约66%将用于提升公司端到端供应链的广度和深度。约12%将用于品牌和IP的建设和推广。约12%将用于加强各个业务环节的数字化和智能化能力。约10%将用于营运资金和其他一般企业用途。,5258.21,35.23,39.211066633743,首发信息一览
1364.HK,古茗,2025-02-12,2025-03-09,2025-02-04,2025-02-07,2025-02-10,2025-02-11,主板,"发售以供认购,发售以供配售",是,8.68,9.94,9.94,400,4016.1,158612000,15861200,142750800,2030379848.0,1930000000.0,HKD,"约25%将用作扩充公司的信息技术团队及继续提升业务管理和门店运营的数字化。约25%将用作加强公司的供应链能力和提升供应链管理效率。约20%将用作加强品牌建设和与消费者联系以及采取多元化方式建立品牌形象及提高消费者认知度。约10%将用于在公司持续推行地域加密策略的同时新招聘员工负责加盟商管理,加强公司对加盟商的支持,并进一步建立紧密的加盟商团体。约10%将用作聘用产品研发方面的专家及提升公司的产品研发能力。约10%将用作营运资金及其他一般企业用途。",194.87,15.03,27.241764665111,首发信息一览
2571.HK,赛目科技,2025-01-15,2025-02-10,2024-12-31,2025-01-10,2025-01-13,2025-01-14,主板,"发售以供认购,发售以供配售",是,12.0,18.0,12.99,200,3636.31,33333400,3333400,30000000,433000000.0,358600000.0,HKD,"公司拟划拨约占全球发售所得款项净额约62.2%于未来三年持续投资研发,以提升公司的技术能力及提升关键技术的竞争力。公司拟划拨约占全球发售所得款项净额约27.8%,用作地域扩张及营销公司的产品及服务。公司拟将约占全球发售所得款项净额约10.0%用作公司的一般企业用途及补充公司的营运资金。",2.66,1.06,34.296,首发信息一览
0805.HK,新吉奥房车,2025-01-13,2025-08-31,2024-12-31,2025-01-08,2025-01-09,2025-01-10,主板,"发售以供认购,发售以供配售",是,1.24,1.64,1.27,2000,3313.08,240000000,24000000,216000000,304800000.0,253410000.0,HKD,约65.4百万港元用于建立新生产基地及升级现有生产工厂;约102.5百万港元用于加强销售及经销网络;约60.2百万港元用于产品研发;约25.3百万港元用于营运资金及一般企业用途。,2.52,1.01,,首发信息一览
2596.HK,宜宾银行,2025-01-13,2025-02-07,2024-12-30,2025-01-08,2025-01-09,2025-01-10,主板,"发售以供认购,发售以供配售",是,2.59,2.72,2.59,1000,2747.42,688400000,68840000,619560000,1782960000.0,1709280000.0,HKD,"公司拟将全球发售所得款项净额(经扣除公司就全球发售应付的包销佣金及估计开支)用于强化公司的资本基础,以支持公司业务的持续增长。全球发售所得款项净额可补充公司的核心一级资本,从而提升公司的资本充足率指标,包括核心一级资本充足率、一级资本充足率及资本充足率。公司将审慎规划全球发售所得款项的投资并加强监管,以提高其使用效率。公司将进一步优化资产组合,并恰当配置于优质流动资产的投资。",0.21,1.14,,首发信息一览
0325.HK,布鲁可,2025-01-10,2025-02-06,2024-12-31,2025-01-07,2025-01-08,2025-01-09,主板,"发售以供认购,发售以供配售",是,55.65,60.35,60.35,300,18287.59,24120300,2412300,21708000,1925104650.0,1797400000.0,HKD,"约25%将用于增强公司产品设计及开发相关的研发能力;约25%将用于投资核心生产资源(例如模具)和专注生产拼搭角色类玩具的自有规模化工厂,以贯彻全人群、全价位、全球化增长战略,以及扩张及优化生产资源;约20%将用于进一步丰富公司的IP矩阵,以开展公司的增长策略;约20%将用于销售和营销活动,尤其是内容驱动的营销活动,以提高品牌的知名度和产品的受欢迎度;约10%将用于营运资金和其他一般企业用途。",5999.96,38.6,20.178903001455,首发信息一览
2530.HK,纽曼思,2025-01-10,2025-01-09,2024-12-30,2025-01-07,2025-01-08,2025-01-09,主板,"发售以供认购,发售以供配售",是,0.8,1.09,0.8,8000,8807.94,250000000,25000000,225000000,200000000.0,120500000.0,HKD,"约63.5%将用于通过不同的营销方法加大营销力度,以提高公司品牌的公众知名度，约36.5%将用于在香港推广公司的产品,并将公司的销售网络扩展到香港。",65.17,1.03,,首发信息一览
2613.HK,汇舸环保,2025-01-09,2025-01-08,2024-12-31,2025-01-06,2025-01-07,2025-01-08,主板,"发售以供认购,发售以供配售",是,31.8,39.8,31.8,100,4020.14,10000000,1000000,9000000,318000000.0,273400000.0,HKD,约50.0%将用于有关公司的研发;约15.0%将用于潜在并购;约15.0%将用于在中国内地或东南亚租赁生产设施;约10.0%将用于建立新服务中心及升级现有服务中心;约10.0%将用作营运资金及其他一般企业用途。,55.33,0.95,24.430188679245,首发信息一览
2560.HK,海螺材料科技,2025-01-09,2025-01-08,2024-12-31,2025-01-06,2025-01-07,2025-01-08,主板,"发售以供认购,发售以供配售",是,3.0,3.3,3.0,1000,3333.28,144974000,14498000,130476000,434900000.0,395900000.0,HKD,"约35.0%将用于优化集团的产能，约10.0%将用于实施营销计划,以增加及巩固公司在中国及全球水泥及混凝土制造行业的市场份额，约15.0%将用于进一步投入资源到支持公司市场地位的研发计划中，约15.0%将用于偿还部分银行贷款，约15.0%将用于通过收购公司或成立合资公司,进一步垂直提升公司在价值链上的地位,并提高公司作为中国水泥外加剂行业领先参与者的竞争力，约10.0%将用作营运资金和其他一般企业用途。",25.83,1.04,75.125050905955,首发信息一览
6681.HK,脑动极光-B,2025-01-08,2025-02-02,2024-12-30,2025-01-03,2024-12-30,2025-01-07,主板,"发售以供认购,发售以供配售",是,3.22,3.22,3.22,1000,3252.47,181112000,18112000,163000000,583180000.0,501320000.0,HKD,"约40.0%,预计将用于支付开展进一步研发活动、推进更多适应症的临床试验及推动核心产品系统的销售及分销活动的开支;约16.5%,预计将用于帮助国内更多医院建立新认知中心;约15.0%,预计将用于加强公司于未来两年的AI及相关技术能力;约5.0%,预计将用于加快公司现有产品管线内外其他候选产品的研发及商业化进度;约15.0%,预计将用于在未来两年与学术机构及医院合作设立脑科学及数字疗法研究中心;约8.5%,预计将用作公司的营运资金及其他一般公司用途。",11.39,1.01,64.666389450941,首发信息一览
2577.HK,英诺赛科,2024-12-30,2025-01-22,2024-12-18,2024-12-23,2024-12-24,2024-12-27,主板,"发售以供认购,发售以供配售",是,30.86,33.66,30.86,100,3399.95,45364000,4536400,40827600,1451293384.0,1351960000.0,HKD,"约60.0%将用作公司的资金来源之一,以扩大8英吋氮化镓晶圆产能(从截至2024年6月30日的每月12,500片晶圆增加至未来五年的每月70,000片晶圆)、购买及升级生产设备及机器以及招聘生产人员;约20.0%将用于研发及扩大公司的产品组合,以提高终端市场(如消费电子产品、可再生能源及工业应用、汽车电子及数据中心)中氮化镓产品的渗透率;约10.0%将用于扩大公司氮化镓产品的全球分销网络;约10.0%将用于营运资金及其他一般企业用途。",2.87,1.41,53.551542959421,首发信息一览
2506.HK,讯飞医疗科技,2024-12-30,2025-01-22,2024-12-18,2024-12-23,2024-12-18,2024-12-27,主板,"发售以供认购,发售以供配售",是,82.8,82.8,82.8,50,4181.75,7035550,703600,6331950,582540000.0,507140000.0,HKD,"所得款项净额约32.4%将用于投资研发,以不断加强公司的核心能力。所得款项净额约26.6%将用于通过升级现有产品及开发新产品进一步丰富公司的产品及服务。所得款项净额约24.7%将用于加强商业化能力并扩展公司的服务网络。所得款项净额约6.4%将用于收购可能与公司现有产能产生协同效应的公司,例如医疗器械制造商。所得款项净额约10.0%将用于营运资金及其他一般企业用途。",3.66,1.1,47.507266110482,首发信息一览
2587.HK,健康之路,2024-12-30,2024-12-27,2024-12-18,2024-12-23,2024-12-24,2024-12-27,主板,"发售以供认购,发售以供配售",是,7.8,8.8,7.8,500,4444.38,25000000,2500000,22500000,195000000.0,109400000.0,HKD,"所得款项净额约33.5%拟于未来三年用于业务发展,特别是健康医疗服务。所得款项净额约27.0%拟用于未来三年的业务发展,特别是企业服务及数字营销服务。所得款项净额约21.0%拟用作战略投资或收购。所得款项净额约14.5%将用作研发。约4.0%预期将用作营运资金及一般企业用途。",34.42,0.98,51.228,首发信息一览
2431.HK,佑驾创新,2024-12-27,2025-01-20,2024-12-17,2024-12-20,2024-12-23,2024-12-24,主板,"发售以供认购,发售以供配售",是,17.0,20.2,17.0,200,4080.75,39190000,3919000,35271000,679088800.0,618220000.0,HKD,"所得款项净额约40%,将用于提升公司的研发能力及招聘及留任相关研发人才。所得款项净额约30%,将于接下来的三年内用于提升公司的生产效率及解决方案竞争力。所得款项净额约20%,将于接下来的三年内用于加强公司的销售和营销能力。所得款项净额约10%,将用作营运资金和一般企业用途。",14.04,1.09,79.553101155548,首发信息一览
2432.HK,越疆,2024-12-23,2025-01-17,2024-12-13,2024-12-18,2024-12-19,2024-12-20,主板,"发售以供认购,发售以供配售",是,18.8,20.8,18.8,200,4201.96,40000000,2000000,38000000,830873520.0,756740000.0,HKD,"约40.0%,将于2025年至2029年用于智能协作机器人的尖端技术开发。约27.0%,将于2025年至2029年用于生产线及制造能力开发。约16.0%,将用于选择性寻求国内外协作机器人行业下游(即协作机器人集成商)的战略联盟、投资及收购机会。约7.0%,将于2025年至2029年用于建设海外销售渠道,以强化公司的经销及销售能力。约10.0%,将用于营运资金及其他一般企业用途。",9.25,2.64,,首发信息一览
0999.HK,小菜园,2024-12-20,2025-01-16,2024-12-12,2024-12-17,2024-12-12,2024-12-19,主板,"发售以供认购,发售以供配售",是,8.5,8.5,8.5,800,6868.57,101180800,10118400,91062400,860000000.0,794800000.0,HKD,"约40.0%将用作持续扩大公司的门店网络,以扩大公司的地理覆盖范围并提高公司的市场渗透率。约37.0%将用作增强供应链能力。约13.0%将用作升级公司的智能设备及数字化系统以提高信息技术能力。约10.0%将用作营运资金及一般企业用途。",1.44,1.29,,首发信息一览
2593.HK,草姬集团,2024-12-19,2024-12-18,2024-12-11,2024-12-16,2024-12-17,2024-12-18,主板,"发售以供认购,发售以供配售",是,3.75,4.15,3.75,800,3353.48,33333600,3333600,30000000,125000000.0,95300000.0,HKD,"约占所得款项净额35.7%将用作策略营销及推广活动,以进一步增强公司以自有品牌发售的产品的品牌知名度及认可度。约占所得款项净额37.8%将用作扩大、改善和优化公司的销售网络。约占所得款项净额4.7%将用作扩展并充实公司的产品组合。约占所得款项净额12.4%将用作招聘人才,其将主要包括(i)招聘及雇用更多产品顾问以支援自营店及品牌体验中心及(ii)招聘资讯科技人才以支援公司不断扩大的线上销售渠道。约占所得款项净额9.3%将用作一般营运资金。",6083.63,1.79,22.3968,首发信息一览
1318.HK,毛戈平,2024-12-10,2025-01-06,2024-12-02,2024-12-05,2024-12-06,2024-12-09,主板,"发售以供认购,发售以供配售",是,26.3,29.8,29.8,100,3010.05,70588200,7058900,63529300,2687572300.0,2523760000.0,HKD,"所得款项净额约25.0%,预期将用于扩大公司的销售网络。所得款项净额约20.0%,预期将用于公司的品牌建设活动。所得款项净额约15.0%,预期将用于海外扩张及收购。所得款项净额约10.0%,预期将用于加强公司的生产及供应链能力。所得款项净额约9.0%,预期将用于增强公司的产品设计及开发能力。所得款项净额约6.0%,预期将用于公司的化妆艺术培训机构。所得款项净额约5.0%,预期将用于公司的运营及信息基础设施数字化。所得款项净额约10.0%,预期将用作营运资金及一般公司用途。",919.18,30.34,28.936895948809,首发信息一览
2586.HK,多点数智,2024-12-06,2025-01-02,2024-11-28,2024-12-03,2024-11-28,2024-12-05,主板,"发售以供认购,发售以供配售",是,30.21,30.21,30.21,100,3051.46,25774000,2577400,23196600,778630000.0,623740000.0,HKD,"约42.1%将用于开发新应用程式及新服务模块。约30.0%将用于与公司的业务扩张相关的人才招聘。约10.0%将分配于选择性地寻求与公司的自然增长战略互补的战略合作、投资及收购,尤其是能够补充公司的产品组合、增强公司的技术能力及巩固公司市场地位的战略合作、投资及收购。约7.9%将用于扩大公司的销售网络并进一步加强公司的品牌声誉。约10.0%将用于营运资金及一般企业用途。",1.94,1.36,39.05110899914,首发信息一览
2570.HK,重塑能源,2024-12-06,2025-01-02,2024-11-28,2024-12-03,2024-12-04,2024-12-05,主板,"发售以供认购,发售以供配售",是,145.0,165.0,147.0,20,3333.28,4827920,482800,4345120,713111700.0,632850000.0,HKD,74.5%将用于为公司的氢燃料电池系统的研发活动及扩产提供资金;15.3%将用于为公司的氢能装备的扩产提供资金;7.7%将用于公司的海外市场业务拓展;2.5%将用于公司的营运资金及一般公司用途。,1.55,1.33,44.96464719342,首发信息一览
2585.HK,梦金园,2024-11-29,2024-12-27,2024-11-21,2024-11-26,2024-11-27,2024-11-28,主板,"发售以供认购,发售以供配售",是,12.0,14.4,12.0,200,2909.04,43956800,4395800,39561000,527480000.0,452490000.0,HKD,约50.0%将用于升级山东潍坊的生产设施以增强公司的生产能力。约34.0%将用于扩大和加强公司的销售网络。约16.0%将用于投资信息科技。,20.58,0.98,40.168048267233,首发信息一览
2566.HK,九源基因,2024-11-28,2024-11-27,2024-11-20,2024-11-25,2024-11-26,2024-11-27,主板,"发售以供认购,发售以供配售",是,11.48,12.56,12.42,200,2537.33,45398800,4540000,40858800,563850000.0,485410000.0,HKD,约40.0%将分配至公司战略性重点治疗领域的选定在研产品的持续研发。约30.0%用于公司现有及接近商业化产品的营销及商业化。约10.0%用于寻求战略合作。约10.0%将用于公司的制造系统。约10.0%将用于为公司的营运资金及其他一般企业用途提供资金。,675.83,1.18,62.497118027844,首发信息一览
6936.HK,顺丰控股,2024-11-27,2026-03-30,2024-11-19,2024-11-22,2024-11-23,2024-11-26,主板,"发售以供认购,发售以供配售",是,32.3,36.3,34.3,200,7333.22,170000000,16150000,153850000,5831000000.0,5661300000.0,HKD,"约人民币1,454百万元用于加强公司的国际及跨境物流能力。约人民币2,785百万元用于提升及优化公司在中国的物流网络及服务。约人民币530百万元将用于研发先进技术及数字化解决方案,升级公司的供应链和物流服务及实施ESG相关举措。约人民币530百万元将用作营运资金及一般企业用途。",79.07,10.1,27.295489624421,首发信息一览
2582.HK,国富氢能,2024-11-15,2024-11-14,2024-11-07,2024-11-12,2024-11-13,2024-11-14,主板,"发售以供认购,发售以供配售",是,65.0,73.0,65.0,100,7373.62,6000000,600000,5400000,390000000.0,339650000.0,HKD,"约56.1%用于扩大若干产品的产能;约33.9%用于提升公司的研发能力,持续进行技术升级和产品迭代;约10%用于营运资金及一般企业用途,以支持公司的业务运营和增长。",21.07,0.99,81.529893846154,首发信息一览
2519.HK,傲基股份,2024-11-08,2024-12-05,2024-10-31,2024-11-05,2024-11-06,2024-11-07,主板,"发售以供认购,发售以供配售",是,14.56,15.6,15.6,300,4727.2,29894700,2989500,26905200,466400000.0,387500000.0,HKD,约70.0%预期将用于公司的业务扩张。约15.0%预期将用于加强公司的数字化。约10.0%预期将用于产业链的潜在投资或并购机会。约5.0%预期将用作营运资金及一般企业用途。,17.74,2.45,23.458168953688,首发信息一览
2551.HK,晶科电子股份,2024-11-08,2024-11-07,2024-10-31,2024-11-05,2024-10-31,2024-11-07,主板,"发售以供认购,发售以供配售",是,3.61,3.61,3.61,1000,3646.41,33600000,3360000,30240000,139490000.0,82250000.0,HKD,所得款项净额的约70.0%将用于扩张公司的汽车智能视觉产能。约20.0%将用于技术创新及产品升级。约10.0%用作营运资金及一般公司用途。,5677.83,6.95,,首发信息一览
2510.HK,德翔海运,2024-11-01,2024-11-28,2024-10-24,2024-10-29,2024-10-30,2024-10-31,主板,"发售以供认购,发售以供配售",是,3.5,4.5,4.18,1000,4545.38,250940000,25094000,225846000,1107829580.0,999450000.0,HKD,"约75.0%将用于公司于2024年4月订购的两艘7,000TEU新船舶及公司订立的船舶租赁合约。约15.0%将用于租用货柜。约10.0%将用于营运资金及其他一般公司用途。",12.09,2.22,44.803510662714,首发信息一览
2563.HK,华昊中天医药-B,2024-10-31,2024-10-30,2024-10-23,2024-10-28,2024-10-29,2024-10-30,主板,"发售以供认购,发售以供配售",是,16.0,22.0,16.0,200,4444.38,14588000,1458800,13129200,233410000.0,195890000.0,HKD,"约44.9%,将用于资助核心产品的进行中及计划进行的临床试验(主要包括委托临床研究中心开展临床试验的费用、支付予CRO和SMO公司等供应商的研发费用、临床试验所用原材料及耗材的成本、相关临床团队的薪酬及福利,以及招募患者及聘用外部顾问的相关成本)。约38.9%,将用于资助核心产品以外的进行中及计划进行的临床试验及产品临床前研究以及核心产品研究者发起试验(主要包括委托临床研究中心开展临床试验的费用、支付予CRO和SMO公司等供应商的研发费用、临床试验所用原材料及耗材的成本、相关临床团队的薪酬及福利,以及招募患者及聘用外部顾问的相关成本)。约3.0%,将用于加强公司的国内商业化能力及建立公司的全球营销网络。约3.2%,将用于扩大产能。约10.0%,将用作营运资金及一般公司用途。",21.45,0.994,76.146866029733,首发信息一览
2465.HK,龙蟠科技,2024-10-30,2026-01-15,2024-10-22,2024-10-25,2024-10-28,2024-10-29,主板,"发售以供认购,发售以供配售",是,4.5,7.0,5.5,500,3535.3,100000000,10000000,90000000,550000000.0,495000000.0,HKD,"约40.0%,预计将用于支付印度尼西亚工厂二期的部分开支。约40.0%,预计将用于位于湖北省襄阳工厂的新磷酸锰铁锂生产线。约10.0%,预计将用于部分偿还若干计息银行借款。约10.0%,预计将用于公司的营运资金及其他一般公司用途。",3.99,3.23,20.0,首发信息一览
2562.HK,狮腾控股,2024-10-30,2024-10-29,,,2024-10-25,2024-10-29,主板,发售以供配售,是,10.0,10.0,10.0,,,80000,,,800000.0,647932.0,HKD,(i)约29.7%将用于扩大继承集团的品牌合作伙伴网络及开发新的商务渠道;(ii)约28.2%将用于继承集团通过并购、合营企业及战略投资及联盟实现增长;(iii)约19.4%将用于偿还若干可换股贷款票据及银行贷款;(iv)约12.8%将用于投资并继续采用先进技术及人工智能(AI);及(v)约10.0%将用于营运资金及一般企业用途。,,,,首发信息一览
9660.HK,地平线机器人-W,2024-10-24,2024-11-20,2024-10-16,2024-10-21,2024-10-22,2024-10-23,主板,"发售以供认购,发售以供配售",是,3.73,3.99,3.99,600,2418.14,1355106600,135511200,1219595400,6086881458.0,5798000000.0,HKD,"所得款项净额的约70%港元将于未来五年内分配用于研发用途,包括高级辅助驾驶和高阶自动驾驶解决方案及核心关键技术。所得款项净额约10%将在未来五年内分配用于销售及营销相关开支。所得款项净额约10%将用于未来五年内战略投资公司的合营企业(尤其是酷睿程),从而拓展并增强公司的技术能力。约10%将分配用于一般公司用途及营运资金需求。",33.83,13.81,28.037640847383,首发信息一览
2460.HK,华润饮料,2024-10-23,2024-11-12,2024-10-15,2024-10-18,2024-10-21,2024-10-22,主板,"发售以供认购,发售以供配售",是,13.5,14.5,14.5,200,2929.24,347826200,38261000,309565200,5773850700.0,5621150000.0,HKD,"约30%,用于战略性扩张和优化产能,以提高整体供应链效率。约23%,用于加速销售渠道扩张及提升渠道效率。于未来二至三年内,所得款项净额的约23%,用于进行销售和营销活动,增强品牌活力,强化品牌形象,提升销售表现。约3%,用于增强公司的产品研发能力,以持续拓展新的产品品类和SKU。约3%,用于数字化升级,包括提升公司在销售、运营、生产和物流等领域的数字化能力,从而提高公司的运营效率。约8%,用于进行潜在投资及并购机会。约10%,作为营运资金及作一般公司用途。",234.49,24.47,41.686141971077,首发信息一览
2567.HK,七牛智能,2024-10-16,2024-11-11,2024-09-30,2024-10-10,2024-10-14,2024-10-15,主板,"发售以供认购,发售以供配售",是,2.74,2.86,2.75,1000,2888.84,159750000,15975000,143775000,439312500.0,367200000.0,HKD,约38.0%预期将用于渗透及夯实公司的APaaS业务中应用场景的占有率及发展与扩大客户群；约20.0%预期将用于未来36至60个月扩展海外业务；约12.0%预期将用于提升公司的研发能力并完善公司的技术基础设施；约20%预期将用于选定合并、收购和战略投资；约10.0%预期将用作营运资金及一般公司用途。,19.87,1.02,40.0,首发信息一览
9639.HK,荣利营造,2024-10-09,2024-10-08,2024-09-27,2024-10-04,2024-10-07,2024-10-08,主板,"发售以供认购,发售以供配售",是,0.57,0.73,0.73,5000,3686.82,250000000,25000000,225000000,182500000.0,149700000.0,HKD,约45%将用于收购更多电力机械及设备；约35%将用于支付新项目的前期成本；约5%将用于新员工招聘；约5%将用于采购4S及企业资源规划系统；约10%将保留为一般营运资金。,120.6,1.14,19.178082191781,首发信息一览
2576.HK,太美医疗科技,2024-10-08,2024-11-03,2024-09-27,2024-10-03,2024-10-04,2024-10-07,主板,"发售以供认购,发售以供配售",是,10.0,13.0,13.0,200,2626.22,22416600,2241800,20174800,335127000.0,259500000.0,HKD,约35%将用于优化并升级TrialOS平台及PharmaOS平台及其各自的云端软件及数字化服务；约30%将用于提升公司的核心技术及研发能力；约10%将用于强化公司的销售及营销能力；约15%将用于选择性地寻求公司认为将能扩充公司现有产品及服务品类、扩大客户基础及提升技术能力的战略投资及收购；约10%将用于营运资金及一般企业用途。,156.33,2.58,,首发信息一览
2549.HK,卡罗特,2024-10-02,2024-10-28,2024-09-23,2024-09-26,2024-09-27,2024-09-30,主板,"发售以供认购,发售以供配售",是,5.72,5.78,5.78,500,2919.14,129864500,12986500,116878000,863208320.0,802360000.0,HKD,"约35%预期将用于寻求收购及投资机遇；约25%预期将用于产品研发；约20%预期将用于扩张销售渠道,包括(i)与更多线上平台合作以增加公司在主要市场的市场份额;(ii)投资于有针对性的营销举措以提高品牌知名度;及(iii)组建及扩充本地运营团队,以支持市场整合和扩张；约10%预期将用于ESG相关投资；约10%预期将用作营运资金及其他一般公司用途。",1347.27,7.91,36.280929266298,首发信息一览
0300.HK,美的集团,2024-09-17,2024-10-14,2024-09-09,2024-09-12,2024-09-13,2024-09-16,主板,"发售以供认购,发售以供配售",是,52.0,54.8,54.8,100,5535.27,492135100,24606800,467528300,35666147360.0,35282500000.0,HKD,"募集资金净额的约20%,预期在未来一至三年将用于公司的全球科技研发;募集资金净额的约35%,预期在未来一至四年将用于智能制造体系及供应链管理升级的持续投入;募集资金净额的约35%,预期在未来一至五年将用于完善全球分销渠道和销售网络,以及提高自有品牌的海外销售;募集资金净额的约10%,预期将用于运营资金及一般公司用途。",5.31,8.06,27.507854607821,首发信息一览
8629.HK,集信国控,2024-09-06,2025-12-31,2024-08-26,2024-09-03,2024-09-04,2024-09-05,创业板,"发售以供认购,发售以供配售",是,8.6,10.4,9.9,500,5252.44,10179000,1018000,9161000,100772100.0,59400000.0,HKD,"所得款项净额约11,430.21千元人民币将用于扩充建设工程检测服务,以取得《建设工程质量检测机构资质标准》项下的综合资质并加强公司现有的建设工程检测检验服务;所得款项净额约5,602.7千元人民币将用于巩固公司在茂名的现有市场地位,拓展公司的服务范围至粤西的三线至五线城市;所得款项净额约18,027.12千元人民币将用于使公司的检测检验服务多元化,不仅限于建设工程,更扩展至食品及农业、交通及消防等领域;所得款项净额约1,957.2千元人民币将用于升级公司的ERP系统;所得款项净额约465.79千元人民币将用于一般运营资金。",14.33,1.03,,首发信息一览
2410.HK,同源康医药-B,2024-08-20,2024-08-19,2024-08-12,2024-08-15,2024-08-12,2024-08-19,主板,"发售以供认购,发售以供配售",是,12.1,12.1,12.1,500,6111.01,47880000,4788000,43092000,579348000.0,506310000.0,HKD,70.0%将用于公司核心产品(即TY-9591)的研究、开发及商业化;20.0%将用于公司其他候选产品的研发;3.0%将用于潜在的战略收购、投资、许可或合作机会;7.0%将用于营运资金及其他一般公司用途。,2.29,1.01,35.505430242272,首发信息一览
2533.HK,黑芝麻智能,2024-08-08,2024-09-04,2024-07-31,2024-08-05,2024-08-06,2024-08-07,主板,"发售以供认购,发售以供配售",是,28.0,30.3,28.0,100,3060.55,37000000,1850000,35150000,1036000000.0,950800000.0,HKD,"约80.0%将在未来五年间用于公司的研发。约10.0%将用于提高公司的商业化能力。约10.0%将用于营运资金及一般公司用途,尤其是采购SoC量产的存货。",2.52,1.05,7.4466312741313,首发信息一览
1471.HK,众淼控股,2024-08-06,2024-09-05,2024-07-29,2024-08-01,2024-08-02,2024-08-05,主板,"发售以供认购,发售以供配售",是,7.0,10.2,7.0,500,5151.44,35300000,3530000,31770000,247100000.0,195830000.0,HKD,"约53.8%将于上市后三年内用于发展公司的保险代理业务;约26.2%将于上市后五年内用于提升公司的IT服务产品及研发能力;约10.0%将用于在保险中介及金融科技行业寻求审慎投资及收购能与公司现有业务互补或产生协同效应的两至三家目标公司,以进一步加快公司的业务发展及增强公司的竞争力;及约10.0%将用于一般营运资金及一般企业用途。",16.07,0.98,18.696883852691,首发信息一览
2531.HK,广联科技控股,2024-07-15,2024-07-12,2024-06-28,2024-07-10,2024-07-11,2024-07-12,主板,"发售以供认购,发售以供配售",是,4.7,5.3,4.7,500,2676.72,63600000,6360000,57240000,298920000.0,230270000.0,HKD,"约37.3%将用作提升公司的研发能力,特别是将所得款项净额用于以下研发计划(1)为公司的SaaS营销及管理服务开发创新功能;(2)增强公司算法建模的能力;(3)升级现有车载硬件产品;(4)增强公司产品及服务的云原生技术;及(5)加强对云基础设施的投资;约32.7%将用作将公司的服务范围扩大至汽车行业产业链上的其他参与者,特别是将所得款项净额用于以下用途(1)提高公司的产品及服务对4S店的渗透率;(2)扩展公司对保险公司的服务;(3)将公司的服务扩展至汽车制造商;约20.0%将用作寻求潜在战略投资及合作机会;具体而言,公司预期收购行业上下游的少数股权或与上下游合作,例如收购先进汽车硬件制造商的少数股权,或寻求与4S店集团或汽车制造商的合作机会;约10.0%将用作营运资金及一般企业用途。",2.49,1.06,29.438679245283,首发信息一览
2507.HK,西锐,2024-07-12,2024-08-08,2024-06-28,2024-07-09,2024-07-10,2024-07-11,主板,"发售以供认购,发售以供配售",是,27.34,28.0,27.5,100,2828.24,54875900,5487600,49388300,1513201250.0,1396020000.0,HKD,"约30%将用于进一步推动公司的产品组合、现有产品、特性及功能,以及延长公司产品组合的生命周期。约30%将用于提升公司的生产效率及产能。约30%将用于为提升及扩展服务、销售及支持公司生态系统内提供的产品与服务提供资金。约10%将用于公司的一般营运资金及其他一般企业用途,以支持公司的业务运营及增长。",1.56,1.57,56.244650207631,首发信息一览
1334.HK,瑞昌国际控股,2024-07-10,2024-08-05,2024-06-28,2024-07-05,2024-07-08,2024-07-09,主板,"发售以供认购,发售以供配售",是,1.05,1.39,1.05,2500,3510.05,125000000,12500000,112500000,131300000.0,62000000.0,HKD,约73.0%将会用作为建设新生产设施提供部分资金。约17.5%将会用于提升公司的设计和研发能力。约9.5%将会用作一般营运资金及一般企业用途。,19.24,0.97,44.021325209444,首发信息一览
2495.HK,声通科技,2024-07-10,2024-08-04,2024-06-28,2024-07-05,2024-06-28,2024-07-09,主板,"发售以供认购,发售以供配售",是,152.1,152.1,152.1,20,3072.67,4365660,436580,3929080,679123458.0,583300000.0,HKD,"约60.0%将用于加强对公司关键技术的基础研究,完善标准化解决方案的开发,迭代推出适用于更多业务场景的多样化商业化应用及功能。约20.0%将用于扩展公司提供的解决方案、建立公司的品牌及提升公司的商业化能力。约10.0%将用于寻求海内外的战略投资和收购机会,从而实施公司的长期增长战略,以优化公司的解决方案,扩展及渗透公司所涵盖的终端客户行业。约10.0%将用于一般企业用途。",3.51,1.24,40.640622371198,首发信息一览
9680.HK,如祺出行,2024-07-10,2024-07-09,2024-06-28,2024-07-05,2024-07-08,2024-07-09,主板,"发售以供认购,发售以供配售",是,34.0,45.4,35.0,100,4585.79,30004800,3000500,27004300,1050168000.0,969200000.0,HKD,约40%预期将用于自动驾驶及Robotaxi运营服务研发活动；约20%预期将用于公司出行服务产品升级及运营效率提升；约20%预期将用于在公司实施地域扩张战略过程中扩大用户群、提高品牌知名度及提升市场份额；约10%预期将用于在出行行业价值链中建立战略合作伙伴关系、投资及收购，以更丰富及更优质的服务产品矩阵优化用户体验、改善经营业绩、增加市场渗透及巩固行业领导地位；约10%预期将用作营运资金及一般公司用途。,0.6,1.17,77.072049424473,首发信息一览
6086.HK,方舟健客,2024-07-09,2024-08-05,2024-06-28,2024-07-04,2024-07-05,2024-07-08,主板,"发售以供认购,发售以供配售",是,7.6,8.36,8.18,500,4222.16,23800000,2380000,21420000,194680000.0,67090000.0,HKD,约67.4%将于未来三至五年用于拓展业务。约16.0%于未来五年将用于研发活动。约11.6%将用于公司对线上慢性疾病管理行业价值链中的其他利益相关者的潜在投资和收购或战略联盟。约5.0%将用作公司的运营资金及一般公司用途。,16.63,1.66,,首发信息一览
6657.HK,百望股份,2024-07-09,2024-08-04,2024-06-28,2024-07-04,2024-07-05,2024-07-08,主板,"发售以供认购,发售以供配售",是,36.0,40.0,36.0,100,4040.35,9262000,926200,8335800,333430000.0,228870000.0,HKD,"约31.5%将用于升级及增强公司解决方案的功能及特性,并进一步扩展公司的解决方案组合。约29.4%将用于提升研发能力。约19.3%将用于发展公司的销售及营销计划。约11.5%将用于公司的业务协同,并有选择地寻求与公司的业务互补或协同的战略投资及收购机会,以扩大公司现有的产品及服务类型、提高公司的技术能力及提升公司对客户的价值主张。约8.3%将用作营运资金及其他一般企业用途。",6.58,1.04,77.977386557898,首发信息一览
2545.HK,中赣通信,2024-07-03,2025-05-12,2024-06-21,2024-06-27,2024-06-28,2024-07-02,主板,"发售以供认购,发售以供配售",是,1.13,1.25,1.25,2000,2525.21,160000000,16000000,144000000,200000000.0,151270000.0,HKD,约22.55%将用于支付有关潜在集成解决方案服务项目的前期成本；约34.95%将用于增强研发能力；约27.77%将用于偿还银行借款；约14.73%将用于一般营运资金。,195.99,1.5,,首发信息一览
1354.HK,经发物业,2024-07-03,2024-07-29,2024-06-24,2024-06-27,2024-06-28,2024-07-02,主板,"发售以供认购,发售以供配售",是,7.5,9.3,7.5,300,2818.14,16666800,1666800,15000000,125000000.0,90470000.0,HKD,约53.8%将用于选择性收购其他物业管理公司;约20.6%将用于购买新能源汽车;约10.5%将用于进一步开发公司的智慧物业管理系统;约5.1%将用于加强公司的人力资源管理;约10.0%将用于营运资金。,118.87,0.98,43.047648,首发信息一览
8637.HK,元续科技,2024-07-02,2024-06-28,2024-06-21,2024-06-26,2024-06-27,2024-06-28,创业板,"发售以供认购,发售以供配售",是,2.38,3.0,2.42,1000,3030.25,27000000,2700000,24300000,65340000.0,12030000.0,HKD,"估计所得款项总净额约60.1%将用于扩充营运规模及提升产能。估计所得款项总净额约15.4%将用于加强精密机加工服务的品质监控能力。估计所得款项总净额约4.7%将用于加强营销活动,以保持与现有客户的关系及使客户基础更添多元。估计所得款项总净额约9.8%将用于偿还银行借款。估计所得款项总净额约10.0%将用作营运资金及一般企业用途。",2480.61,1.43,,首发信息一览
2559.HK,嘀嗒出行,2024-06-28,2024-07-25,2024-06-20,2024-06-25,2024-06-26,2024-06-27,主板,"发售以供认购,发售以供配售",是,5.0,7.0,6.0,500,3535.3,39091000,3909500,35181500,234546000.0,182340000.0,HKD,约50.0%用于主要通过用户奖励及补贴、线上广告活动线下推广及宣传活动扩大公司的用户群并加强公司的营销及推广计划。约35.0%用于提升公司的技术能力及升级公司的安全机制。约15.0%用于提升变现能力。,112.9,1.28,,首发信息一览
6181.HK,老铺黄金,2024-06-28,2024-07-25,2024-06-20,2024-06-25,2024-06-20,2024-06-27,主板,"发售以供认购,发售以供配售",是,40.5,40.5,40.5,100,4090.85,19451300,1945200,17506100,1041829650.0,957080000.0,HKD,"73.3%将用作扩展销售网络,并通过在未来数年在国内及海外市场开设新门店以促进品牌国化。11.3%将用作维持公司的品牌定位及提高公司的品牌知名度。2.7%将用作优化内部信息技术系统及提升自动化及信息化水平,改善公司的营运效率。2.7%将用作加强公司的研发能力。10.0%将用作公司的一般营运资金及一般企业用途。",582.15,11.9,41.990050868681,首发信息一览
2479.HK,天聚地合,2024-06-28,2024-06-27,2024-06-20,2024-06-25,2024-06-20,2024-06-27,主板,"发售以供认购,发售以供配售",是,83.33,83.33,83.33,50,4208.53,4818200,481850,4336350,401500000.0,349100000.0,HKD,"约25%将用于全面升级公司的API市场中已有的API产品组合,从而抓住政府及公共数据开放以及授权运营带来的重大机遇,这可能为未来增长创造机会。约45%将用于公司数据管理解决方案已有产品及服务的升级,旨在开发及扩展特定行业的应用,增强公司在数据管理解决方案方面的技术实力和市场竞争力。公司计划在未来三年招聘不超过100名销售人员及市场策划专家。公司计划在未来三年将所得款项用作线上及线下营销开支。公司在未来三年将招聘合共约300名雇员,包括项目经理、工程师、设计师、研究人员及其他交付人员。约20%将用于数据安全及隐私保护技术的研发,构建数据确权、安全数据存储、可信数据传输及协同生产的全生态体系,以加强公司的运营能力,为数据流通提供安全、可信、可追溯的技术支撑。约10%将用作营运资金及一般企业用途。",602.87,0.99,79.61387633873,首发信息一览
2881.HK,武汉有机,2024-06-18,2024-07-15,2024-06-07,2024-06-13,2024-06-14,2024-06-17,主板,"发售以供认购,发售以供配售",是,5.5,8.5,5.5,500,4292.86,18300000,1830000,16470000,100650000.0,25850000.0,HKD,"全球发售所得款项净额约82.0%将用于建设主要着重生产甲苯氯化产品及衍生品的新生产设施以增加湖北新轩宏生产基地的产能;全球发售所得款项净额约3.0%将用作研发活动;全球发售所得款项净额约5.0%将用作销售及营销活动,以提升公司于中国及海外的品牌知名度;全球发售所得款项净额约10.0%将用于公司的营运资金及一般企业用途,包括原材料采购及库存量管理。",337.57,0.92,,首发信息一览
2512.HK,云工场,2024-06-14,2024-10-25,2024-06-05,2024-06-11,2024-06-05,2024-06-13,主板,"发售以供认购,发售以供配售,发售现有证券",是,4.6,4.6,4.6,1000,4646.39,115000000,11500000,103500000,391000000.0,336500000.0,HKD,所得款项净额约47.7%将用于现有业务改进与运营发展。所得款项净额约18.5%将用于全面推行及升级公司的边缘计算服务。所得款项净额约12.8%将用于为IDC解决方案服务及边缘计算服务运营招聘人才。约11.0%将用于与大学及科研院所合作研发。约10.0%将用作运营资金及一般企业用途。,25.79,1.09,,首发信息一览
2228.HK,晶泰控股,2024-06-13,2024-07-07,2024-06-04,2024-06-07,2024-06-11,2024-06-12,主板,"发售以供认购,发售以供配售",是,5.03,6.03,5.28,1000,6090.81,187373000,9369000,178004000,1035772320.0,943440000.0,HKD,"约75.0%的所得款项净额将用于持续提升公司的研发能力及解决方案提供能力,约15.0%的所得款项净额将用于提升公司在国内外的商业化能力,约10.0%的所得款项净额将用于营运资金和一般公司用途。",103.35,2.13,32.58567867502,首发信息一览
2550.HK,宜搜科技,2024-06-07,2024-06-06,2024-05-30,2024-06-04,2024-06-05,2024-06-06,主板,"发售以供认购,发售以供配售",是,5.8,8.0,5.8,500,4040.35,14802500,1480500,13322000,85854500.0,40700000.0,HKD,"约45.0%用于提高公司的研发能力,确保长期技术优势;约25.0%用于提高公司作为第三方数字阅读平台的实力;约15.0%用于扩大公司的数字营销服务。公司拟通过将公司的自有智能广告平台易推升级、增加下游媒体渠道数目、深化与广告主的合作及扩大数字营销服务的范围,扩大数字营销服务的业务规模;约15.0%用作在海外市场扩大网络游戏发行服务。",114.59,0.98,,首发信息一览
2522.HK,一脉阳光,2024-06-07,2024-06-06,2024-05-30,2024-06-04,2024-06-05,2024-06-06,主板,"发售以供认购,发售以供配售",是,14.6,16.8,14.98,500,8484.71,17816000,1782000,16034000,266880000.0,183480000.0,HKD,约50.0%用于扩充公司的医学影像中心网络；约20.0%用于在医学影像领域寻求战略合作及并购的机会以及在医疗影像服务产业链中寻求战略合作及投资机会；约20.0%用于将公司的业务拓展至(i)相对缺乏医疗资源的海外国家和地区(例如东南亚);及(ii)人均可支配收入高以及在医疗影像服务方面具有庞大增长潜力的海外国家和地区(例如中东)；约10.0%用作营运资金及一般公司用途。,336.33,1.24,45.338729016787,首发信息一览
8529.HK,优博控股,2024-06-03,2024-05-31,2024-05-24,2024-05-29,2024-05-30,2024-05-31,创业板,"发售以供认购,发售以供配售",是,0.5,0.6,0.5,5000,3030.25,125000000,12500000,112500000,68750000.0,31350000.0,HKD,78.2%将用作提高公司的产能及生产力；6.2%将用作加强公司在全球市场（包括中国市场）的销售及市场推广工作；4.2%将用作购买ERP系统及升级信息系统以支援ERP系统；3.1%将用作加强公司的研发及材料工程的能力；8.3%将用作一般营运资金。,2503.03,1.15,,首发信息一览
2443.HK,汽车街,2024-05-31,2024-05-30,2024-05-23,2024-05-28,2024-05-29,2024-05-30,主板,"发售以供认购,发售以供配售",是,10.2,11.2,10.2,200,2262.59,15000000,1500000,13500000,153000000.0,90880000.0,HKD,"40.0%将用于扩充拍场网络的地理覆盖；10.0%将用于加强公司与现有卖家及买家的关系,以及为公司的平台吸引新卖家及买家；15.0%将用于发展及多元化拓展公司的服务组合,并探索新增长领域；15.0%将用于进一步投资于研发,进一步加强公司的数字化基础设施,并持续支援公司的数字化举措；10.0%将用于与业务伙伴建立潜在战略伙伴关系及结盟,以及对行业的目标公司作出投资及╱或收购行业的目标公司的控股权益；10.0%将用作公司的营运资金及一般企业用途。",433.34,0.98,,首发信息一览
2505.HK,EDA集团控股,2024-05-28,2024-06-24,2024-05-20,2024-05-23,2024-05-24,2024-05-27,主板,"发售以供认购,发售以供配售",是,2.28,3.06,2.28,1000,3090.85,97625000,9763000,82980000,222590000.0,192180000.0,HKD,"约占全球发售所得款项净额的约62.0%,以通过公司的轻资产模式增强公司的全球物流网络；约占全球发售所得款项净额的约16.0%,以改造公司的易达云平台；约占全球发售所得款项净额的约16.0%,以加强公司的市场占有率以吸引新客户及维持与核心客户(即因年度收入贡献超过人民币3百万元而公司为其指定专责销售人员的客户)的关系；约占全球发售所得款项净额的约6.0%作为一般营运资金。",103.44,0.98,22.845141291163,首发信息一览
0917.HK,趣致集团,2024-05-27,2024-05-24,2024-05-17,2024-05-22,2024-05-23,2024-05-24,主板,"发售以供认购,发售以供配售",是,25.0,29.7,25.0,200,5999.91,19704000,1970400,17733600,492600000.0,420510000.0,HKD,"32.0%将用于于未来四年内扩展公司的自动贩卖机网络及提高市场渗透率；13.0%将用于在未来四年内优化营销服务,专注于提升用户运营及公司的服务矩阵；15.0%将用于提高公司的品牌知名度,继而于未来三年内进一步拓展品牌客户群；20.0%将用于在未来四年内加强公司的技术能力及研发力度,以提高运营效率；10.0%将用于寻求战略联盟和收购；10.0%将用于公司的一般营运资金及一般企业用途。",12.05,1.11,15.874949248883,首发信息一览
2898.HK,盛禾生物-B,2024-05-24,2024-05-23,2024-05-16,2024-05-21,2024-05-16,2024-05-23,主板,"发售以供认购,发售以供配售",是,13.5,13.5,13.5,200,2727.22,34151800,3415200,30736600,461050000.0,391640000.0,HKD,28.2%将用于IAH0968在中国正在进行及计划进行的临床试验(主要包括临床试验所用原材料及耗材成本、相关临床试验团队的工资和福利以及与招募患者及聘请外部顾问有关的成本)；35.8%将用于IAP0971在中国正在进行及计划进行的临床试验(主要包括临床试验所用原材料及耗材成本、相关临床试验团队的工资和福利以及与招募患者及聘请外部顾问有关的成本)；36.0%将用于IAE0972在中国正在进行及计划进行的临床试验(主要包括临床试验所用原材料及耗材成本、相关临床试验团队的工资和福利以及与招募患者及聘请外部顾问有关的成本)。,10.08,1.27,9.1530202797961,首发信息一览
2529.HK,泓盈城市服务,2024-05-17,2026-04-17,2024-05-08,2024-05-13,2024-05-14,2024-05-16,主板,"发售以供认购,发售以供配售",是,3.2,3.6,3.2,1000,3636.31,40000000,4000000,36000000,128000000.0,86380000.0,HKD,"约43.75%将用于物色物业管理服务供应商及城市服务提供商的潜在战略收购机会(主要区域为湖南省、江西省及贵州省),最大程度发挥与公司现有业务运营的潜在协作优势,及促进公司的业务发展。约20.95%用于购买市政环卫服务及照明系统运营服务作业车辆及设备,以逐步提升公司的服务能力。约25.35%预计将于未来四年用于进一步技术发展,以提高公司的技术能力,并提高数字化及自动化程度。约0.7%将用于继续招聘人才以及改善员工培训,以支持业务的可持续发展。约9.3%预期将用作营运资金及其他一般公司用途。",47.59,1.2,52.34375,首发信息一览
2556.HK,迈富时,2024-05-16,2024-05-14,2024-05-07,2024-05-10,2024-05-13,2024-05-14,主板,"发售以供认购,发售以供配售",是,42.0,45.0,43.6,100,4545.38,5949700,595000,5354700,259410000.0,181110000.0,HKD,"约20.0%用于未来三年提升公司的Marketingforce平台及基于云的产品组合及服务；约30.0%将分配至于未来三年改进公司的相关技术,包括人工智能、大数据分析及云计算；约30.0%将分配至于未来三年扩大公司的销售网络、提升客户成功体系及提高品牌影响力；约15.0%将分配至于未来三年达成战略投资及收购,从而提升公司的Marketingforce平台,丰富公司的产品组合并提升现有产品功能,旨在提高处于数字化转型迅速的垂直行业中的目标客户渗透率以及优化公司的客户结构。约5.0%将分配至营运资金及一般公司用途。",5.95,1.03,15.197052927798,首发信息一览
2438.HK,出门问问,2024-04-24,2024-05-19,2024-04-16,2024-04-19,2024-04-22,2024-04-23,主板,"发售以供认购,发售以供配售",是,3.7,4.1,3.8,1000,4141.35,84568000,8457000,76111000,360982600.0,305230000.0,HKD,"约44.3%将于未来三年用于扩大公司多模态大模型‘序列猴子’的规模,持续改进公司的建模技术,对公司的底层基础模型进行模型训练、垂直优化,并通过持续的研发投入引进杰出的技术和人才,改进公司解决方案的现有程序算法。约35.7%将于未来三年用于解决方案开发及市场扩张。约10.0%将分配用于寻求战略合作、投资及收购,以在未来三年实施公司解决方案开发的长期增长策略。约10.0%将用于营运资金及一般企业用途。",117.39,1.58,26.317057941297,首发信息一览
2555.HK,茶百道,2024-04-23,2024-05-20,2024-04-15,2024-04-18,2024-04-15,2024-04-22,主板,"发售以供认购,发售以供配售",是,17.5,17.5,17.5,200,3535.3,147763400,14776400,132987000,2585860000.0,2463260000.0,HKD,"约51.0%,将用于提高整体运营能力及强化供应链;约20.0%,将用于发展公司的数字化能力,及委聘和培训专业人才;约12.0%,将用于品牌打造及推广活动;约5.0%,将用于推广自营咖啡品牌及在中国各地铺设咖啡店网络;约2.0%,将用于产品开发及创新,包括招募、培训及保留内部研发人员以及在总部建立研发中心并配备先进的软件及硬件以精简及优化公司的产品开发工作;剩余约10.0%,将用作营运资金及作一般企业用途。",0.5,1.11,,首发信息一览
2515.HK,天津建发,2024-04-23,2024-05-20,2024-04-15,2024-04-18,2024-04-19,2024-04-22,主板,"发售以供认购,发售以供配售",是,2.5,2.9,2.5,2000,5858.5,53950000,5396000,48554000,134880000.0,92180000.0,HKD,"约55.0%,将用于为公司潜在项目的前期成本提供资金。约15.0%将会用于在天津以外的地区设立当地分支机构,并将公司的业务网络拓展至更多中国城市。约10.0%将用于提升公司的研发能力。于往绩记录期间,公司一直被认证为高新技术企业,而此认证将要求公司在研发活动中持续投资,以提升公司的研发实力,包括(a)采购硬件及设备以升级及改进捷效系统;(b)招聘具有竞争力且有能力的人才领导公司的研发活动;及(c)采购软件以升级及改进捷效系统功能。约10.0%将用于收购或投资于其他专注于石化工程、新能源工程或新城市基础设施建设,并持有承接有关工程的相关许可证或资质的建筑公司。约10.0%将用作营运资金及一般企业用途。",433.06,1.02,,首发信息一览
