code_raw,normalized_code,name,listing_date,reason
6871.HK,6871.HK,翼菲科技,2026-05-18,尚未上市/上市日在未来，跳过
7630.HK,7630.HK,英派药业-B,2026-05-13,尚未上市/上市日在未来，跳过
7666.HK,7666.HK,剂泰科技-P,2026-05-13,尚未上市/上市日在未来，跳过
H2560.HK,,东圣实业,,无正式港股交易代码/临时代码，跳过
H2308.HK,,迈瑞医疗,,无正式港股交易代码/临时代码，跳过
H2557.HK,,长盈精密,,无正式港股交易代码/临时代码，跳过
H2558.HK,,华健未来,,无正式港股交易代码/临时代码，跳过
H2559.HK,,国联绿色科技,,无正式港股交易代码/临时代码，跳过
H2561.HK,,翘石国际,,无正式港股交易代码/临时代码，跳过
H2556.HK,,鼎捷数智,,无正式港股交易代码/临时代码，跳过
H2063.HK,,奔赴自然,,无正式港股交易代码/临时代码，跳过
H2290.HK,,天农食品,,无正式港股交易代码/临时代码，跳过
H2292.HK,,芯德半导体,,无正式港股交易代码/临时代码，跳过
H2300.HK,,海光芯正,,无正式港股交易代码/临时代码，跳过
H2304.HK,,深向科技,,无正式港股交易代码/临时代码，跳过
H2303.HK,,科兴生物,,无正式港股交易代码/临时代码，跳过
H2555.HK,,淘车车,,无正式港股交易代码/临时代码，跳过
H2071.HK,,科拓股份,,无正式港股交易代码/临时代码，跳过
H2046.HK,,江西生物,,无正式港股交易代码/临时代码，跳过
H2288.HK,,千岛湖,,无正式港股交易代码/临时代码，跳过
H2293.HK,,礼邦医药-B,,无正式港股交易代码/临时代码，跳过
H2554.HK,,哲弗智能,,无正式港股交易代码/临时代码，跳过
H1803.HK,,货拉拉-W,,无正式港股交易代码/临时代码，跳过
H2039.HK,,长宏新材,,无正式港股交易代码/临时代码，跳过
H2042.HK,,新荷花,,无正式港股交易代码/临时代码，跳过
H2197.HK,,山推工程机械,,无正式港股交易代码/临时代码，跳过
H2257.HK,,华恒生物,,无正式港股交易代码/临时代码，跳过
H2286.HK,,珀莱雅,,无正式港股交易代码/临时代码，跳过
H2552.HK,,新榜,,无正式港股交易代码/临时代码，跳过
H2553.HK,,君绮控股,,无正式港股交易代码/临时代码，跳过
H2175.HK,,云天励飞,,无正式港股交易代码/临时代码，跳过
H2267.HK,,坦博尔,,无正式港股交易代码/临时代码，跳过
H2268.HK,,诚益生物-B,,无正式港股交易代码/临时代码，跳过
H2280.HK,,富瀚微,,无正式港股交易代码/临时代码，跳过
H2548.HK,,微康益生菌,,无正式港股交易代码/临时代码，跳过
H2549.HK,,拿森科技,,无正式港股交易代码/临时代码，跳过
H2550.HK,,基流科技,,无正式港股交易代码/临时代码，跳过
H2551.HK,,百秋尚美,,无正式港股交易代码/临时代码，跳过
H2107.HK,,创智芯联,,无正式港股交易代码/临时代码，跳过
H2249.HK,,聚芯微电子,,无正式港股交易代码/临时代码，跳过
H2544.HK,,汇川技术,,无正式港股交易代码/临时代码，跳过
H2545.HK,,科力普,,无正式港股交易代码/临时代码，跳过
H2546.HK,,阿麦斯,,无正式港股交易代码/临时代码，跳过
H2547.HK,,戴纳科技,,无正式港股交易代码/临时代码，跳过
H2211.HK,,若羽臣,,无正式港股交易代码/临时代码，跳过
H2215.HK,,格林美,,无正式港股交易代码/临时代码，跳过
H2270.HK,,千里科技,,无正式港股交易代码/临时代码，跳过
H2543.HK,,MNC DIGITAL-S,,无正式港股交易代码/临时代码，跳过
H2240.HK,,望圆科技,,无正式港股交易代码/临时代码，跳过
H2266.HK,,阳光电源,,无正式港股交易代码/临时代码，跳过
H2278.HK,,滨化股份,,无正式港股交易代码/临时代码，跳过
H2538.HK,,XTransfer-W,,无正式港股交易代码/临时代码，跳过
H2539.HK,,美克生能源,,无正式港股交易代码/临时代码，跳过
H2540.HK,,箱箱共享,,无正式港股交易代码/临时代码，跳过
H2541.HK,,质肽生物-B,,无正式港股交易代码/临时代码，跳过
H2542.HK,,卡拉罗中国,,无正式港股交易代码/临时代码，跳过
H2537.HK,,伊卡路斯,,无正式港股交易代码/临时代码，跳过
H1632.HK,,圆心科技,,无正式港股交易代码/临时代码，跳过
H2535.HK,,明珠化工,,无正式港股交易代码/临时代码，跳过
H2536.HK,,T3出行,,无正式港股交易代码/临时代码，跳过
H2190.HK,,应世生物-B,,无正式港股交易代码/临时代码，跳过
H2231.HK,,佳都科技,,无正式港股交易代码/临时代码，跳过
H2146.HK,,微脉,,无正式港股交易代码/临时代码，跳过
H2534.HK,,帝尔激光,,无正式港股交易代码/临时代码，跳过
H2269.HK,,首创证券,,无正式港股交易代码/临时代码，跳过
H2533.HK,,菲亚兰德,,无正式港股交易代码/临时代码，跳过
H2226.HK,,东方科脉,,无正式港股交易代码/临时代码，跳过
H2255.HK,,精实测控,,无正式港股交易代码/临时代码，跳过
H2038.HK,,安诺优达,,无正式港股交易代码/临时代码，跳过
H2532.HK,,华盛锂电,,无正式港股交易代码/临时代码，跳过
H2209.HK,,暖哇科技,,无正式港股交易代码/临时代码，跳过
H2531.HK,,华工科技,,无正式港股交易代码/临时代码，跳过
H2202.HK,,宜品集团,,无正式港股交易代码/临时代码，跳过
H2225.HK,,晶晨半导体,,无正式港股交易代码/临时代码，跳过
H2529.HK,,德赛西威,,无正式港股交易代码/临时代码，跳过
H2530.HK,,中科闻歌,,无正式港股交易代码/临时代码，跳过
H2261.HK,,华付技术,,无正式港股交易代码/临时代码，跳过
H2262.HK,,宝丰堂,,无正式港股交易代码/临时代码，跳过
H2264.HK,,好医生云医疗,,无正式港股交易代码/临时代码，跳过
H2528.HK,,天孚通信,,无正式港股交易代码/临时代码，跳过
H2246.HK,,欢创科技,,无正式港股交易代码/临时代码，跳过
H2252.HK,,大金重工,,无正式港股交易代码/临时代码，跳过
H2527.HK,,清陶能源,,无正式港股交易代码/临时代码，跳过
H2239.HK,,艾米森-B,,无正式港股交易代码/临时代码，跳过
H2206.HK,,潮宏基,,无正式港股交易代码/临时代码，跳过
H2219.HK,,宝盖新材,,无正式港股交易代码/临时代码，跳过
H2227.HK,,和林微纳,,无正式港股交易代码/临时代码，跳过
H2245.HK,,普源精电,,无正式港股交易代码/临时代码，跳过
H2250.HK,,自然堂,,无正式港股交易代码/临时代码，跳过
H2258.HK,,锐明技术,,无正式港股交易代码/临时代码，跳过
H2263.HK,,滨会生物-B,,无正式港股交易代码/临时代码，跳过
H2520.HK,,天华新能,,无正式港股交易代码/临时代码，跳过
H2521.HK,,安擎计算机,,无正式港股交易代码/临时代码，跳过
H2522.HK,,新希望乳业,,无正式港股交易代码/临时代码，跳过
H2523.HK,,毛源昌眼镜,,无正式港股交易代码/临时代码，跳过
H2524.HK,,汇伦医药,,无正式港股交易代码/临时代码，跳过
H2525.HK,,易景信息,,无正式港股交易代码/临时代码，跳过
H2526.HK,,开思时代,,无正式港股交易代码/临时代码，跳过
H1937.HK,,永康控股,,无正式港股交易代码/临时代码，跳过
H2237.HK,,圣邦微电子,,无正式港股交易代码/临时代码，跳过
H2242.HK,,米连科技,,无正式港股交易代码/临时代码，跳过
H2516.HK,,芯原股份,,无正式港股交易代码/临时代码，跳过
H2517.HK,,宜美智科,,无正式港股交易代码/临时代码，跳过
H2518.HK,,石大胜华,,无正式港股交易代码/临时代码，跳过
H2519.HK,,XREAL,,无正式港股交易代码/临时代码，跳过
H2139.HK,,焦点国际,,无正式港股交易代码/临时代码，跳过
H2213.HK,,赛美特,,无正式港股交易代码/临时代码，跳过
H2232.HK,,优艾智合,,无正式港股交易代码/临时代码，跳过
H2233.HK,,大潮玩国际,,无正式港股交易代码/临时代码，跳过
H2238.HK,,微亿智造,,无正式港股交易代码/临时代码，跳过
H2241.HK,,靖因药业-B,,无正式港股交易代码/临时代码，跳过
H2247.HK,,晶存科技,,无正式港股交易代码/临时代码，跳过
H2248.HK,,麦科奥特-B,,无正式港股交易代码/临时代码，跳过
H2251.HK,,晶合集成,,无正式港股交易代码/临时代码，跳过
H2254.HK,,珞石机器人,,无正式港股交易代码/临时代码，跳过
H2512.HK,,拓普集团,,无正式港股交易代码/临时代码，跳过
H2513.HK,,玛冀电子,,无正式港股交易代码/临时代码，跳过
H2514.HK,,瑶芯微,,无正式港股交易代码/临时代码，跳过
H2515.HK,,数聚智连,,无正式港股交易代码/临时代码，跳过
H2217.HK,,万辰集团,,无正式港股交易代码/临时代码，跳过
H2218.HK,,中微半导,,无正式港股交易代码/临时代码，跳过
H2235.HK,,瘦西湖,,无正式港股交易代码/临时代码，跳过
H2510.HK,,万源通,,无正式港股交易代码/临时代码，跳过
H2508.HK,,Aqara,,无正式港股交易代码/临时代码，跳过
H2509.HK,,中茵微电子,,无正式港股交易代码/临时代码，跳过
H2095.HK,,随手播,,无正式港股交易代码/临时代码，跳过
H2157.HK,,山金国际,,无正式港股交易代码/临时代码，跳过
H2214.HK,,天赐材料,,无正式港股交易代码/临时代码，跳过
H2221.HK,,山金国际,,无正式港股交易代码/临时代码，跳过
H2229.HK,,星宸科技,,无正式港股交易代码/临时代码，跳过
H2505.HK,,首钢朗泽,,无正式港股交易代码/临时代码，跳过
H2506.HK,,高能环境,,无正式港股交易代码/临时代码，跳过
H2507.HK,,小阔科技,,无正式港股交易代码/临时代码，跳过
H2154.HK,,四维智联,,无正式港股交易代码/临时代码，跳过
H2165.HK,,瑞为技术,,无正式港股交易代码/临时代码，跳过
H2222.HK,,双林股份,,无正式港股交易代码/临时代码，跳过
H2223.HK,,极飞科技,,无正式港股交易代码/临时代码，跳过
H2504.HK,,易点天下,,无正式港股交易代码/临时代码，跳过
H2184.HK,,星环科技,,无正式港股交易代码/临时代码，跳过
H2502.HK,,源杰科技,,无正式港股交易代码/临时代码，跳过
H2220.HK,,可胜技术,,无正式港股交易代码/临时代码，跳过
H2129.HK,,承泰科技,,无正式港股交易代码/临时代码，跳过
H2212.HK,,先为达生物-B,,无正式港股交易代码/临时代码，跳过
H2208.HK,,新元素药业-B,,无正式港股交易代码/临时代码，跳过
H2501.HK,,MGR-S,,无正式港股交易代码/临时代码，跳过
H2187.HK,,英发睿能,,无正式港股交易代码/临时代码，跳过
H2032.HK,,白鸽在线,,无正式港股交易代码/临时代码，跳过
H2186.HK,,斑马智能,,无正式港股交易代码/临时代码，跳过
H1547.HK,,爱科百发-B,,无正式港股交易代码/临时代码，跳过
H2178.HK,,海清智元,,无正式港股交易代码/临时代码，跳过
H2499.HK,,思谋科技,,无正式港股交易代码/临时代码，跳过
H2500.HK,,璞泰来,,无正式港股交易代码/临时代码，跳过
H2114.HK,,Hope Sea,,无正式港股交易代码/临时代码，跳过
H2200.HK,,芯碁微装,,无正式港股交易代码/临时代码，跳过
H2144.HK,,齐云山,,无正式港股交易代码/临时代码，跳过
H2194.HK,,圣火科技,,无正式港股交易代码/临时代码，跳过
H2205.HK,,麦科田,,无正式港股交易代码/临时代码，跳过
H2174.HK,,正品控股,,无正式港股交易代码/临时代码，跳过
H2181.HK,,创想三维,,无正式港股交易代码/临时代码，跳过
H2204.HK,,琻捷电子科技,,无正式港股交易代码/临时代码，跳过
H2496.HK,,华明装备,,无正式港股交易代码/临时代码，跳过
H2191.HK,,纳真科技,,无正式港股交易代码/临时代码，跳过
H2483.HK,,哥瑞利,,无正式港股交易代码/临时代码，跳过
H2023.HK,,沪鸽,,无正式港股交易代码/临时代码，跳过
H2179.HK,,卧龙电驱,,无正式港股交易代码/临时代码，跳过
H2183.HK,,立讯精密,,无正式港股交易代码/临时代码，跳过
H2192.HK,,希磁科技,,无正式港股交易代码/临时代码，跳过
H2491.HK,,钛动科技,,无正式港股交易代码/临时代码，跳过
H2492.HK,,中文在线,,无正式港股交易代码/临时代码，跳过
H2493.HK,,五和博澳-B,,无正式港股交易代码/临时代码，跳过
H2494.HK,,RADVANCE,,无正式港股交易代码/临时代码，跳过
H2495.HK,,PINNACLE MARINE,,无正式港股交易代码/临时代码，跳过
H2490.HK,,特锐德,,无正式港股交易代码/临时代码，跳过
H2188.HK,,天辰生物-B,,无正式港股交易代码/临时代码，跳过
H2488.HK,,汉方制药,,无正式港股交易代码/临时代码，跳过
H2489.HK,,锦欣康养,,无正式港股交易代码/临时代码，跳过
H2487.HK,,华依科技,,无正式港股交易代码/临时代码，跳过
H2486.HK,,绿云软件,,无正式港股交易代码/临时代码，跳过
H2485.HK,,信得科技,,无正式港股交易代码/临时代码，跳过
H2069.HK,,宏业基,,无正式港股交易代码/临时代码，跳过
H2483.HK,,哥瑞利,,无正式港股交易代码/临时代码，跳过
H2484.HK,,德兰明海,,无正式港股交易代码/临时代码，跳过
H2180.HK,,军信股份,,无正式港股交易代码/临时代码，跳过
H2477.HK,,易慕峰-B,,无正式港股交易代码/临时代码，跳过
H2478.HK,,维眸生物-B,,无正式港股交易代码/临时代码，跳过
H2479.HK,,海柔创新-W,,无正式港股交易代码/临时代码，跳过
H2480.HK,,普莱医药-B,,无正式港股交易代码/临时代码，跳过
H2481.HK,,诺令生物-B,,无正式港股交易代码/临时代码，跳过
H2482.HK,,再惠,,无正式港股交易代码/临时代码，跳过
H2475.HK,,信立泰,,无正式港股交易代码/临时代码，跳过
H2476.HK,,引航生物,,无正式港股交易代码/临时代码，跳过
H2472.HK,,思源电气,,无正式港股交易代码/临时代码，跳过
H2473.HK,,京新药业,,无正式港股交易代码/临时代码，跳过
H2474.HK,,博纳西亚,,无正式港股交易代码/临时代码，跳过
H2469.HK,,第零智能,,无正式港股交易代码/临时代码，跳过
H2470.HK,,ICS集团,,无正式港股交易代码/临时代码，跳过
H2471.HK,,和夏科技,,无正式港股交易代码/临时代码，跳过
H2465.HK,,维达力,,无正式港股交易代码/临时代码，跳过
H2466.HK,,为恒智能,,无正式港股交易代码/临时代码，跳过
H2467.HK,,糖吉医疗-B,,无正式港股交易代码/临时代码，跳过
H2468.HK,,热联集团,,无正式港股交易代码/临时代码，跳过
H2464.HK,,彤程新材,,无正式港股交易代码/临时代码，跳过
H2463.HK,,鹿客科技,,无正式港股交易代码/临时代码，跳过
H2177.HK,,丹诺医药-B,,无正式港股交易代码/临时代码，跳过
H2462.HK,,绿联科技,,无正式港股交易代码/临时代码，跳过
H2100.HK,,奕斯伟计算,,无正式港股交易代码/临时代码，跳过
H2152.HK,,海马云,,无正式港股交易代码/临时代码，跳过
H2170.HK,,星源材质,,无正式港股交易代码/临时代码，跳过
H2176.HK,,欣旺达,,无正式港股交易代码/临时代码，跳过
H2449.HK,,伊戈尔,,无正式港股交易代码/临时代码，跳过
H2450.HK,,鑫谊麟禾科技,,无正式港股交易代码/临时代码，跳过
H2451.HK,,海亮股份,,无正式港股交易代码/临时代码，跳过
H2452.HK,,浙能迈领,,无正式港股交易代码/临时代码，跳过
H2453.HK,,明智科技,,无正式港股交易代码/临时代码，跳过
H2454.HK,,征祥医药-B,,无正式港股交易代码/临时代码，跳过
H2455.HK,,中鑫家居,,无正式港股交易代码/临时代码，跳过
H2456.HK,,台铃科技,,无正式港股交易代码/临时代码，跳过
H2457.HK,,天地和兴,,无正式港股交易代码/临时代码，跳过
H2458.HK,,易买工品,,无正式港股交易代码/临时代码，跳过
H2459.HK,,卡奥斯,,无正式港股交易代码/临时代码，跳过
H2460.HK,,钛和检测,,无正式港股交易代码/临时代码，跳过
H2461.HK,,鹏辉能源,,无正式港股交易代码/临时代码，跳过
H2444.HK,,浙江荣泰,,无正式港股交易代码/临时代码，跳过
H2445.HK,,仙乐健康,,无正式港股交易代码/临时代码，跳过
H2446.HK,,伯镭科技,,无正式港股交易代码/临时代码，跳过
H2447.HK,,格米莱,,无正式港股交易代码/临时代码，跳过
H2448.HK,,泰励生物-B,,无正式港股交易代码/临时代码，跳过
H2440.HK,,阿童木机器人,,无正式港股交易代码/临时代码，跳过
H2441.HK,,铜博科技,,无正式港股交易代码/临时代码，跳过
H2442.HK,,酷芯微电子,,无正式港股交易代码/临时代码，跳过
H2443.HK,,昆仑新能源材料,,无正式港股交易代码/临时代码，跳过
H2433.HK,,星辰天合,,无正式港股交易代码/临时代码，跳过
H2434.HK,,惟远能源,,无正式港股交易代码/临时代码，跳过
H2435.HK,,德业股份,,无正式港股交易代码/临时代码，跳过
H2436.HK,,玉柴船电,,无正式港股交易代码/临时代码，跳过
H2437.HK,,新泉股份,,无正式港股交易代码/临时代码，跳过
H2438.HK,,新宙邦,,无正式港股交易代码/临时代码，跳过
H2439.HK,,甘之草,,无正式港股交易代码/临时代码，跳过
2667.HK,2667.HK,同仁堂医养,,缺上市日期，跳过
H1807.HK,,京东产发,,无正式港股交易代码/临时代码，跳过
H2423.HK,,粤十数智,,无正式港股交易代码/临时代码，跳过
H2424.HK,,百普赛斯,,无正式港股交易代码/临时代码，跳过
H2425.HK,,星宇股份,,无正式港股交易代码/临时代码，跳过
H2426.HK,,聚辰股份,,无正式港股交易代码/临时代码，跳过
H2427.HK,,护家科技,,无正式港股交易代码/临时代码，跳过
H2428.HK,,微电新能源,,无正式港股交易代码/临时代码，跳过
H2429.HK,,研趣信息,,无正式港股交易代码/临时代码，跳过
H2430.HK,,舜宇智行,,无正式港股交易代码/临时代码，跳过
H2431.HK,,拓必达,,无正式港股交易代码/临时代码，跳过
H2432.HK,,奥科达医药-B,,无正式港股交易代码/临时代码，跳过
H2422.HK,,康诺生物,,无正式港股交易代码/临时代码，跳过
H2128.HK,,长乐控股,,无正式港股交易代码/临时代码，跳过
H2418.HK,,迦智科技,,无正式港股交易代码/临时代码，跳过
H2419.HK,,迪哲医药,,无正式港股交易代码/临时代码，跳过
H2420.HK,,上海君屹,,无正式港股交易代码/临时代码，跳过
H2416.HK,,邦顺制药-B,,无正式港股交易代码/临时代码，跳过
H2417.HK,,上海精智,,无正式港股交易代码/临时代码，跳过
H2414.HK,,普祺医药-B,,无正式港股交易代码/临时代码，跳过
H2415.HK,,国医科技,,无正式港股交易代码/临时代码，跳过
H2310.HK,,德风科技,,无正式港股交易代码/临时代码，跳过
H2412.HK,,沃客非凡,,无正式港股交易代码/临时代码，跳过
H2138.HK,,云英谷科技,,无正式港股交易代码/临时代码，跳过
H2407.HK,,玖物智能,,无正式港股交易代码/临时代码，跳过
H2408.HK,,华睿科技,,无正式港股交易代码/临时代码，跳过
H2409.HK,,君乐宝,,无正式港股交易代码/临时代码，跳过
H2410.HK,,科大智能,,无正式港股交易代码/临时代码，跳过
H2411.HK,,云动智能,,无正式港股交易代码/临时代码，跳过
H1771.HK,,多宁生物,,无正式港股交易代码/临时代码，跳过
H1921.HK,,富友支付,,无正式港股交易代码/临时代码，跳过
H2163.HK,,镁信健康,,无正式港股交易代码/临时代码，跳过
H2399.HK,,睿云联,,无正式港股交易代码/临时代码，跳过
H2400.HK,,誉研堂,,无正式港股交易代码/临时代码，跳过
H2401.HK,,比格餐饮,,无正式港股交易代码/临时代码，跳过
H2402.HK,,花物堂,,无正式港股交易代码/临时代码，跳过
H2403.HK,,拓斯达,,无正式港股交易代码/临时代码，跳过
H2404.HK,,文石信息,,无正式港股交易代码/临时代码，跳过
H2405.HK,,勤浩医药-B,,无正式港股交易代码/临时代码，跳过
H2406.HK,,云峰莫干山,,无正式港股交易代码/临时代码，跳过
H2137.HK,,亦诺微医药-B,,无正式港股交易代码/临时代码，跳过
H2397.HK,,聚和材料,,无正式港股交易代码/临时代码，跳过
H2398.HK,,Exegenesis-B,,无正式港股交易代码/临时代码，跳过
H2101.HK,,杰华特,,无正式港股交易代码/临时代码，跳过
H2393.HK,,莲池医院,,无正式港股交易代码/临时代码，跳过
H2394.HK,,上海生生,,无正式港股交易代码/临时代码，跳过
H2395.HK,,金星啤酒,,无正式港股交易代码/临时代码，跳过
H2396.HK,,赜灵生物-B,,无正式港股交易代码/临时代码，跳过
H2387.HK,,贝斯特,,无正式港股交易代码/临时代码，跳过
H2388.HK,,钱大妈,,无正式港股交易代码/临时代码，跳过
H2389.HK,,威兆半导体,,无正式港股交易代码/临时代码，跳过
H2390.HK,,袁记食品,,无正式港股交易代码/临时代码，跳过
H2391.HK,,海大国际,,无正式港股交易代码/临时代码，跳过
H2392.HK,,铂科电子,,无正式港股交易代码/临时代码，跳过
H2383.HK,,芯天下,,无正式港股交易代码/临时代码，跳过
H2384.HK,,极物思维,,无正式港股交易代码/临时代码，跳过
H2385.HK,,先声再明,,无正式港股交易代码/临时代码，跳过
H2386.HK,,远信储能,,无正式港股交易代码/临时代码，跳过
H1991.HK,,老乡鸡,,无正式港股交易代码/临时代码，跳过
H2381.HK,,桑尼森迪,,无正式港股交易代码/临时代码，跳过
H2382.HK,,西子健康,,无正式港股交易代码/临时代码，跳过
H2167.HK,,芯迈半导体,,无正式港股交易代码/临时代码，跳过
H2380.HK,,博锐生物,,无正式港股交易代码/临时代码，跳过
H2377.HK,,天下秀,,无正式港股交易代码/临时代码，跳过
H2378.HK,,众安信科,,无正式港股交易代码/临时代码，跳过
H2379.HK,,爷爷的农场,,无正式港股交易代码/临时代码，跳过
H2130.HK,,斯坦德机器人,,无正式港股交易代码/临时代码，跳过
H2376.HK,,万帮能源,,无正式港股交易代码/临时代码，跳过
H2162.HK,,亿纬锂能,,无正式港股交易代码/临时代码，跳过
H2372.HK,,臻驱科技,,无正式港股交易代码/临时代码，跳过
H2373.HK,,新思考电机,,无正式港股交易代码/临时代码，跳过
H2374.HK,,松果出行,,无正式港股交易代码/临时代码，跳过
H2375.HK,,联集科技,,无正式港股交易代码/临时代码，跳过
H2365.HK,,导远科技,,无正式港股交易代码/临时代码，跳过
H2366.HK,,宏芯宇,,无正式港股交易代码/临时代码，跳过
H2367.HK,,景旺电子,,无正式港股交易代码/临时代码，跳过
H2368.HK,,益方生物-B,,无正式港股交易代码/临时代码，跳过
H2369.HK,,万怡医学,,无正式港股交易代码/临时代码，跳过
H2370.HK,,xTool,,无正式港股交易代码/临时代码，跳过
H2371.HK,,Suplay,,无正式港股交易代码/临时代码，跳过
H2118.HK,,极易科技,,无正式港股交易代码/临时代码，跳过
H2131.HK,,酷赛智能,,无正式港股交易代码/临时代码，跳过
H2147.HK,,石头科技,,无正式港股交易代码/临时代码，跳过
H2150.HK,,景泽生物-B,,无正式港股交易代码/临时代码，跳过
H2364.HK,,琥崧科技,,无正式港股交易代码/临时代码，跳过
H2135.HK,,蓝色光标,,无正式港股交易代码/临时代码，跳过
H2363.HK,,天九企服,,无正式港股交易代码/临时代码，跳过
H2134.HK,,易控智驾,,无正式港股交易代码/临时代码，跳过
H2142.HK,,合合信息,,无正式港股交易代码/临时代码，跳过
H2153.HK,,用友网络,,无正式港股交易代码/临时代码，跳过
H2361.HK,,汉得信息,,无正式港股交易代码/临时代码，跳过
H2362.HK,,悦康药业,,无正式港股交易代码/临时代码，跳过
H2115.HK,,视源股份,,无正式港股交易代码/临时代码，跳过
H2121.HK,,宇信科技,,无正式港股交易代码/临时代码，跳过
H2358.HK,,新济医药-B,,无正式港股交易代码/临时代码，跳过
H2359.HK,,四方精创,,无正式港股交易代码/临时代码，跳过
H2360.HK,,米奥会展,,无正式港股交易代码/临时代码，跳过
H2357.HK,,FRONTERA-B,,无正式港股交易代码/临时代码，跳过
H2125.HK,,潍柴雷沃,,无正式港股交易代码/临时代码，跳过
H2355.HK,,瑞派宠物,,无正式港股交易代码/临时代码，跳过
H2356.HK,,龙迅股份,,无正式港股交易代码/临时代码，跳过
H2353.HK,,吉因加,,无正式港股交易代码/临时代码，跳过
H2109.HK,,华大北斗,,无正式港股交易代码/临时代码，跳过
H2347.HK,,泽璟制药,,无正式港股交易代码/临时代码，跳过
H2348.HK,,环球园艺,,无正式港股交易代码/临时代码，跳过
H2349.HK,,福信富通科技,,无正式港股交易代码/临时代码，跳过
H2350.HK,,道通科技,,无正式港股交易代码/临时代码，跳过
H2116.HK,,岸迈生物-B,,无正式港股交易代码/临时代码，跳过
H2346.HK,,科郦,,无正式港股交易代码/临时代码，跳过
H2111.HK,,新奥股份,,无正式港股交易代码/临时代码，跳过
H2113.HK,,巴奴,,无正式港股交易代码/临时代码，跳过
H2345.HK,,未来穿戴,,无正式港股交易代码/临时代码，跳过
H2343.HK,,金智维,,无正式港股交易代码/临时代码，跳过
H2342.HK,,奥动新能源,,无正式港股交易代码/临时代码，跳过
H2339.HK,,孩子王,,无正式港股交易代码/临时代码，跳过
H2340.HK,,丸美生物,,无正式港股交易代码/临时代码，跳过
H2341.HK,,主线科技,,无正式港股交易代码/临时代码，跳过
H2337.HK,,石药创新,,无正式港股交易代码/临时代码，跳过
H2338.HK,,君赛生物-B,,无正式港股交易代码/临时代码，跳过
H2336.HK,,米多多,,无正式港股交易代码/临时代码，跳过
H2104.HK,,圣桐特医,,无正式港股交易代码/临时代码，跳过
H2335.HK,,三环集团,,无正式港股交易代码/临时代码，跳过
H2087.HK,,基本半导体,,无正式港股交易代码/临时代码，跳过
H2334.HK,,高光制药-B,,无正式港股交易代码/临时代码，跳过
H2096.HK,,紫光股份,,无正式港股交易代码/临时代码，跳过
H2333.HK,,曦华科技,,无正式港股交易代码/临时代码，跳过
H2043.HK,,尚鼎芯,,无正式港股交易代码/临时代码，跳过
H2083.HK,,华曦达,,无正式港股交易代码/临时代码，跳过
H2330.HK,,传音控股,,无正式港股交易代码/临时代码，跳过
H2331.HK,,倍通数智,,无正式港股交易代码/临时代码，跳过
H2332.HK,,安克创新,,无正式港股交易代码/临时代码，跳过
H1966.HK,,活力集团,,无正式港股交易代码/临时代码，跳过
H2092.HK,,深演智能,,无正式港股交易代码/临时代码，跳过
H2099.HK,,和美药业-B,,无正式港股交易代码/临时代码，跳过
H2329.HK,,鼎泰高科,,无正式港股交易代码/临时代码，跳过
H2326.HK,,凌科药业-B,,无正式港股交易代码/临时代码，跳过
H2327.HK,,移芯通信,,无正式港股交易代码/临时代码，跳过
1511.HK,1511.HK,驭势科技,2026-05-20,尚未上市/上市日在未来，跳过
H2088.HK,,仙工智能,,无正式港股交易代码/临时代码，跳过
H2091.HK,,凯诘电商,,无正式港股交易代码/临时代码，跳过
H2093.HK,,力积存储,,无正式港股交易代码/临时代码，跳过
H2321.HK,,龙丰集团,,无正式港股交易代码/临时代码，跳过
H2322.HK,,沪士电子,,无正式港股交易代码/临时代码，跳过
H2323.HK,,车联天下,,无正式港股交易代码/临时代码，跳过
H2324.HK,,立景创新,,无正式港股交易代码/临时代码，跳过
H2325.HK,,卓创资讯,,无正式港股交易代码/临时代码，跳过
H1760.HK,,Soul,,无正式港股交易代码/临时代码，跳过
H1934.HK,,海上鲜,,无正式港股交易代码/临时代码，跳过
H2319.HK,,奥迪威,,无正式港股交易代码/临时代码，跳过
H2320.HK,,阿维塔,,无正式港股交易代码/临时代码，跳过
7688.HK,7688.HK,拓璞数控,2026-05-20,尚未上市/上市日在未来，跳过
H2318.HK,,新国都,,无正式港股交易代码/临时代码，跳过
H1962.HK,,特斯联,,无正式港股交易代码/临时代码，跳过
H2316.HK,,欧林生物,,无正式港股交易代码/临时代码，跳过
H2317.HK,,中坚科技,,无正式港股交易代码/临时代码，跳过
H1945.HK,,科望医药-B,,无正式港股交易代码/临时代码，跳过
H1973.HK,,福瑞泰克,,无正式港股交易代码/临时代码，跳过
H2315.HK,,明宇制药-B,,无正式港股交易代码/临时代码，跳过
H2314.HK,,海澜之家,,无正式港股交易代码/临时代码，跳过
H1563.HK,,领益智造,,无正式港股交易代码/临时代码，跳过
H2313.HK,,蔓迪国际,,无正式港股交易代码/临时代码，跳过
H2312.HK,,东山精密,,无正式港股交易代码/临时代码，跳过
H2062.HK,,联合信息,,无正式港股交易代码/临时代码，跳过
H2311.HK,,卡诺普机器人,,无正式港股交易代码/临时代码，跳过
H2309.HK,,时迈药业-B,,无正式港股交易代码/临时代码，跳过
H2073.HK,,安序源科技-B,,无正式港股交易代码/临时代码，跳过
H2077.HK,,中鼎智能,,无正式港股交易代码/临时代码，跳过
H2308.HK,,迈瑞医疗,,无正式港股交易代码/临时代码，跳过
H1766.HK,,真实生物-B,,无正式港股交易代码/临时代码，跳过
H2063.HK,,奔赴自然,,无正式港股交易代码/临时代码，跳过
H2074.HK,,建邦高科,,无正式港股交易代码/临时代码，跳过
H2306.HK,,海纳医药,,无正式港股交易代码/临时代码，跳过
H2307.HK,,维健医药,,无正式港股交易代码/临时代码，跳过
H2303.HK,,科兴生物,,无正式港股交易代码/临时代码，跳过
H2304.HK,,深向科技,,无正式港股交易代码/临时代码，跳过
H2305.HK,,临工重机,,无正式港股交易代码/临时代码，跳过
H2301.HK,,豪特节能,,无正式港股交易代码/临时代码，跳过
H2071.HK,,科拓股份,,无正式港股交易代码/临时代码，跳过
H2291.HK,,新桥生物-B,,无正式港股交易代码/临时代码，跳过
H2292.HK,,芯德半导体,,无正式港股交易代码/临时代码，跳过
H2293.HK,,礼邦医药-B,,无正式港股交易代码/临时代码，跳过
H2294.HK,,天瞳威视,,无正式港股交易代码/临时代码，跳过
H2295.HK,,鼎泰药研,,无正式港股交易代码/临时代码，跳过
H2296.HK,,涛涛车业,,无正式港股交易代码/临时代码，跳过
H2297.HK,,智慧互通,,无正式港股交易代码/临时代码，跳过
H2298.HK,,菲仕技术,,无正式港股交易代码/临时代码，跳过
H2299.HK,,麓鹏制药-B,,无正式港股交易代码/临时代码，跳过
H2300.HK,,海光芯正,,无正式港股交易代码/临时代码，跳过
H2302.HK,,硅基智能,,无正式港股交易代码/临时代码，跳过
H2054.HK,,德镁医药,,无正式港股交易代码/临时代码，跳过
H2285.HK,,博瑞医药,,无正式港股交易代码/临时代码，跳过
H2286.HK,,珀莱雅,,无正式港股交易代码/临时代码，跳过
H2287.HK,,天味食品,,无正式港股交易代码/临时代码，跳过
H2288.HK,,千岛湖,,无正式港股交易代码/临时代码，跳过
H2289.HK,,汉森软件,,无正式港股交易代码/临时代码，跳过
H2290.HK,,天农食品,,无正式港股交易代码/临时代码，跳过
H2051.HK,,溜溜果园,,无正式港股交易代码/临时代码，跳过
H2280.HK,,富瀚微,,无正式港股交易代码/临时代码，跳过
H2281.HK,,罗博特科,,无正式港股交易代码/临时代码，跳过
H2282.HK,,佰维存储,,无正式港股交易代码/临时代码，跳过
H2283.HK,,享道出行,,无正式港股交易代码/临时代码，跳过
H2284.HK,,嗨学网,,无正式港股交易代码/临时代码，跳过
H1803.HK,,货拉拉-W,,无正式港股交易代码/临时代码，跳过
H2037.HK,,海辰储能,,无正式港股交易代码/临时代码，跳过
H2046.HK,,江西生物,,无正式港股交易代码/临时代码，跳过
H2056.HK,,和辉光电,,无正式港股交易代码/临时代码，跳过
H2278.HK,,滨化股份,,无正式港股交易代码/临时代码，跳过
H2279.HK,,协创数据,,无正式港股交易代码/临时代码，跳过
H2275.HK,,金添动漫,,无正式港股交易代码/临时代码，跳过
H2277.HK,,禹王生物营养,,无正式港股交易代码/临时代码，跳过
H2042.HK,,新荷花,,无正式港股交易代码/临时代码，跳过
H2271.HK,,拉卡拉,,无正式港股交易代码/临时代码，跳过
H2272.HK,,擎天全税通,,无正式港股交易代码/临时代码，跳过
H2269.HK,,首创证券,,无正式港股交易代码/临时代码，跳过
H2270.HK,,千里科技,,无正式港股交易代码/临时代码，跳过
H1881.HK,,白山云,,无正式港股交易代码/临时代码，跳过
H2267.HK,,坦博尔,,无正式港股交易代码/临时代码，跳过
H2268.HK,,诚益生物-B,,无正式港股交易代码/临时代码，跳过
H2234.HK,,魔视智能,,无正式港股交易代码/临时代码，跳过
H2266.HK,,阳光电源,,无正式港股交易代码/临时代码，跳过
H2025.HK,,博车网,,无正式港股交易代码/临时代码，跳过
H2034.HK,,奥联服务,,无正式港股交易代码/临时代码，跳过
H2038.HK,,安诺优达,,无正式港股交易代码/临时代码，跳过
H2257.HK,,华恒生物,,无正式港股交易代码/临时代码，跳过
H2258.HK,,锐明技术,,无正式港股交易代码/临时代码，跳过
H2259.HK,,国信服务,,无正式港股交易代码/临时代码，跳过
H2260.HK,,森亿医疗,,无正式港股交易代码/临时代码，跳过
H2261.HK,,华付技术,,无正式港股交易代码/临时代码，跳过
H2262.HK,,宝丰堂,,无正式港股交易代码/临时代码，跳过
H2263.HK,,滨会生物-B,,无正式港股交易代码/临时代码，跳过
H2264.HK,,好医生云医疗,,无正式港股交易代码/临时代码，跳过
2615.HK,2615.HK,百利天恒,,缺上市日期，跳过
H1418.HK,,贝达药业,,无正式港股交易代码/临时代码，跳过
H1461.HK,,微医控股,,无正式港股交易代码/临时代码，跳过
H2242.HK,,米连科技,,无正式港股交易代码/临时代码，跳过
H2243.HK,,长春高新,,无正式港股交易代码/临时代码，跳过
H2244.HK,,极米科技,,无正式港股交易代码/临时代码，跳过
H2245.HK,,普源精电,,无正式港股交易代码/临时代码，跳过
H2246.HK,,欢创科技,,无正式港股交易代码/临时代码，跳过
H2247.HK,,晶存科技,,无正式港股交易代码/临时代码，跳过
H2248.HK,,麦科奥特-B,,无正式港股交易代码/临时代码，跳过
H2249.HK,,聚芯微电子,,无正式港股交易代码/临时代码，跳过
H2250.HK,,自然堂,,无正式港股交易代码/临时代码，跳过
H2251.HK,,晶合集成,,无正式港股交易代码/临时代码，跳过
H2252.HK,,大金重工,,无正式港股交易代码/临时代码，跳过
H2253.HK,,利欧股份,,无正式港股交易代码/临时代码，跳过
H2254.HK,,珞石机器人,,无正式港股交易代码/临时代码，跳过
H2255.HK,,精实测控,,无正式港股交易代码/临时代码，跳过
H2256.HK,,蓝纳成-B,,无正式港股交易代码/临时代码，跳过
H2237.HK,,圣邦微电子,,无正式港股交易代码/临时代码，跳过
H2238.HK,,微亿智造,,无正式港股交易代码/临时代码，跳过
H2239.HK,,艾米森-B,,无正式港股交易代码/临时代码，跳过
H2240.HK,,望圆科技,,无正式港股交易代码/临时代码，跳过
H2241.HK,,靖因药业-B,,无正式港股交易代码/临时代码，跳过
H2227.HK,,和林微纳,,无正式港股交易代码/临时代码，跳过
H2228.HK,,融泰药业,,无正式港股交易代码/临时代码，跳过
H2229.HK,,星宸科技,,无正式港股交易代码/临时代码，跳过
H2231.HK,,佳都科技,,无正式港股交易代码/临时代码，跳过
H2232.HK,,优艾智合,,无正式港股交易代码/临时代码，跳过
H2233.HK,,大潮玩国际,,无正式港股交易代码/临时代码，跳过
H2234.HK,,魔视智能,,无正式港股交易代码/临时代码，跳过
H2235.HK,,瘦西湖,,无正式港股交易代码/临时代码，跳过
H2236.HK,,丰疆智能,,无正式港股交易代码/临时代码，跳过
H2223.HK,,极飞科技,,无正式港股交易代码/临时代码，跳过
H2224.HK,,万兴科技,,无正式港股交易代码/临时代码，跳过
H2225.HK,,晶晨半导体,,无正式港股交易代码/临时代码，跳过
H2226.HK,,东方科脉,,无正式港股交易代码/临时代码，跳过
H2219.HK,,宝盖新材,,无正式港股交易代码/临时代码，跳过
H2220.HK,,可胜技术,,无正式港股交易代码/临时代码，跳过
H2221.HK,,山金国际,,无正式港股交易代码/临时代码，跳过
H2222.HK,,双林股份,,无正式港股交易代码/临时代码，跳过
H2217.HK,,万辰集团,,无正式港股交易代码/临时代码，跳过
H2218.HK,,中微半导,,无正式港股交易代码/临时代码，跳过
H2214.HK,,天赐材料,,无正式港股交易代码/临时代码，跳过
H2215.HK,,格林美,,无正式港股交易代码/临时代码，跳过
H2216.HK,,大洋电机,,无正式港股交易代码/临时代码，跳过
H2211.HK,,若羽臣,,无正式港股交易代码/临时代码，跳过
H2212.HK,,先为达生物-B,,无正式港股交易代码/临时代码，跳过
H2213.HK,,赛美特,,无正式港股交易代码/临时代码，跳过
H2209.HK,,暖哇科技,,无正式港股交易代码/临时代码，跳过
H1547.HK,,爱科百发-B,,无正式港股交易代码/临时代码，跳过
H2033.HK,,中润光能,,无正式港股交易代码/临时代码，跳过
H2207.HK,,北京君正,,无正式港股交易代码/临时代码，跳过
H2208.HK,,新元素药业-B,,无正式港股交易代码/临时代码，跳过
H2206.HK,,潮宏基,,无正式港股交易代码/临时代码，跳过
H1970.HK,,盛威时代,,无正式港股交易代码/临时代码，跳过
H2205.HK,,麦科田,,无正式港股交易代码/临时代码，跳过
H2204.HK,,琻捷电子科技,,无正式港股交易代码/临时代码，跳过
H1986.HK,,金晟新能,,无正式港股交易代码/临时代码，跳过
H2200.HK,,芯碁微装,,无正式港股交易代码/临时代码，跳过
H2202.HK,,宜品集团,,无正式港股交易代码/临时代码，跳过
H2203.HK,,甫康药业,,无正式港股交易代码/临时代码，跳过
H2032.HK,,白鸽在线,,无正式港股交易代码/临时代码，跳过
H2198.HK,,飞骧科技-W,,无正式港股交易代码/临时代码，跳过
H2196.HK,,博铭维,,无正式港股交易代码/临时代码，跳过
H2197.HK,,山推工程机械,,无正式港股交易代码/临时代码，跳过
H2194.HK,,圣火科技,,无正式港股交易代码/临时代码，跳过
H2195.HK,,安得智联,,无正式港股交易代码/临时代码，跳过
H2192.HK,,希磁科技,,无正式港股交易代码/临时代码，跳过
H2017.HK,,国星宇航,,无正式港股交易代码/临时代码，跳过
H2026.HK,,荣联再生,,无正式港股交易代码/临时代码，跳过
H2175.HK,,云天励飞,,无正式港股交易代码/临时代码，跳过
H2190.HK,,应世生物-B,,无正式港股交易代码/临时代码，跳过
H2191.HK,,纳真科技,,无正式港股交易代码/临时代码，跳过
H2013.HK,,信华信,,无正式港股交易代码/临时代码，跳过
H2189.HK,,Xiaoe Inc.,,无正式港股交易代码/临时代码，跳过
H1984.HK,,乾元微珂,,无正式港股交易代码/临时代码，跳过
H2188.HK,,天辰生物-B,,无正式港股交易代码/临时代码，跳过
H2186.HK,,斑马智能,,无正式港股交易代码/临时代码，跳过
H2187.HK,,英发睿能,,无正式港股交易代码/临时代码，跳过
H2023.HK,,沪鸽,,无正式港股交易代码/临时代码，跳过
H2183.HK,,立讯精密,,无正式港股交易代码/临时代码，跳过
H2184.HK,,星环科技,,无正式港股交易代码/临时代码，跳过
H2182.HK,,卓优智美,,无正式港股交易代码/临时代码，跳过
H1902.HK,,闪回科技,,无正式港股交易代码/临时代码，跳过
H2181.HK,,创想三维,,无正式港股交易代码/临时代码，跳过
H2179.HK,,卧龙电驱,,无正式港股交易代码/临时代码，跳过
H2180.HK,,军信股份,,无正式港股交易代码/临时代码，跳过
H2178.HK,,海清智元,,无正式港股交易代码/临时代码，跳过
H2175.HK,,云天励飞,,无正式港股交易代码/临时代码，跳过
H2176.HK,,欣旺达,,无正式港股交易代码/临时代码，跳过
H2177.HK,,丹诺医药-B,,无正式港股交易代码/临时代码，跳过
H1996.HK,,问止中医,,无正式港股交易代码/临时代码，跳过
H2174.HK,,正品控股,,无正式港股交易代码/临时代码，跳过
H2012.HK,,胜软科技,,无正式港股交易代码/临时代码，跳过
H2173.HK,,Aiwb,,无正式港股交易代码/临时代码，跳过
H2005.HK,,聚智科技,,无正式港股交易代码/临时代码，跳过
H2006.HK,,歌尔微,,无正式港股交易代码/临时代码，跳过
H2172.HK,,麦济生物-B,,无正式港股交易代码/临时代码，跳过
H1991.HK,,老乡鸡,,无正式港股交易代码/临时代码，跳过
H2170.HK,,星源材质,,无正式港股交易代码/临时代码，跳过
H2146.HK,,微脉,,无正式港股交易代码/临时代码，跳过
2667.HK,2667.HK,同仁堂医养,,缺上市日期，跳过
H2160.HK,,普祥健康,,无正式港股交易代码/临时代码，跳过
H2161.HK,,海拍客,,无正式港股交易代码/临时代码，跳过
H2162.HK,,亿纬锂能,,无正式港股交易代码/临时代码，跳过
H2163.HK,,镁信健康,,无正式港股交易代码/临时代码，跳过
H2164.HK,,玲珑轮胎,,无正式港股交易代码/临时代码，跳过
H2165.HK,,瑞为技术,,无正式港股交易代码/临时代码，跳过
H2167.HK,,芯迈半导体,,无正式港股交易代码/临时代码，跳过
H2168.HK,,镁佳股份,,无正式港股交易代码/临时代码，跳过
H2157.HK,,山金国际,,无正式港股交易代码/临时代码，跳过
H2158.HK,,百力司康-B,,无正式港股交易代码/临时代码，跳过
H2144.HK,,齐云山,,无正式港股交易代码/临时代码，跳过
H2145.HK,,康晋电气,,无正式港股交易代码/临时代码，跳过
H2146.HK,,微脉,,无正式港股交易代码/临时代码，跳过
H2147.HK,,石头科技,,无正式港股交易代码/临时代码，跳过
H2148.HK,,鸿基创能,,无正式港股交易代码/临时代码，跳过
H2150.HK,,景泽生物-B,,无正式港股交易代码/临时代码，跳过
H2151.HK,,河北资产管理,,无正式港股交易代码/临时代码，跳过
H2152.HK,,海马云,,无正式港股交易代码/临时代码，跳过
H2153.HK,,用友网络,,无正式港股交易代码/临时代码，跳过
H2154.HK,,四维智联,,无正式港股交易代码/临时代码，跳过
H2138.HK,,云英谷科技,,无正式港股交易代码/临时代码，跳过
H2139.HK,,焦点国际,,无正式港股交易代码/临时代码，跳过
H2142.HK,,合合信息,,无正式港股交易代码/临时代码，跳过
H2131.HK,,酷赛智能,,无正式港股交易代码/临时代码，跳过
H2132.HK,,镁伽科技,,无正式港股交易代码/临时代码，跳过
H2134.HK,,易控智驾,,无正式港股交易代码/临时代码，跳过
H2135.HK,,蓝色光标,,无正式港股交易代码/临时代码，跳过
H2137.HK,,亦诺微医药-B,,无正式港股交易代码/临时代码，跳过
H2129.HK,,承泰科技,,无正式港股交易代码/临时代码，跳过
H2130.HK,,斯坦德机器人,,无正式港股交易代码/临时代码，跳过
H2128.HK,,长乐控股,,无正式港股交易代码/临时代码，跳过
H2125.HK,,潍柴雷沃,,无正式港股交易代码/临时代码，跳过
H2126.HK,,PPLabs,,无正式港股交易代码/临时代码，跳过
H2127.HK,,祥康控股,,无正式港股交易代码/临时代码，跳过
H2118.HK,,极易科技,,无正式港股交易代码/临时代码，跳过
H2121.HK,,宇信科技,,无正式港股交易代码/临时代码，跳过
H2122.HK,,滴灌通,,无正式港股交易代码/临时代码，跳过
H2115.HK,,视源股份,,无正式港股交易代码/临时代码，跳过
H2116.HK,,岸迈生物-B,,无正式港股交易代码/临时代码，跳过
H2111.HK,,新奥股份,,无正式港股交易代码/临时代码，跳过
H2113.HK,,巴奴,,无正式港股交易代码/临时代码，跳过
H2114.HK,,Hope Sea,,无正式港股交易代码/临时代码，跳过
H2109.HK,,华大北斗,,无正式港股交易代码/临时代码，跳过
H2107.HK,,创智芯联,,无正式港股交易代码/临时代码，跳过
H2100.HK,,奕斯伟计算,,无正式港股交易代码/临时代码，跳过
H2101.HK,,杰华特,,无正式港股交易代码/临时代码，跳过
H2104.HK,,圣桐特医,,无正式港股交易代码/临时代码，跳过
H2095.HK,,随手播,,无正式港股交易代码/临时代码，跳过
H2096.HK,,紫光股份,,无正式港股交易代码/临时代码，跳过
H2097.HK,,日御股份,,无正式港股交易代码/临时代码，跳过
H2099.HK,,和美药业-B,,无正式港股交易代码/临时代码，跳过
1511.HK,1511.HK,驭势科技,2026-05-20,尚未上市/上市日在未来，跳过
H2091.HK,,凯诘电商,,无正式港股交易代码/临时代码，跳过
H2092.HK,,深演智能,,无正式港股交易代码/临时代码，跳过
H2093.HK,,力积存储,,无正式港股交易代码/临时代码，跳过
H2087.HK,,基本半导体,,无正式港股交易代码/临时代码，跳过
H2088.HK,,仙工智能,,无正式港股交易代码/临时代码，跳过
H2090.HK,,环世国际,,无正式港股交易代码/临时代码，跳过
7688.HK,7688.HK,拓璞数控,2026-05-20,尚未上市/上市日在未来，跳过
H2084.HK,,先通医药-B,,无正式港股交易代码/临时代码，跳过
H1945.HK,,科望医药-B,,无正式港股交易代码/临时代码，跳过
H1973.HK,,福瑞泰克,,无正式港股交易代码/临时代码，跳过
H2082.HK,,安联国际,,无正式港股交易代码/临时代码，跳过
H2083.HK,,华曦达,,无正式港股交易代码/临时代码，跳过
H2080.HK,,乐自天成,,无正式港股交易代码/临时代码，跳过
H2079.HK,,快驴科技,,无正式港股交易代码/临时代码，跳过
H2078.HK,,东方妍美-B,,无正式港股交易代码/临时代码，跳过
H1921.HK,,富友支付,,无正式港股交易代码/临时代码，跳过
H2077.HK,,中鼎智能,,无正式港股交易代码/临时代码，跳过
H1869.HK,,中企云链,,无正式港股交易代码/临时代码，跳过
H2074.HK,,建邦高科,,无正式港股交易代码/临时代码，跳过
H1962.HK,,特斯联,,无正式港股交易代码/临时代码，跳过
H1966.HK,,活力集团,,无正式港股交易代码/临时代码，跳过
H2072.HK,,普爱医疗,,无正式港股交易代码/临时代码，跳过
H2073.HK,,安序源科技-B,,无正式港股交易代码/临时代码，跳过
H2071.HK,,科拓股份,,无正式港股交易代码/临时代码，跳过
H2063.HK,,奔赴自然,,无正式港股交易代码/临时代码，跳过
H2066.HK,,晶澳科技,,无正式港股交易代码/临时代码，跳过
H2067.HK,,大医集团-B,,无正式港股交易代码/临时代码，跳过
H2069.HK,,宏业基,,无正式港股交易代码/临时代码，跳过
H2060.HK,,三只松鼠,,无正式港股交易代码/临时代码，跳过
H2062.HK,,联合信息,,无正式港股交易代码/临时代码，跳过
H2056.HK,,和辉光电,,无正式港股交易代码/临时代码，跳过
H2054.HK,,德镁医药,,无正式港股交易代码/临时代码，跳过
H2051.HK,,溜溜果园,,无正式港股交易代码/临时代码，跳过
6998.HK,6998.HK,亿腾嘉和,2020-10-07,上市日期早于2024-01-01，跳过
H2049.HK,,顺友物流,,无正式港股交易代码/临时代码，跳过
H1888.HK,,卡游,,无正式港股交易代码/临时代码，跳过
H2046.HK,,江西生物,,无正式港股交易代码/临时代码，跳过
H2047.HK,,格兰控股,,无正式港股交易代码/临时代码，跳过
H1803.HK,,货拉拉-W,,无正式港股交易代码/临时代码，跳过
H1957.HK,,文达通,,无正式港股交易代码/临时代码，跳过
H2042.HK,,新荷花,,无正式港股交易代码/临时代码，跳过
H2043.HK,,尚鼎芯,,无正式港股交易代码/临时代码，跳过
H2039.HK,,长宏新材,,无正式港股交易代码/临时代码，跳过
H2037.HK,,海辰储能,,无正式港股交易代码/临时代码，跳过
H2038.HK,,安诺优达,,无正式港股交易代码/临时代码，跳过
H2034.HK,,奥联服务,,无正式港股交易代码/临时代码，跳过
H2036.HK,,江波龙,,无正式港股交易代码/临时代码，跳过
H2033.HK,,中润光能,,无正式港股交易代码/临时代码，跳过
H1847.HK,,慧算账,,无正式港股交易代码/临时代码，跳过
H2032.HK,,白鸽在线,,无正式港股交易代码/临时代码，跳过
H2030.HK,,星邦互娱,,无正式港股交易代码/临时代码，跳过
H2025.HK,,博车网,,无正式港股交易代码/临时代码，跳过
H2026.HK,,荣联再生,,无正式港股交易代码/临时代码，跳过
H2023.HK,,沪鸽,,无正式港股交易代码/临时代码，跳过
H1766.HK,,真实生物-B,,无正式港股交易代码/临时代码，跳过
H2017.HK,,国星宇航,,无正式港股交易代码/临时代码，跳过
H2013.HK,,信华信,,无正式港股交易代码/临时代码，跳过
H2014.HK,,盘兴数智,,无正式港股交易代码/临时代码，跳过
H2012.HK,,胜软科技,,无正式港股交易代码/临时代码，跳过
2615.HK,2615.HK,百利天恒,,缺上市日期，跳过
H2006.HK,,歌尔微,,无正式港股交易代码/临时代码，跳过
H2005.HK,,聚智科技,,无正式港股交易代码/临时代码，跳过
H1452.HK,,东信营销,,无正式港股交易代码/临时代码，跳过
H1951.HK,,高龙海洋,,无正式港股交易代码/临时代码，跳过
H1996.HK,,问止中医,,无正式港股交易代码/临时代码，跳过
H1991.HK,,老乡鸡,,无正式港股交易代码/临时代码，跳过
2667.HK,2667.HK,同仁堂医养,,缺上市日期，跳过
H1461.HK,,微医控股,,无正式港股交易代码/临时代码，跳过
H2505.HK,,首钢朗泽,,无正式港股交易代码/临时代码，跳过
H1455.HK,,麦德龙,,无正式港股交易代码/临时代码，跳过
H1937.HK,,永康控股,,无正式港股交易代码/临时代码，跳过
H1986.HK,,金晟新能,,无正式港股交易代码/临时代码，跳过
H1984.HK,,乾元微珂,,无正式港股交易代码/临时代码，跳过
H1922.HK,,上海细胞治疗,,无正式港股交易代码/临时代码，跳过
H1973.HK,,福瑞泰克,,无正式港股交易代码/临时代码，跳过
H1970.HK,,盛威时代,,无正式港股交易代码/临时代码，跳过
H1921.HK,,富友支付,,无正式港股交易代码/临时代码，跳过
H1967.HK,,粤源建设,,无正式港股交易代码/临时代码，跳过
H1966.HK,,活力集团,,无正式港股交易代码/临时代码，跳过
H1797.HK,,深业物业,,无正式港股交易代码/临时代码，跳过
H1803.HK,,货拉拉-W,,无正式港股交易代码/临时代码，跳过
H1894.HK,,啄木鸟,,无正式港股交易代码/临时代码，跳过
H1965.HK,,泽辉生物-B,,无正式港股交易代码/临时代码，跳过
H1903.HK,,中和农信,,无正式港股交易代码/临时代码，跳过
H1962.HK,,特斯联,,无正式港股交易代码/临时代码，跳过
H1902.HK,,闪回科技,,无正式港股交易代码/临时代码，跳过
H1879.HK,,爱维艾夫,,无正式港股交易代码/临时代码，跳过
H1876.HK,,幂源科技,,无正式港股交易代码/临时代码，跳过
H1961.HK,,丰巢控股,,无正式港股交易代码/临时代码，跳过
H1957.HK,,文达通,,无正式港股交易代码/临时代码，跳过
2615.HK,2615.HK,百利天恒,,缺上市日期，跳过
2667.HK,2667.HK,同仁堂医养,,缺上市日期，跳过
H1455.HK,,麦德龙,,无正式港股交易代码/临时代码，跳过
H1947.HK,,正信光电,,无正式港股交易代码/临时代码，跳过
H1951.HK,,高龙海洋,,无正式港股交易代码/临时代码，跳过
H1849.HK,,博将控股,,无正式港股交易代码/临时代码，跳过
H1944.HK,,五洲能源,,无正式港股交易代码/临时代码，跳过
H1945.HK,,科望医药-B,,无正式港股交易代码/临时代码，跳过
H1940.HK,,合众新能源,,无正式港股交易代码/临时代码，跳过
H1938.HK,,宇航人,,无正式港股交易代码/临时代码，跳过
H1847.HK,,慧算账,,无正式港股交易代码/临时代码，跳过
H1937.HK,,永康控股,,无正式港股交易代码/临时代码，跳过
H1936.HK,,凌凯科技,,无正式港股交易代码/临时代码，跳过
H1934.HK,,海上鲜,,无正式港股交易代码/临时代码，跳过
H1292.HK,,参花实业,,无正式港股交易代码/临时代码，跳过
H1932.HK,,优卡集团,,无正式港股交易代码/临时代码，跳过
H1929.HK,,博尔捷,,无正式港股交易代码/临时代码，跳过
H1801.HK,,优迅医学,,无正式港股交易代码/临时代码，跳过
H1921.HK,,富友支付,,无正式港股交易代码/临时代码，跳过
H1922.HK,,上海细胞治疗,,无正式港股交易代码/临时代码，跳过
H1916.HK,,全品文教,,无正式港股交易代码/临时代码，跳过
H1611.HK,,喜马拉雅-W,,无正式港股交易代码/临时代码，跳过
H1803.HK,,货拉拉-W,,无正式港股交易代码/临时代码，跳过
H1797.HK,,深业物业,,无正式港股交易代码/临时代码，跳过
H1910.HK,,纵目科技,,无正式港股交易代码/临时代码，跳过
H1862.HK,,树兰医疗,,无正式港股交易代码/临时代码，跳过
H1700.HK,,百丽时尚,,无正式港股交易代码/临时代码，跳过
H1903.HK,,中和农信,,无正式港股交易代码/临时代码，跳过
H1902.HK,,闪回科技,,无正式港股交易代码/临时代码，跳过
H1899.HK,,新世好,,无正式港股交易代码/临时代码，跳过
H1642.HK,,KK集团,,无正式港股交易代码/临时代码，跳过
H1792.HK,,陆道培医疗,,无正式港股交易代码/临时代码，跳过
H1890.HK,,康乐卫士-B,,无正式港股交易代码/临时代码，跳过
H1891.HK,,星阅控股,,无正式港股交易代码/临时代码，跳过
H1894.HK,,啄木鸟,,无正式港股交易代码/临时代码，跳过
H1888.HK,,卡游,,无正式港股交易代码/临时代码，跳过
H1881.HK,,白山云,,无正式港股交易代码/临时代码，跳过
H1879.HK,,爱维艾夫,,无正式港股交易代码/临时代码，跳过
H1632.HK,,圆心科技,,无正式港股交易代码/临时代码，跳过
H1772.HK,,猪八戒,,无正式港股交易代码/临时代码，跳过
H1633.HK,,趣丸,,无正式港股交易代码/临时代码，跳过
H1876.HK,,幂源科技,,无正式港股交易代码/临时代码，跳过
H1873.HK,,灏辉国际,,无正式港股交易代码/临时代码，跳过
H1410.HK,,风华秋实,,无正式港股交易代码/临时代码，跳过
H1869.HK,,中企云链,,无正式港股交易代码/临时代码，跳过
H1770.HK,,臻和科技,,无正式港股交易代码/临时代码，跳过
H1803.HK,,货拉拉-W,,无正式港股交易代码/临时代码，跳过
H1866.HK,,菜鸟,,无正式港股交易代码/临时代码，跳过
H1655.HK,,耐看娱乐,,无正式港股交易代码/临时代码，跳过
H1710.HK,,Everest Acquisition-Z,,无正式港股交易代码/临时代码，跳过
H1862.HK,,树兰医疗,,无正式港股交易代码/临时代码，跳过
H1797.HK,,深业物业,,无正式港股交易代码/临时代码，跳过
H1860.HK,,马泷医疗,,无正式港股交易代码/临时代码，跳过
H1853.HK,,芜湖城市建设集团,,无正式港股交易代码/临时代码，跳过
H1642.HK,,KK集团,,无正式港股交易代码/临时代码，跳过
H1792.HK,,陆道培医疗,,无正式港股交易代码/临时代码，跳过
H1846.HK,,中国美自然环境科技,,无正式港股交易代码/临时代码，跳过
H1847.HK,,慧算账,,无正式港股交易代码/临时代码，跳过
H1849.HK,,博将控股,,无正式港股交易代码/临时代码，跳过
H1839.HK,,厦门国际投资,,无正式港股交易代码/临时代码，跳过
H1634.HK,,珠海万达,,无正式港股交易代码/临时代码，跳过
H1675.HK,,加立生物-B,,无正式港股交易代码/临时代码，跳过
H1835.HK,,壹健康,,无正式港股交易代码/临时代码，跳过
H1836.HK,,银龙供水,,无正式港股交易代码/临时代码，跳过
H1831.HK,,赛辉集团,,无正式港股交易代码/临时代码，跳过
H1342.HK,,亿腾医药,,无正式港股交易代码/临时代码，跳过
H1670.HK,,喜曼拿医疗,,无正式港股交易代码/临时代码，跳过
H1828.HK,,东润国际,,无正式港股交易代码/临时代码，跳过
H1760.HK,,Soul,,无正式港股交易代码/临时代码，跳过
H1725.HK,,英诺伟-B,,无正式港股交易代码/临时代码，跳过
8659.HK,8659.HK,易和国际控股,2020-07-13,上市日期早于2024-01-01，跳过
2511.HK,2511.HK,君圣泰医药-B,2023-12-22,上市日期早于2024-01-01，跳过
H1632.HK,,圆心科技,,无正式港股交易代码/临时代码，跳过
2489.HK,2489.HK,集海黄金,2023-12-22,上市日期早于2024-01-01，跳过
H1815.HK,,微创心律,,无正式港股交易代码/临时代码，跳过
H1745.HK,,Growatt Technology,,无正式港股交易代码/临时代码，跳过
H1769.HK,,魔方生活,,无正式港股交易代码/临时代码，跳过
H1758.HK,,哈萨克斯坦石油,,无正式港股交易代码/临时代码，跳过
H1410.HK,,风华秋实,,无正式港股交易代码/临时代码，跳过
H1772.HK,,猪八戒,,无正式港股交易代码/临时代码，跳过
H1665.HK,,乡村基,,无正式港股交易代码/临时代码，跳过
1274.HK,1274.HK,知行科技,2023-12-20,上市日期早于2024-01-01，跳过
2517.HK,2517.HK,锅圈,2023-11-02,上市日期早于2024-01-01，跳过
H1771.HK,,多宁生物,,无正式港股交易代码/临时代码，跳过
H1807.HK,,京东产发,,无正式港股交易代码/临时代码，跳过
2483.HK,2483.HK,K CASH集团,2023-12-05,上市日期早于2024-01-01，跳过
2520.HK,2520.HK,山西安装,2023-11-22,上市日期早于2024-01-01，跳过
H1804.HK,,海普洛斯,,无正式港股交易代码/临时代码，跳过
H1803.HK,,货拉拉-W,,无正式港股交易代码/临时代码，跳过
H1760.HK,,Soul,,无正式港股交易代码/临时代码，跳过
H1745.HK,,Growatt Technology,,无正式港股交易代码/临时代码，跳过
H1492.HK,,中亿基业,,无正式港股交易代码/临时代码，跳过
H1655.HK,,耐看娱乐,,无正式港股交易代码/临时代码，跳过
2516.HK,2516.HK,泛远国际,2023-12-22,上市日期早于2024-01-01，跳过
H1801.HK,,优迅医学,,无正式港股交易代码/临时代码，跳过
H1797.HK,,深业物业,,无正式港股交易代码/临时代码，跳过
H1572.HK,,郝氏控股,,无正式港股交易代码/临时代码，跳过
6911.HK,6911.HK,澜沧古茶,2023-12-22,上市日期早于2024-01-01，跳过
H1770.HK,,臻和科技,,无正式港股交易代码/临时代码，跳过
H1313.HK,,泰丰文化,,无正式港股交易代码/临时代码，跳过
2419.HK,2419.HK,德康农牧,2023-12-06,上市日期早于2024-01-01，跳过
9880.HK,9880.HK,优必选,2023-12-29,上市日期早于2024-01-01，跳过
H1794.HK,,德生堂,,无正式港股交易代码/临时代码，跳过
H1642.HK,,KK集团,,无正式港股交易代码/临时代码，跳过
2501.HK,2501.HK,迈越科技,2023-10-11,上市日期早于2024-01-01，跳过
H1750.HK,,SML,,无正式港股交易代码/临时代码，跳过
H1792.HK,,陆道培医疗,,无正式港股交易代码/临时代码，跳过
H1756.HK,,大麦植发,,无正式港股交易代码/临时代码，跳过
H1433.HK,,AP&P,,无正式港股交易代码/临时代码，跳过
2429.HK,2429.HK,友宝在线,2023-11-03,上市日期早于2024-01-01，跳过
H1790.HK,,VIMG Australia,,无正式港股交易代码/临时代码，跳过
0666.HK,0666.HK,瑞浦兰钧,2023-12-18,上市日期早于2024-01-01，跳过
H1788.HK,,优蓝国际,,无正式港股交易代码/临时代码，跳过
2496.HK,2496.HK,友芝友生物-B,2023-09-25,上市日期早于2024-01-01，跳过
H1679.HK,,Ace Eight-Z,,无正式港股交易代码/临时代码，跳过
H1499.HK,,安源种业,,无正式港股交易代码/临时代码，跳过
9885.HK,9885.HK,药师帮,2023-06-28,上市日期早于2024-01-01，跳过
9890.HK,9890.HK,贪玩,2023-09-28,上市日期早于2024-01-01，跳过
2451.HK,2451.HK,绿源集团控股,2023-10-12,上市日期早于2024-01-01，跳过
9663.HK,9663.HK,国鸿氢能,2023-12-05,上市日期早于2024-01-01，跳过
H1688.HK,,V3 Brands,,无正式港股交易代码/临时代码，跳过
H1689.HK,,中加石墨,,无正式港股交易代码/临时代码，跳过
H1779.HK,,益世科生物,,无正式港股交易代码/临时代码，跳过
9686.HK,9686.HK,熙康云医院,2023-09-28,上市日期早于2024-01-01，跳过
2521.HK,2521.HK,升辉清洁,2023-12-05,上市日期早于2024-01-01，跳过
H1725.HK,,英诺伟-B,,无正式港股交易代码/临时代码，跳过
H1721.HK,,华新集团,,无正式港股交易代码/临时代码，跳过
H0868.HK,,EC Excel,,无正式港股交易代码/临时代码，跳过
2473.HK,2473.HK,喜相逢集团,2023-11-09,上市日期早于2024-01-01，跳过
H1776.HK,,德翔集团,,无正式港股交易代码/临时代码，跳过
H1595.HK,,纽脉医疗-B,,无正式港股交易代码/临时代码，跳过
H1634.HK,,珠海万达,,无正式港股交易代码/临时代码，跳过
2490.HK,2490.HK,乐舱物流,2023-09-25,上市日期早于2024-01-01，跳过
H1713.HK,,乓乓响,,无正式港股交易代码/临时代码，跳过
H1632.HK,,圆心科技,,无正式港股交易代码/临时代码，跳过
H1772.HK,,猪八戒,,无正式港股交易代码/临时代码，跳过
H1774.HK,,盈捷科技,,无正式港股交易代码/临时代码，跳过
2442.HK,2442.HK,怡俊集团控股,2023-05-09,上市日期早于2024-01-01，跳过
H1410.HK,,风华秋实,,无正式港股交易代码/临时代码，跳过
H1661.HK,,佳捷康,,无正式港股交易代码/临时代码，跳过
H1695.HK,,Pisces Acquisition-Z,,无正式港股交易代码/临时代码，跳过
H1712.HK,,蕉下控股,,无正式港股交易代码/临时代码，跳过
6683.HK,6683.HK,巨星传奇,2023-07-13,上市日期早于2024-01-01，跳过
2489.HK,2489.HK,集海黄金,2023-12-22,上市日期早于2024-01-01，跳过
H1703.HK,,祈福医疗,,无正式港股交易代码/临时代码，跳过
H1771.HK,,多宁生物,,无正式港股交易代码/临时代码，跳过
H1669.HK,,上海格派镍钴材料,,无正式港股交易代码/临时代码，跳过
H1769.HK,,魔方生活,,无正式港股交易代码/临时代码，跳过
H1710.HK,,Everest Acquisition-Z,,无正式港股交易代码/临时代码，跳过
2416.HK,2416.HK,易点云,2023-05-25,上市日期早于2024-01-01，跳过
3650.HK,3650.HK,KEEP,2023-07-12,上市日期早于2024-01-01，跳过
6682.HK,6682.HK,范式智能,2023-09-28,上市日期早于2024-01-01，跳过
H1508.HK,,东软医疗,,无正式港股交易代码/临时代码，跳过
H1686.HK,,CDP,,无正式港股交易代码/临时代码，跳过
9690.HK,9690.HK,途虎-W,2023-09-26,上市日期早于2024-01-01，跳过
H1360.HK,,一九传媒,,无正式港股交易代码/临时代码，跳过
H1670.HK,,喜曼拿医疗,,无正式港股交易代码/临时代码，跳过
H1767.HK,,因明生物,,无正式港股交易代码/临时代码，跳过
H1674.HK,,中联航运,,无正式港股交易代码/临时代码，跳过
H1766.HK,,真实生物-B,,无正式港股交易代码/临时代码，跳过
2271.HK,2271.HK,众安智慧生活,2023-07-18,上市日期早于2024-01-01，跳过
H1665.HK,,乡村基,,无正式港股交易代码/临时代码，跳过
H1666.HK,,华医网科技,,无正式港股交易代码/临时代码，跳过
2486.HK,2486.HK,普乐师集团控股,2023-05-11,上市日期早于2024-01-01，跳过
H1655.HK,,耐看娱乐,,无正式港股交易代码/临时代码，跳过
9669.HK,9669.HK,北森控股,2023-04-13,上市日期早于2024-01-01，跳过
H1656.HK,,龙湖智创生活,,无正式港股交易代码/临时代码，跳过
0933.HK,0933.HK,非凡领越,2000-04-06,上市日期早于2024-01-01，跳过
1284.HK,1284.HK,新传企划,2023-07-17,上市日期早于2024-01-01，跳过
1973.HK,1973.HK,天图投资,2023-10-06,上市日期早于2024-01-01，跳过
H1647.HK,,浩大海洋,,无正式港股交易代码/临时代码，跳过
H1758.HK,,哈萨克斯坦石油,,无正式港股交易代码/临时代码，跳过
H1760.HK,,Soul,,无正式港股交易代码/临时代码，跳过
2482.HK,2482.HK,维天运通,2023-03-09,上市日期早于2024-01-01，跳过
2520.HK,2520.HK,山西安装,2023-11-22,上市日期早于2024-01-01，跳过
H1542.HK,,富丽宝石,,无正式港股交易代码/临时代码，跳过
H1755.HK,,畅玩集团,,无正式港股交易代码/临时代码，跳过
H1756.HK,,大麦植发,,无正式港股交易代码/临时代码，跳过
2480.HK,2480.HK,绿竹生物-B,2023-05-08,上市日期早于2024-01-01，跳过
1541.HK,1541.HK,宜明昂科-B,2023-09-05,上市日期早于2024-01-01，跳过
H1581.HK,,爱美客,,无正式港股交易代码/临时代码，跳过
H1748.HK,,久泰新材,,无正式港股交易代码/临时代码，跳过
H1749.HK,,威高血净,,无正式港股交易代码/临时代码，跳过
H1750.HK,,SML,,无正式港股交易代码/临时代码，跳过
H1505.HK,,MCA Group,,无正式港股交易代码/临时代码，跳过
H1298.HK,,意博金融,,无正式港股交易代码/临时代码，跳过
H1628.HK,,信基控股,,无正式港股交易代码/临时代码，跳过
2105.HK,2105.HK,来凯医药-B,2023-06-29,上市日期早于2024-01-01，跳过
H1649.HK,,亿太恒星,,无正式港股交易代码/临时代码，跳过
2481.HK,2481.HK,慧居科技,2023-07-10,上市日期早于2024-01-01，跳过
H1739.HK,,瑞泰环保,,无正式港股交易代码/临时代码，跳过
H1433.HK,,AP&P,,无正式港股交易代码/临时代码，跳过
H1738.HK,,中湘美好,,无正式港股交易代码/临时代码，跳过
2439.HK,2439.HK,中宝新材,2023-03-31,上市日期早于2024-01-01，跳过
H1499.HK,,安源种业,,无正式港股交易代码/临时代码，跳过
H1616.HK,,精达控股,,无正式港股交易代码/临时代码，跳过
H1736.HK,,威马控股,,无正式港股交易代码/临时代码，跳过
H1615.HK,,华富集团,,无正式港股交易代码/临时代码，跳过
6911.HK,6911.HK,澜沧古茶,2023-12-22,上市日期早于2024-01-01，跳过
H1584.HK,,卓越物流,,无正式港股交易代码/临时代码，跳过
2429.HK,2429.HK,友宝在线,2023-11-03,上市日期早于2024-01-01，跳过
H1306.HK,,珍珠泉园林,,无正式港股交易代码/临时代码，跳过
H1732.HK,,微拍堂,,无正式港股交易代码/临时代码，跳过
9885.HK,9885.HK,药师帮,2023-06-28,上市日期早于2024-01-01，跳过
H1496.HK,,汉隆集团,,无正式港股交易代码/临时代码，跳过
2405.HK,2405.HK,力盟科技,2023-03-31,上市日期早于2024-01-01，跳过
6698.HK,6698.HK,星空华文,2022-12-29,上市日期早于2024-01-01，跳过
6955.HK,6955.HK,博安生物,2022-12-30,上市日期早于2024-01-01，跳过
11561.HK,,兴源动力,,无正式港股交易代码/临时代码，跳过
2411.HK,2411.HK,百果园集团,2023-01-16,上市日期早于2024-01-01，跳过
1947.HK,1947.HK,美皓集团,2022-12-14,上市日期早于2024-01-01，跳过
2415.HK,2415.HK,梅斯健康,2023-04-27,上市日期早于2024-01-01，跳过
2440.HK,2440.HK,迷策略,2022-12-12,上市日期早于2024-01-01，跳过
3611.HK,3611.HK,花房集团,2022-12-12,上市日期早于2024-01-01，跳过
H0868.HK,,EC Excel,,无正式港股交易代码/临时代码，跳过
H1725.HK,,英诺伟-B,,无正式港股交易代码/临时代码，跳过
2501.HK,2501.HK,迈越科技,2023-10-11,上市日期早于2024-01-01，跳过
H1722.HK,,De Well,,无正式港股交易代码/临时代码，跳过
H1721.HK,,华新集团,,无正式港股交易代码/临时代码，跳过
2521.HK,2521.HK,升辉清洁,2023-12-05,上市日期早于2024-01-01，跳过
2373.HK,2373.HK,美丽田园医疗健康,2023-01-16,上市日期早于2024-01-01，跳过
H1614.HK,,新光维医疗-B,,无正式港股交易代码/临时代码，跳过
H1634.HK,,珠海万达,,无正式港股交易代码/临时代码，跳过
6929.HK,6929.HK,业聚医疗,2022-12-23,上市日期早于2024-01-01，跳过
H1437.HK,,迪赛基业,,无正式港股交易代码/临时代码，跳过
6963.HK,6963.HK,阳光保险,2022-12-09,上市日期早于2024-01-01，跳过
H1492.HK,,中亿基业,,无正式港股交易代码/临时代码，跳过
H1632.HK,,圆心科技,,无正式港股交易代码/临时代码，跳过
2457.HK,2457.HK,步阳国际,2022-12-15,上市日期早于2024-01-01，跳过
1111.HK,1111.HK,华视集团控股,2023-11-10,上市日期早于2024-01-01，跳过
H1717.HK,,Kazakh,,无正式港股交易代码/临时代码，跳过
2409.HK,2409.HK,洲际船务,2023-03-29,上市日期早于2024-01-01，跳过
H1629.HK,,龙佰集团,,无正式港股交易代码/临时代码，跳过
2436.HK,2436.HK,凌雄科技,2022-11-24,上市日期早于2024-01-01，跳过
H1712.HK,,蕉下控股,,无正式港股交易代码/临时代码，跳过
H1713.HK,,乓乓响,,无正式港股交易代码/临时代码，跳过
H1714.HK,,深石收购-Z,,无正式港股交易代码/临时代码，跳过
2459.HK,2459.HK,昇能集团,2023-01-17,上市日期早于2024-01-01，跳过
6678.HK,6678.HK,百德医疗,,缺上市日期，跳过
H1410.HK,,风华秋实,,无正式港股交易代码/临时代码，跳过
2421.HK,2421.HK,嘉创地产,2023-03-23,上市日期早于2024-01-01，跳过
6683.HK,6683.HK,巨星传奇,2023-07-13,上市日期早于2024-01-01，跳过
2489.HK,2489.HK,集海黄金,2023-12-22,上市日期早于2024-01-01，跳过
2425.HK,2425.HK,澳亚集团,2022-12-30,上市日期早于2024-01-01，跳过
H1538.HK,,恺兴文化,,无正式港股交易代码/临时代码，跳过
H1611.HK,,喜马拉雅-W,,无正式港股交易代码/临时代码，跳过
H1618.HK,,牙博士,,无正式港股交易代码/临时代码，跳过
1405.HK,1405.HK,达势股份,2023-03-28,上市日期早于2024-01-01，跳过
2427.HK,2427.HK,GUANZE MEDICAL,2022-12-29,上市日期早于2024-01-01，跳过
H1704.HK,,太盟投资-W,,无正式港股交易代码/临时代码，跳过
H1703.HK,,祈福医疗,,无正式港股交易代码/临时代码，跳过
2458.HK,2458.HK,望尘科技控股,2023-01-16,上市日期早于2024-01-01，跳过
H1415.HK,,GFT 国际,,无正式港股交易代码/临时代码，跳过
H1557.HK,,融汇悦,,无正式港股交易代码/临时代码，跳过
H1702.HK,,黑桃亚洲-Z,,无正式港股交易代码/临时代码，跳过
9636.HK,9636.HK,九方智投控股,2023-03-10,上市日期早于2024-01-01，跳过
9863.HK,9863.HK,零跑汽车,2022-09-29,上市日期早于2024-01-01，跳过
H1419.HK,,新星宇控股,,无正式港股交易代码/临时代码，跳过
H1700.HK,,百丽时尚,,无正式港股交易代码/临时代码，跳过
H1699.HK,,A SPAC-Z,,无正式港股交易代码/临时代码，跳过
H1609.HK,,捞王控股,,无正式港股交易代码/临时代码，跳过
2306.HK,2306.HK,乐华娱乐,2023-01-19,上市日期早于2024-01-01，跳过
2420.HK,2420.HK,子不语,2022-11-11,上市日期早于2024-01-01，跳过
9860.HK,9860.HK,艾迪康控股,2023-06-30,上市日期早于2024-01-01，跳过
H1695.HK,,Pisces Acquisition-Z,,无正式港股交易代码/临时代码，跳过
2433.HK,2433.HK,中天湖南集团,2023-03-30,上市日期早于2024-01-01，跳过
2416.HK,2416.HK,易点云,2023-05-25,上市日期早于2024-01-01，跳过
2469.HK,2469.HK,粉笔,2023-01-09,上市日期早于2024-01-01，跳过
H1686.HK,,CDP,,无正式港股交易代码/临时代码，跳过
H1688.HK,,V3 Brands,,无正式港股交易代码/临时代码，跳过
H1689.HK,,中加石墨,,无正式港股交易代码/临时代码，跳过
H1690.HK,,康蒂尼,,无正式港股交易代码/临时代码，跳过
0314.HK,0314.HK,思派健康,2022-12-23,上市日期早于2024-01-01，跳过
3650.HK,3650.HK,KEEP,2023-07-12,上市日期早于2024-01-01，跳过
9686.HK,9686.HK,熙康云医院,2023-09-28,上市日期早于2024-01-01，跳过
9930.HK,9930.HK,宏信建发,2023-05-25,上市日期早于2024-01-01，跳过
H1582.HK,,禾木生物-B,,无正式港股交易代码/临时代码，跳过
6682.HK,6682.HK,范式智能,2023-09-28,上市日期早于2024-01-01，跳过
H1595.HK,,纽脉医疗-B,,无正式港股交易代码/临时代码，跳过
H1684.HK,,杨国福,,无正式港股交易代码/临时代码，跳过
H1683.HK,,Vivere Lifesciences-Z,,无正式港股交易代码/临时代码，跳过
H1588.HK,,凯盛融英,,无正式港股交易代码/临时代码，跳过
1407.HK,1407.HK,交运燃气,2022-11-16,上市日期早于2024-01-01，跳过
2245.HK,2245.HK,力勤资源,2022-12-01,上市日期早于2024-01-01，跳过
H1679.HK,,Ace Eight-Z,,无正式港股交易代码/临时代码，跳过
H1678.HK,,上海博动医疗-B,,无正式港股交易代码/临时代码，跳过
H1677.HK,,薇美姿实业,,无正式港股交易代码/临时代码，跳过
6696.HK,6696.HK,多想云,2022-11-09,上市日期早于2024-01-01，跳过
7801.HK,7801.HK,Interra Acq-Z,2022-09-16,上市日期早于2024-01-01，跳过
H1583.HK,,伯恩光学,,无正式港股交易代码/临时代码，跳过
H1670.HK,,喜曼拿医疗,,无正式港股交易代码/临时代码，跳过
H1672.HK,,Trinity-Z,,无正式港股交易代码/临时代码，跳过
H1673.HK,,VSPN Group,,无正式港股交易代码/临时代码，跳过
H1674.HK,,中联航运,,无正式港股交易代码/临时代码，跳过
H1675.HK,,加立生物-B,,无正式港股交易代码/临时代码，跳过
2271.HK,2271.HK,众安智慧生活,2023-07-18,上市日期早于2024-01-01，跳过
H1668.HK,,Tiger Jade-Z,,无正式港股交易代码/临时代码，跳过
H1669.HK,,上海格派镍钴材料,,无正式港股交易代码/临时代码，跳过
2402.HK,2402.HK,亿华通,2023-01-12,上市日期早于2024-01-01，跳过
H1665.HK,,乡村基,,无正式港股交易代码/临时代码，跳过
H1666.HK,,华医网科技,,无正式港股交易代码/临时代码，跳过
9690.HK,9690.HK,途虎-W,2023-09-26,上市日期早于2024-01-01，跳过
2145.HK,2145.HK,上美股份,2022-12-22,上市日期早于2024-01-01，跳过
2291.HK,2291.HK,心泰医疗,2022-11-08,上市日期早于2024-01-01，跳过
H1545.HK,,云涌,,无正式港股交易代码/临时代码，跳过
6922.HK,6922.HK,康沣生物-B,2022-12-30,上市日期早于2024-01-01，跳过
H1659.HK,,七欣天,,无正式港股交易代码/临时代码，跳过
H1661.HK,,佳捷康,,无正式港股交易代码/临时代码，跳过
9669.HK,9669.HK,北森控股,2023-04-13,上市日期早于2024-01-01，跳过
H1121.HK,,神力建材,,无正式港股交易代码/临时代码，跳过
H1569.HK,,医达健康-B,,无正式港股交易代码/临时代码，跳过
H1656.HK,,龙湖智创生活,,无正式港股交易代码/临时代码，跳过
H1655.HK,,耐看娱乐,,无正式港股交易代码/临时代码，跳过
1244.HK,1244.HK,思路迪医药股份,2022-12-15,上市日期早于2024-01-01，跳过
H1550.HK,,派尔特,,无正式港股交易代码/临时代码，跳过
1489.HK,1489.HK,GC CONSTRUCTION,2022-10-10,上市日期早于2024-01-01，跳过
H1358.HK,,中卓医务,,无正式港股交易代码/临时代码，跳过
6610.HK,6610.HK,飞天云动,2022-10-18,上市日期早于2024-01-01，跳过
H1530.HK,,寒锐钴业,,无正式港股交易代码/临时代码，跳过
2450.HK,2450.HK,淮北绿金股份,2023-01-20,上市日期早于2024-01-01，跳过
H1500.HK,,致富金融,,无正式港股交易代码/临时代码，跳过
H1513.HK,,成都泉源堂,,无正式港股交易代码/临时代码，跳过
2350.HK,2350.HK,数科集团,2022-09-26,上市日期早于2024-01-01，跳过
9877.HK,9877.HK,健世科技-B,2022-10-10,上市日期早于2024-01-01，跳过
H1505.HK,,MCA Group,,无正式港股交易代码/临时代码，跳过
1284.HK,1284.HK,新传企划,2023-07-17,上市日期早于2024-01-01，跳过
2167.HK,2167.HK,天润云,2022-06-30,上市日期早于2024-01-01，跳过
H1342.HK,,亿腾医药,,无正式港股交易代码/临时代码，跳过
H1517.HK,,博日科技,,无正式港股交易代码/临时代码，跳过
1204.HK,1204.HK,博维智慧,2022-07-15,上市日期早于2024-01-01，跳过
H1298.HK,,意博金融,,无正式港股交易代码/临时代码，跳过
H1418.HK,,贝达药业,,无正式港股交易代码/临时代码，跳过
H1508.HK,,东软医疗,,无正式港股交易代码/临时代码，跳过
H1360.HK,,一九传媒,,无正式港股交易代码/临时代码，跳过
H1495.HK,,Global Education,,无正式港股交易代码/临时代码，跳过
H1499.HK,,安源种业,,无正式港股交易代码/临时代码，跳过
H1649.HK,,亿太恒星,,无正式港股交易代码/临时代码，跳过
2407.HK,2407.HK,高视医疗,2022-12-12,上市日期早于2024-01-01，跳过
2418.HK,2418.HK,德银天下,2022-07-15,上市日期早于2024-01-01，跳过
H1647.HK,,浩大海洋,,无正式港股交易代码/临时代码，跳过
H1496.HK,,汉隆集团,,无正式港股交易代码/临时代码，跳过
H1410.HK,,风华秋实,,无正式港股交易代码/临时代码，跳过
2482.HK,2482.HK,维天运通,2023-03-09,上市日期早于2024-01-01，跳过
6698.HK,6698.HK,星空华文,2022-12-29,上市日期早于2024-01-01，跳过
9985.HK,9985.HK,卫龙美味,2022-12-15,上市日期早于2024-01-01，跳过
H1334.HK,,裕河控股,,无正式港股交易代码/临时代码，跳过
H1474.HK,,方直发展,,无正式港股交易代码/临时代码，跳过
H1643.HK,,Cmg International,,无正式港股交易代码/临时代码，跳过
2385.HK,2385.HK,读书郎,2022-07-12,上市日期早于2024-01-01，跳过
H1481.HK,,明宇商服,,无正式港股交易代码/临时代码，跳过
H1642.HK,,KK集团,,无正式港股交易代码/临时代码，跳过
11561.HK,,兴源动力,,无正式港股交易代码/临时代码，跳过
H1641.HK,,合能控股,,无正式港股交易代码/临时代码，跳过
2422.HK,2422.HK,润歌互动,2022-10-17,上市日期早于2024-01-01，跳过
2442.HK,2442.HK,怡俊集团控股,2023-05-09,上市日期早于2024-01-01，跳过
6689.HK,6689.HK,洪九果品,2022-09-05,上市日期早于2024-01-01，跳过
H1306.HK,,珍珠泉园林,,无正式港股交易代码/临时代码，跳过
H1438.HK,,顶级手套,,无正式港股交易代码/临时代码，跳过
H1618.HK,,牙博士,,无正式港股交易代码/临时代码，跳过
H1636.HK,,天鸿中国,,无正式港股交易代码/临时代码，跳过
H1638.HK,,太元联合,,无正式港股交易代码/临时代码，跳过
H1467.HK,,飞书深诺,,无正式港股交易代码/临时代码，跳过
H1473.HK,,美光集团,,无正式港股交易代码/临时代码，跳过
3611.HK,3611.HK,花房集团,2022-12-12,上市日期早于2024-01-01，跳过
H1267.HK,,大湾区文旅,,无正式港股交易代码/临时代码，跳过
H1634.HK,,珠海万达,,无正式港股交易代码/临时代码，跳过
H1633.HK,,趣丸,,无正式港股交易代码/临时代码，跳过
H1632.HK,,圆心科技,,无正式港股交易代码/临时代码，跳过
2457.HK,2457.HK,步阳国际,2022-12-15,上市日期早于2024-01-01，跳过
2459.HK,2459.HK,昇能集团,2023-01-17,上市日期早于2024-01-01，跳过
6683.HK,6683.HK,巨星传奇,2023-07-13,上市日期早于2024-01-01，跳过
6929.HK,6929.HK,业聚医疗,2022-12-23,上市日期早于2024-01-01，跳过
H0868.HK,,EC Excel,,无正式港股交易代码/临时代码，跳过
H1628.HK,,信基控股,,无正式港股交易代码/临时代码，跳过
H1629.HK,,龙佰集团,,无正式港股交易代码/临时代码，跳过
9857.HK,9857.HK,柠萌影视,2022-08-10,上市日期早于2024-01-01，跳过
H1622.HK,,新高迪集团,,无正式港股交易代码/临时代码，跳过
H1623.HK,,永兴集团,,无正式港股交易代码/临时代码，跳过
H1624.HK,,网筑集团,,无正式港股交易代码/临时代码，跳过
6678.HK,6678.HK,百德医疗,,缺上市日期，跳过
H1621.HK,,荣志集团,,无正式港股交易代码/临时代码，跳过
2427.HK,2427.HK,GUANZE MEDICAL,2022-12-29,上市日期早于2024-01-01，跳过
H1410.HK,,风华秋实,,无正式港股交易代码/临时代码，跳过
H1614.HK,,新光维医疗-B,,无正式港股交易代码/临时代码，跳过
H1615.HK,,华富集团,,无正式港股交易代码/临时代码，跳过
H1616.HK,,精达控股,,无正式港股交易代码/临时代码，跳过
H1618.HK,,牙博士,,无正式港股交易代码/临时代码，跳过
H1613.HK,,数坤科技-B,,无正式港股交易代码/临时代码，跳过
H1612.HK,,万盈服务,,无正式港股交易代码/临时代码，跳过
H1415.HK,,GFT 国际,,无正式港股交易代码/临时代码，跳过
H1359.HK,,艺翔控股,,无正式港股交易代码/临时代码，跳过
H1610.HK,,瑞安新天地,,无正式港股交易代码/临时代码，跳过
H1611.HK,,喜马拉雅-W,,无正式港股交易代码/临时代码，跳过
6660.HK,6660.HK,艾美疫苗,2022-10-06,上市日期早于2024-01-01，跳过
2325.HK,2325.HK,云康集团,2022-05-18,上市日期早于2024-01-01，跳过
2473.HK,2473.HK,喜相逢集团,2023-11-09,上市日期早于2024-01-01，跳过
H1441.HK,,万利能源,,无正式港股交易代码/临时代码，跳过
1947.HK,1947.HK,美皓集团,2022-12-14,上市日期早于2024-01-01，跳过
H1608.HK,,一通金融,,无正式港股交易代码/临时代码，跳过
H1609.HK,,捞王控股,,无正式港股交易代码/临时代码，跳过
9636.HK,9636.HK,九方智投控股,2023-03-10,上市日期早于2024-01-01，跳过
H1241.HK,,中国星盛,,无正式港股交易代码/临时代码，跳过
H1433.HK,,AP&P,,无正式港股交易代码/临时代码，跳过
2152.HK,2152.HK,苏新服务,2022-08-24,上市日期早于2024-01-01，跳过
H1135.HK,,雅善耳鼻喉医疗,,无正式港股交易代码/临时代码，跳过
H1434.HK,,有赞科技,,无正式港股交易代码/临时代码，跳过
H1437.HK,,迪赛基业,,无正式港股交易代码/临时代码，跳过
21681.HK,,盈德气体,2009-10-08,无正式港股交易代码/临时代码，跳过
2315.HK,2315.HK,百奥赛图-B,2022-09-01,上市日期早于2024-01-01，跳过
H1604.HK,,气体动力,,无正式港股交易代码/临时代码，跳过
2246.HK,2246.HK,快狗打车,2022-06-24,上市日期早于2024-01-01，跳过
9955.HK,9955.HK,智云健康,2022-07-06,上市日期早于2024-01-01，跳过
H1601.HK,,德宝工程,,无正式港股交易代码/临时代码，跳过
H1596.HK,,萨摩耶云,,无正式港股交易代码/临时代码，跳过
H1595.HK,,纽脉医疗-B,,无正式港股交易代码/临时代码，跳过
2392.HK,2392.HK,玄武云,2022-07-08,上市日期早于2024-01-01，跳过
H1594.HK,,推想医疗-B,,无正式港股交易代码/临时代码，跳过
H1419.HK,,新星宇控股,,无正式港股交易代码/临时代码，跳过
H1592.HK,,北芯生命-B,,无正式港股交易代码/临时代码，跳过
6667.HK,6667.HK,美因基因,2022-06-22,上市日期早于2024-01-01，跳过
2321.HK,2321.HK,双财庄,2022-08-19,上市日期早于2024-01-01，跳过
6682.HK,6682.HK,范式智能,2023-09-28,上市日期早于2024-01-01，跳过
H1588.HK,,凯盛融英,,无正式港股交易代码/临时代码，跳过
0314.HK,0314.HK,思派健康,2022-12-23,上市日期早于2024-01-01，跳过
H1586.HK,,北京伊美尔,,无正式港股交易代码/临时代码，跳过
H1412.HK,,中国景大教育,,无正式港股交易代码/临时代码，跳过
2473.HK,2473.HK,喜相逢集团,2023-11-09,上市日期早于2024-01-01，跳过
H1582.HK,,禾木生物-B,,无正式港股交易代码/临时代码，跳过
H1583.HK,,伯恩光学,,无正式港股交易代码/临时代码，跳过
H1584.HK,,卓越物流,,无正式港股交易代码/临时代码，跳过
H1581.HK,,爱美客,,无正式港股交易代码/临时代码，跳过
H1270.HK,,新世纪储运,,无正式港股交易代码/临时代码，跳过
H1580.HK,,华瑭医疗,,无正式港股交易代码/临时代码，跳过
H1408.HK,,世纪金源,,无正式港股交易代码/临时代码，跳过
2372.HK,2372.HK,伟立控股,2022-06-30,上市日期早于2024-01-01，跳过
H1577.HK,,华源医疗,,无正式港股交易代码/临时代码，跳过
H1576.HK,,阿诺医药-B,,无正式港股交易代码/临时代码，跳过
H1575.HK,,天有教育,,无正式港股交易代码/临时代码，跳过
H1574.HK,,天广实-B,,无正式港股交易代码/临时代码，跳过
2179.HK,2179.HK,瑞科生物-B,2022-03-31,上市日期早于2024-01-01，跳过
H1572.HK,,郝氏控股,,无正式港股交易代码/临时代码，跳过
2433.HK,2433.HK,中天湖南集团,2023-03-30,上市日期早于2024-01-01，跳过
H1569.HK,,医达健康-B,,无正式港股交易代码/临时代码，跳过
2376.HK,2376.HK,鲁商服务,2022-07-08,上市日期早于2024-01-01，跳过
6639.HK,6639.HK,瑞尔集团,2022-03-22,上市日期早于2024-01-01，跳过
1244.HK,1244.HK,思路迪医药股份,2022-12-15,上市日期早于2024-01-01，跳过
2347.HK,2347.HK,友和集团,2022-06-10,上市日期早于2024-01-01，跳过
2420.HK,2420.HK,子不语,2022-11-11,上市日期早于2024-01-01，跳过
2458.HK,2458.HK,望尘科技控股,2023-01-16,上市日期早于2024-01-01，跳过
6660.HK,6660.HK,艾美疫苗,2022-10-06,上市日期早于2024-01-01，跳过
9860.HK,9860.HK,艾迪康控股,2023-06-30,上市日期早于2024-01-01，跳过
9930.HK,9930.HK,宏信建发,2023-05-25,上市日期早于2024-01-01，跳过
H1557.HK,,融汇悦,,无正式港股交易代码/临时代码，跳过
H1559.HK,,中国蒙树,,无正式港股交易代码/临时代码，跳过
H1562.HK,,珠江城市管理,,无正式港股交易代码/临时代码，跳过
H1563.HK,,领益智造,,无正式港股交易代码/临时代码，跳过
H1565.HK,,泰能医疗,,无正式港股交易代码/临时代码，跳过
H1566.HK,,汇泉,,无正式港股交易代码/临时代码，跳过
2419.HK,2419.HK,德康农牧,2023-12-06,上市日期早于2024-01-01，跳过
H1219.HK,,汇名天然气,,无正式港股交易代码/临时代码，跳过
H1545.HK,,云涌,,无正式港股交易代码/临时代码，跳过
H1546.HK,,依美实业,,无正式港股交易代码/临时代码，跳过
H1547.HK,,爱科百发-B,,无正式港股交易代码/临时代码，跳过
H1548.HK,,Leading Star,,无正式港股交易代码/临时代码，跳过
H1550.HK,,派尔特,,无正式港股交易代码/临时代码，跳过
H1551.HK,,APM Monaco,,无正式港股交易代码/临时代码，跳过
H1542.HK,,富丽宝石,,无正式港股交易代码/临时代码，跳过
H1541.HK,,俊发七彩,,无正式港股交易代码/临时代码，跳过
1880.HK,1880.HK,中国中免,2022-08-25,上市日期早于2024-01-01，跳过
2121.HK,2121.HK,创新奇智,2022-01-27,上市日期早于2024-01-01，跳过
2291.HK,2291.HK,心泰医疗,2022-11-08,上市日期早于2024-01-01，跳过
2361.HK,2361.HK,中康科技控股,2022-07-12,上市日期早于2024-01-01，跳过
H0986.HK,,游艇国际,,无正式港股交易代码/临时代码，跳过
H1538.HK,,恺兴文化,,无正式港股交易代码/临时代码，跳过
H1540.HK,,昂博,,无正式港股交易代码/临时代码，跳过
1111.HK,1111.HK,华视集团控股,2023-11-10,上市日期早于2024-01-01，跳过
2271.HK,2271.HK,众安智慧生活,2023-07-18,上市日期早于2024-01-01，跳过
H1530.HK,,寒锐钴业,,无正式港股交易代码/临时代码，跳过
H1532.HK,,中国敦煌网,,无正式港股交易代码/临时代码，跳过
9886.HK,9886.HK,叮当健康,2022-09-14,上市日期早于2024-01-01，跳过
9877.HK,9877.HK,健世科技-B,2022-10-10,上市日期早于2024-01-01，跳过
1489.HK,1489.HK,GC CONSTRUCTION,2022-10-10,上市日期早于2024-01-01，跳过
9878.HK,9878.HK,汇通达网络,2022-02-18,上市日期早于2024-01-01，跳过
6661.HK,6661.HK,湖州燃气,2022-07-13,上市日期早于2024-01-01，跳过
H1371.HK,,禹佳生活服务,,无正式港股交易代码/临时代码，跳过
H1521.HK,,长城物业,,无正式港股交易代码/临时代码，跳过
1284.HK,1284.HK,新传企划,2023-07-17,上市日期早于2024-01-01，跳过
H1358.HK,,中卓医务,,无正式港股交易代码/临时代码，跳过
H1518.HK,,正大新材料,,无正式港股交易代码/临时代码，跳过
H1517.HK,,博日科技,,无正式港股交易代码/临时代码，跳过
2370.HK,2370.HK,力高健康生活,2022-03-31,上市日期早于2024-01-01，跳过
H1513.HK,,成都泉源堂,,无正式港股交易代码/临时代码，跳过
2167.HK,2167.HK,天润云,2022-06-30,上市日期早于2024-01-01，跳过
H1143.HK,,妙思集团,,无正式港股交易代码/临时代码，跳过
2237.HK,2237.HK,中国石墨,2022-07-18,上市日期早于2024-01-01，跳过
9686.HK,9686.HK,熙康云医院,2023-09-28,上市日期早于2024-01-01，跳过
H1508.HK,,东软医疗,,无正式港股交易代码/临时代码，跳过
H1509.HK,,石榴投资,,无正式港股交易代码/临时代码，跳过
2350.HK,2350.HK,数科集团,2022-09-26,上市日期早于2024-01-01，跳过
H1327.HK,,高比集团,,无正式港股交易代码/临时代码，跳过
H1506.HK,,祥生活,,无正式港股交易代码/临时代码，跳过
H0989.HK,,联保医疗,,无正式港股交易代码/临时代码，跳过
H1505.HK,,MCA Group,,无正式港股交易代码/临时代码，跳过
2270.HK,2270.HK,德商产投服务,2021-12-17,上市日期早于2024-01-01，跳过
H1500.HK,,致富金融,,无正式港股交易代码/临时代码，跳过
H1503.HK,,S.P. Mega,,无正式港股交易代码/临时代码，跳过
H1499.HK,,安源种业,,无正式港股交易代码/临时代码，跳过
H1498.HK,,诺威健康,,无正式港股交易代码/临时代码，跳过
H1240.HK,,金瑞矿业,,无正式港股交易代码/临时代码，跳过
H1496.HK,,汉隆集团,,无正式港股交易代码/临时代码，跳过
9985.HK,9985.HK,卫龙美味,2022-12-15,上市日期早于2024-01-01，跳过
H1493.HK,,中南高科,,无正式港股交易代码/临时代码，跳过
H1495.HK,,Global Education,,无正式港股交易代码/临时代码，跳过
H1492.HK,,中亿基业,,无正式港股交易代码/临时代码，跳过
1491.HK,1491.HK,贝特集团控股,,缺上市日期，跳过
H1275.HK,,环球铝质,,无正式港股交易代码/临时代码，跳过
1406.HK,1406.HK,清晰医疗,2022-02-18,上市日期早于2024-01-01，跳过
H0623.HK,,康基集团,,无正式港股交易代码/临时代码，跳过
H1252.HK,,佳益净科控股,,无正式港股交易代码/临时代码，跳过
H1360.HK,,一九传媒,,无正式港股交易代码/临时代码，跳过
H1353.HK,,美迪乐,,无正式港股交易代码/临时代码，跳过
2250.HK,2250.HK,小黄鸭德盈,2022-01-17,上市日期早于2024-01-01，跳过
2352.HK,2352.HK,东原仁知服务,2022-04-29,上市日期早于2024-01-01，跳过
2501.HK,2501.HK,迈越科技,2023-10-11,上市日期早于2024-01-01，跳过
H1486.HK,,科传国际,,无正式港股交易代码/临时代码，跳过
H1487.HK,,杭州小电科技,,无正式港股交易代码/临时代码，跳过
H1483.HK,,中梁百悦智佳服务,,无正式港股交易代码/临时代码，跳过
1204.HK,1204.HK,博维智慧,2022-07-15,上市日期早于2024-01-01，跳过
2157.HK,2157.HK,乐普生物,2022-02-23,上市日期早于2024-01-01，跳过
H1481.HK,,明宇商服,,无正式港股交易代码/临时代码，跳过
2385.HK,2385.HK,读书郎,2022-07-12,上市日期早于2024-01-01，跳过
H1477.HK,,富力物业,,无正式港股交易代码/临时代码，跳过
H1478.HK,,艾棣维欣-B,,无正式港股交易代码/临时代码，跳过
H1267.HK,,大湾区文旅,,无正式港股交易代码/临时代码，跳过
H1475.HK,,海悦生活,,无正式港股交易代码/临时代码，跳过
H1474.HK,,方直发展,,无正式港股交易代码/临时代码，跳过
H0937.HK,,BeGreen Holdings,,无正式港股交易代码/临时代码，跳过
H1401.HK,,Battery Metals,,无正式港股交易代码/临时代码，跳过
2418.HK,2418.HK,德银天下,2022-07-15,上市日期早于2024-01-01，跳过
H1473.HK,,美光集团,,无正式港股交易代码/临时代码，跳过
2260.HK,2260.HK,环龙控股,2022-01-11,上市日期早于2024-01-01，跳过
H1470.HK,,捍宇医疗-B,,无正式港股交易代码/临时代码，跳过
2521.HK,2521.HK,升辉清洁,2023-12-05,上市日期早于2024-01-01，跳过
H1470.HK,,捍宇医疗-B,,无正式港股交易代码/临时代码，跳过
1948.HK,1948.HK,优矩控股,2021-11-08,上市日期早于2024-01-01，跳过
2457.HK,2457.HK,步阳国际,2022-12-15,上市日期早于2024-01-01，跳过
H1097.HK,,合德控股,,无正式港股交易代码/临时代码，跳过
H1467.HK,,飞书深诺,,无正式港股交易代码/临时代码，跳过
H1464.HK,,安居客,,无正式港股交易代码/临时代码，跳过
H1334.HK,,裕河控股,,无正式港股交易代码/临时代码，跳过
2276.HK,2276.HK,康耐特光学,2021-12-16,上市日期早于2024-01-01，跳过
H1461.HK,,微医控股,,无正式港股交易代码/临时代码，跳过
2459.HK,2459.HK,昇能集团,2023-01-17,上市日期早于2024-01-01，跳过
H1460.HK,,广州医药,,无正式港股交易代码/临时代码，跳过
H1459.HK,,建泓集团,,无正式港股交易代码/临时代码，跳过
H1342.HK,,亿腾医药,,无正式港股交易代码/临时代码，跳过
H1453.HK,,悠可集团,,无正式港股交易代码/临时代码，跳过
H1455.HK,,麦德龙,,无正式港股交易代码/临时代码，跳过
H1456.HK,,中南服务,,无正式港股交易代码/临时代码，跳过
H1452.HK,,东信营销,,无正式港股交易代码/临时代码，跳过
H1341.HK,,顶好集团,,无正式港股交易代码/临时代码，跳过
H1450.HK,,天誉青创,,无正式港股交易代码/临时代码，跳过
H1451.HK,,闽东红集团,,无正式港股交易代码/临时代码，跳过
H1321.HK,,蓝深环保,,无正式港股交易代码/临时代码，跳过
H1330.HK,,现代创科,,无正式港股交易代码/临时代码，跳过
H1315.HK,,欧智雅医疗技术,,无正式港股交易代码/临时代码，跳过
H1449.HK,,中宏控股,,无正式港股交易代码/临时代码，跳过
H1446.HK,,中嵣建材,,无正式港股交易代码/临时代码，跳过
H1447.HK,,绿科资源,,无正式港股交易代码/临时代码，跳过
H1306.HK,,珍珠泉园林,,无正式港股交易代码/临时代码，跳过
H1445.HK,,科亚方舟-B,,无正式港股交易代码/临时代码，跳过
H1292.HK,,参花实业,,无正式港股交易代码/临时代码，跳过
H1279.HK,,中国同祥,,无正式港股交易代码/临时代码，跳过
9689.HK,9689.HK,金泰丰国际控股,2018-01-17,上市日期早于2024-01-01，跳过
H1443.HK,,依生生物-B,,无正式港股交易代码/临时代码，跳过
H0381.HK,,联合承建,,无正式港股交易代码/临时代码，跳过
H1073.HK,,星汉控股,,无正式港股交易代码/临时代码，跳过
H1442.HK,,新力服务,,无正式港股交易代码/临时代码，跳过
H1087.HK,,中国西都,,无正式港股交易代码/临时代码，跳过
H1295.HK,,雅居乐雅城,,无正式港股交易代码/临时代码，跳过
H1441.HK,,万利能源,,无正式港股交易代码/临时代码，跳过
H1434.HK,,有赞科技,,无正式港股交易代码/临时代码，跳过
1947.HK,1947.HK,美皓集团,2022-12-14,上市日期早于2024-01-01，跳过
2185.HK,2185.HK,百心安-B,2021-12-23,上市日期早于2024-01-01，跳过
2325.HK,2325.HK,云康集团,2022-05-18,上市日期早于2024-01-01，跳过
H1013.HK,,赢创科技,,无正式港股交易代码/临时代码，跳过
H1437.HK,,迪赛基业,,无正式港股交易代码/临时代码，跳过
H1438.HK,,顶级手套,,无正式港股交易代码/临时代码，跳过
H1432.HK,,冠科美博-B,,无正式港股交易代码/临时代码，跳过
H1433.HK,,AP&P,,无正式港股交易代码/临时代码，跳过
6669.HK,6669.HK,先瑞达医疗-B,2021-08-24,上市日期早于2024-01-01，跳过
H1429.HK,,贺阳教育,,无正式港股交易代码/临时代码，跳过
2321.HK,2321.HK,双财庄,2022-08-19,上市日期早于2024-01-01，跳过
H1424.HK,,富丽,,无正式港股交易代码/临时代码，跳过
H1419.HK,,新星宇控股,,无正式港股交易代码/临时代码，跳过
H1420.HK,,互创投资,,无正式港股交易代码/临时代码，跳过
H1418.HK,,贝达药业,,无正式港股交易代码/临时代码，跳过
H1184.HK,,雅利多金融,,无正式港股交易代码/临时代码，跳过
H1416.HK,,英科医疗,,无正式港股交易代码/临时代码，跳过
H1415.HK,,GFT 国际,,无正式港股交易代码/临时代码，跳过
H1412.HK,,中国景大教育,,无正式港股交易代码/临时代码，跳过
H1410.HK,,风华秋实,,无正式港股交易代码/临时代码，跳过
H1408.HK,,世纪金源,,无正式港股交易代码/临时代码，跳过
H1406.HK,,天泰国际,,无正式港股交易代码/临时代码，跳过
H1298.HK,,意博金融,,无正式港股交易代码/临时代码，跳过
H1270.HK,,新世纪储运,,无正式港股交易代码/临时代码，跳过
H1285.HK,,东方中原,,无正式港股交易代码/临时代码，跳过
H1308.HK,,臻客,,无正式港股交易代码/临时代码，跳过
2433.HK,2433.HK,中天湖南集团,2023-03-30,上市日期早于2024-01-01，跳过
H1401.HK,,Battery Metals,,无正式港股交易代码/临时代码，跳过
H1373.HK,,康业金融科技,,无正式港股交易代码/临时代码，跳过
H0980.HK,,Dynatele Holdings,,无正式港股交易代码/临时代码，跳过
H1029.HK,,天晟集团,,无正式港股交易代码/临时代码，跳过
H1371.HK,,禹佳生活服务,,无正式港股交易代码/临时代码，跳过
H1283.HK,,泰和沥青投资,,无正式港股交易代码/临时代码，跳过
H1218.HK,,MKV Holdings,,无正式港股交易代码/临时代码，跳过
2175.HK,2175.HK,中国通才教育,2021-07-16,上市日期早于2024-01-01，跳过
H1268.HK,,中税网国际,,无正式港股交易代码/临时代码，跳过
6913.HK,6913.HK,华南职业教育,2021-07-13,上市日期早于2024-01-01，跳过
1491.HK,1491.HK,贝特集团控股,,缺上市日期，跳过
2350.HK,2350.HK,数科集团,2022-09-26,上市日期早于2024-01-01，跳过
H1252.HK,,佳益净科控股,,无正式港股交易代码/临时代码，跳过
H1271.HK,,星图国际,,无正式港股交易代码/临时代码，跳过
2207.HK,2207.HK,融信服务,2021-07-16,上市日期早于2024-01-01，跳过
H1275.HK,,环球铝质,,无正式港股交易代码/临时代码，跳过
H1360.HK,,一九传媒,,无正式港股交易代码/临时代码，跳过
H1194.HK,,特普科技,,无正式港股交易代码/临时代码，跳过
H1359.HK,,艺翔控股,,无正式港股交易代码/临时代码，跳过
H1069.HK,,伟丰控股,,无正式港股交易代码/临时代码，跳过
H1358.HK,,中卓医务,,无正式港股交易代码/临时代码，跳过
H1096.HK,,匹思通控股,,无正式港股交易代码/临时代码，跳过
6611.HK,6611.HK,三巽集团,2021-07-19,上市日期早于2024-01-01，跳过
H1357.HK,,时空视点,,无正式港股交易代码/临时代码，跳过
H1267.HK,,大湾区文旅,,无正式港股交易代码/临时代码，跳过
H1041.HK,,星光宝光电,,无正式港股交易代码/临时代码，跳过
H0937.HK,,BeGreen Holdings,,无正式港股交易代码/临时代码，跳过
H1174.HK,,国丹健康,,无正式港股交易代码/临时代码，跳过
H1353.HK,,美迪乐,,无正式港股交易代码/临时代码，跳过
H0969.HK,,福苑控股,,无正式港股交易代码/临时代码，跳过
H1148.HK,,文风户贸易,,无正式港股交易代码/临时代码，跳过
H0623.HK,,康基集团,,无正式港股交易代码/临时代码，跳过
2457.HK,2457.HK,步阳国际,2022-12-15,上市日期早于2024-01-01，跳过
H1262.HK,,Prime Skyline,,无正式港股交易代码/临时代码，跳过
2155.HK,2155.HK,森松国际,2021-06-28,上市日期早于2024-01-01，跳过
H0986.HK,,游艇国际,,无正式港股交易代码/临时代码，跳过
H1348.HK,,路路通,,无正式港股交易代码/临时代码，跳过
H0786.HK,,玮溢国际,,无正式港股交易代码/临时代码，跳过
2459.HK,2459.HK,昇能集团,2023-01-17,上市日期早于2024-01-01，跳过
H1342.HK,,亿腾医药,,无正式港股交易代码/临时代码，跳过
H1343.HK,,山西锦绣大象,,无正式港股交易代码/临时代码，跳过
H0944.HK,,见知教育,,无正式港股交易代码/临时代码，跳过
H1341.HK,,顶好集团,,无正式港股交易代码/临时代码，跳过
H1334.HK,,裕河控股,,无正式港股交易代码/临时代码，跳过
1139.HK,1139.HK,华多利集团,1998-02-16,上市日期早于2024-01-01，跳过
H1073.HK,,星汉控股,,无正式港股交易代码/临时代码，跳过
H1330.HK,,现代创科,,无正式港股交易代码/临时代码，跳过
1248.HK,1248.HK,天兆猪业,,缺上市日期，跳过
H1240.HK,,金瑞矿业,,无正式港股交易代码/临时代码，跳过
H1327.HK,,高比集团,,无正式港股交易代码/临时代码，跳过
6688.HK,6688.HK,蚂蚁集团,,缺上市日期，跳过
1947.HK,1947.HK,美皓集团,2022-12-14,上市日期早于2024-01-01，跳过
H1323.HK,,百奥泰-B,,无正式港股交易代码/临时代码，跳过
H1321.HK,,蓝深环保,,无正式港股交易代码/临时代码，跳过
H1097.HK,,合德控股,,无正式港股交易代码/临时代码，跳过
H1139.HK,,中至科技,,无正式港股交易代码/临时代码，跳过
H1154.HK,,岳峰高分子,,无正式港股交易代码/临时代码，跳过
1947.HK,1947.HK,美皓集团,2022-12-14,上市日期早于2024-01-01，跳过
1413.HK,1413.HK,铸帝控股,2021-03-11,上市日期早于2024-01-01，跳过
H0381.HK,,联合承建,,无正式港股交易代码/临时代码，跳过
H0606.HK,,富元控股,,无正式港股交易代码/临时代码，跳过
H1143.HK,,妙思集团,,无正式港股交易代码/临时代码，跳过
H1184.HK,,雅利多金融,,无正式港股交易代码/临时代码，跳过
H1318.HK,,泓淘控股,,无正式港股交易代码/临时代码，跳过
2473.HK,2473.HK,喜相逢集团,2023-11-09,上市日期早于2024-01-01，跳过
H1184.HK,,雅利多金融,,无正式港股交易代码/临时代码，跳过
H1315.HK,,欧智雅医疗技术,,无正式港股交易代码/临时代码，跳过
1473.HK,1473.HK,环联连讯,2021-02-19,上市日期早于2024-01-01，跳过
2195.HK,2195.HK,盈汇企业控股,2021-03-31,上市日期早于2024-01-01，跳过
9689.HK,9689.HK,金泰丰国际控股,2018-01-17,上市日期早于2024-01-01，跳过
H1313.HK,,泰丰文化,,无正式港股交易代码/临时代码，跳过
2177.HK,2177.HK,优趣汇控股,2021-07-12,上市日期早于2024-01-01，跳过
H1312.HK,,EK Build,,无正式港股交易代码/临时代码，跳过
H1313.HK,,泰丰文化,,无正式港股交易代码/临时代码，跳过
H1306.HK,,珍珠泉园林,,无正式港股交易代码/临时代码，跳过
H1308.HK,,臻客,,无正式港股交易代码/临时代码，跳过
9889.HK,9889.HK,东莞农商银行,2021-09-29,上市日期早于2024-01-01，跳过
H1191.HK,,裕和电缆,,无正式港股交易代码/临时代码，跳过
H1298.HK,,意博金融,,无正式港股交易代码/临时代码，跳过
H1300.HK,,金吉祥控股,,无正式港股交易代码/临时代码，跳过
H1192.HK,,德诺集团,,无正式港股交易代码/临时代码，跳过
H1292.HK,,参花实业,,无正式港股交易代码/临时代码，跳过
H1293.HK,,陕西延长石油,,无正式港股交易代码/临时代码，跳过
H1295.HK,,雅居乐雅城,,无正式港股交易代码/临时代码，跳过
H0411.HK,,理臣国际,,无正式港股交易代码/临时代码，跳过
H1135.HK,,雅善耳鼻喉医疗,,无正式港股交易代码/临时代码，跳过
H1219.HK,,汇名天然气,,无正式港股交易代码/临时代码，跳过
H1087.HK,,中国西都,,无正式港股交易代码/临时代码，跳过
1353.HK,1353.HK,诺奇,2014-01-09,上市日期早于2024-01-01，跳过
1927.HK,1927.HK,久久王,2021-03-16,上市日期早于2024-01-01，跳过
H1290.HK,,众妙娱乐,,无正式港股交易代码/临时代码，跳过
2129.HK,2129.HK,LEGION CONSO,2021-01-13,上市日期早于2024-01-01，跳过
H1029.HK,,天晟集团,,无正式港股交易代码/临时代码，跳过
H1193.HK,,Daymak International,,无正式港股交易代码/临时代码，跳过
H1218.HK,,MKV Holdings,,无正式港股交易代码/临时代码，跳过
H1283.HK,,泰和沥青投资,,无正式港股交易代码/临时代码，跳过
H1285.HK,,东方中原,,无正式港股交易代码/临时代码，跳过
8489.HK,8489.HK,裕程物流,2021-01-13,上市日期早于2024-01-01，跳过
H1005.HK,,臻美集团,,无正式港股交易代码/临时代码，跳过
2433.HK,2433.HK,中天湖南集团,2023-03-30,上市日期早于2024-01-01，跳过
H1279.HK,,中国同祥,,无正式港股交易代码/临时代码，跳过
H1280.HK,,智富集团,,无正式港股交易代码/临时代码，跳过
H1277.HK,,求实科技,,无正式港股交易代码/临时代码，跳过
H1278.HK,,实地地产,,无正式港股交易代码/临时代码，跳过
H1163.HK,,论客控股,,无正式港股交易代码/临时代码，跳过
2159.HK,2159.HK,麦迪卫康,2021-01-19,上市日期早于2024-01-01，跳过
8181.HK,8181.HK,港深智能管理,2013-10-11,上市日期早于2024-01-01，跳过
1491.HK,1491.HK,贝特集团控股,,缺上市日期，跳过
H1018.HK,,灿辉新能源,,无正式港股交易代码/临时代码，跳过
H1050.HK,,一品发展,,无正式港股交易代码/临时代码，跳过
H1271.HK,,星图国际,,无正式港股交易代码/临时代码，跳过
H1274.HK,,广东溢丰环保,,无正式港股交易代码/临时代码，跳过
H1275.HK,,环球铝质,,无正式港股交易代码/临时代码，跳过
1490.HK,1490.HK,车市科技,2021-01-15,上市日期早于2024-01-01，跳过
1379.HK,1379.HK,温岭工量刃具,2020-12-30,上市日期早于2024-01-01，跳过
6611.HK,6611.HK,三巽集团,2021-07-19,上市日期早于2024-01-01，跳过
H1270.HK,,新世纪储运,,无正式港股交易代码/临时代码，跳过
1855.HK,1855.HK,中庆股份,2021-01-06,上市日期早于2024-01-01，跳过
2260.HK,2260.HK,环龙控股,2022-01-11,上市日期早于2024-01-01，跳过
H0723.HK,,新进建设,,无正式港股交易代码/临时代码，跳过
H1096.HK,,匹思通控股,,无正式港股交易代码/临时代码，跳过
H1268.HK,,中税网国际,,无正式港股交易代码/临时代码，跳过
H1267.HK,,大湾区文旅,,无正式港股交易代码/临时代码，跳过
1351.HK,1351.HK,辉煌明天,2020-11-11,上市日期早于2024-01-01，跳过
6999.HK,6999.HK,领地控股,2020-12-10,上市日期早于2024-01-01，跳过
H0937.HK,,BeGreen Holdings,,无正式港股交易代码/临时代码，跳过
H1174.HK,,国丹健康,,无正式港股交易代码/临时代码，跳过
H0969.HK,,福苑控股,,无正式港股交易代码/临时代码，跳过
H0623.HK,,康基集团,,无正式港股交易代码/临时代码，跳过
H1161.HK,,爱酷游,,无正式港股交易代码/临时代码，跳过
H1194.HK,,特普科技,,无正式港股交易代码/临时代码，跳过
H1195.HK,,泓胜交通科技,,无正式港股交易代码/临时代码，跳过
6900.HK,6900.HK,上坤地产,2020-11-17,上市日期早于2024-01-01，跳过
H1110.HK,,国华科技,,无正式港股交易代码/临时代码，跳过
H1262.HK,,Prime Skyline,,无正式港股交易代码/临时代码，跳过
6939.HK,6939.HK,美佳音控股,2021-03-31,上市日期早于2024-01-01，跳过
H1257.HK,,坤达矿业,,无正式港股交易代码/临时代码，跳过
9993.HK,9993.HK,金辉控股,2020-10-29,上市日期早于2024-01-01，跳过
H0986.HK,,游艇国际,,无正式港股交易代码/临时代码，跳过
1795.HK,1795.HK,亚东集团,2020-11-18,上市日期早于2024-01-01，跳过
H0011.HK,,Tak Wan Holdings,,无正式港股交易代码/临时代码，跳过
H1105.HK,,海之杰集团,,无正式港股交易代码/临时代码，跳过
H1171.HK,,速达软件集团,,无正式港股交易代码/临时代码，跳过
8657.HK,8657.HK,TRUE PARTNER,2020-10-16,上市日期早于2024-01-01，跳过
H1182.HK,,SLES Holdings,,无正式港股交易代码/临时代码，跳过
H1252.HK,,佳益净科控股,,无正式港股交易代码/临时代码，跳过
H0464.HK,,富昌金融集团,,无正式港股交易代码/临时代码，跳过
H1077.HK,,淘礼网,,无正式港股交易代码/临时代码，跳过
2187.HK,2187.HK,智欣集团控股,2021-03-26,上市日期早于2024-01-01，跳过
H1148.HK,,文风户贸易,,无正式港股交易代码/临时代码，跳过
H0824.HK,,Wonderscape Holdings,,无正式港股交易代码/临时代码，跳过
H1159.HK,,富霆,,无正式港股交易代码/临时代码，跳过
2101.HK,2101.HK,福禄控股,2020-09-18,上市日期早于2024-01-01，跳过
H0944.HK,,见知教育,,无正式港股交易代码/临时代码，跳过
H1246.HK,,得凯控股,,无正式港股交易代码/临时代码，跳过
H1249.HK,,绿康集团,,无正式港股交易代码/临时代码，跳过
H1250.HK,,鹏润控股,,无正式港股交易代码/临时代码，跳过
1248.HK,1248.HK,天兆猪业,,缺上市日期，跳过
H1216.HK,,耳东影业,,无正式港股交易代码/临时代码，跳过
9600.HK,9600.HK,新纽科技,2021-01-06,上市日期早于2024-01-01，跳过
1643.HK,1643.HK,现代中药集团,2021-01-15,上市日期早于2024-01-01，跳过
H0786.HK,,玮溢国际,,无正式港股交易代码/临时代码，跳过
H1009.HK,,特艺文化,,无正式港股交易代码/临时代码，跳过
1947.HK,1947.HK,美皓集团,2022-12-14,上市日期早于2024-01-01，跳过
H1240.HK,,金瑞矿业,,无正式港股交易代码/临时代码，跳过
H1241.HK,,中国星盛,,无正式港股交易代码/临时代码，跳过
1455.HK,1455.HK,科利实业控股,2020-09-15,上市日期早于2024-01-01，跳过
9608.HK,9608.HK,宋都服务,2021-01-18,上市日期早于2024-01-01，跳过
H1143.HK,,妙思集团,,无正式港股交易代码/临时代码，跳过
2135.HK,2135.HK,瑞丽医美,2020-12-28,上市日期早于2024-01-01，跳过
H1144.HK,,蒙奇千里,,无正式港股交易代码/临时代码，跳过
H1234.HK,,新疆汇和银行,,无正式港股交易代码/临时代码，跳过
6668.HK,6668.HK,星盛商业,2021-01-26,上市日期早于2024-01-01，跳过
6988.HK,6988.HK,乐享集团,2020-09-23,上市日期早于2024-01-01，跳过
H1041.HK,,星光宝光电,,无正式港股交易代码/临时代码，跳过
H1144.HK,,蒙奇千里,,无正式港股交易代码/临时代码，跳过
2153.HK,2153.HK,达丰设备,2021-01-13,上市日期早于2024-01-01，跳过
H1139.HK,,中至科技,,无正式港股交易代码/临时代码，跳过
H0606.HK,,富元控股,,无正式港股交易代码/临时代码，跳过
1473.HK,1473.HK,环联连讯,2021-02-19,上市日期早于2024-01-01，跳过
H1228.HK,,Kilcoy Global Foods,,无正式港股交易代码/临时代码，跳过
1940.HK,1940.HK,CGII HLDGS,2020-12-29,上市日期早于2024-01-01，跳过
1950.HK,1950.HK,帝王实业控股,2020-03-12,上市日期早于2024-01-01，跳过
2132.HK,2132.HK,誉燊丰控股,2020-10-20,上市日期早于2024-01-01，跳过
2473.HK,2473.HK,喜相逢集团,2023-11-09,上市日期早于2024-01-01，跳过
H1124.HK,,上湟控股,,无正式港股交易代码/临时代码，跳过
H1073.HK,,星汉控股,,无正式港股交易代码/临时代码，跳过
2110.HK,2110.HK,天成控股,2020-12-07,上市日期早于2024-01-01，跳过
H1094.HK,,肖克利科技,,无正式港股交易代码/临时代码，跳过
6813.HK,6813.HK,大喜屋集团,,缺上市日期，跳过
H1097.HK,,合德控股,,无正式港股交易代码/临时代码，跳过
H1099.HK,,The Feng Huang,,无正式港股交易代码/临时代码，跳过
1429.HK,1429.HK,天任集团,2020-09-29,上市日期早于2024-01-01，跳过
2117.HK,2117.HK,大唐集团控股,2020-12-11,上市日期早于2024-01-01，跳过
H1218.HK,,MKV Holdings,,无正式港股交易代码/临时代码，跳过
H1219.HK,,汇名天然气,,无正式港股交易代码/临时代码，跳过
H1216.HK,,耳东影业,,无正式港股交易代码/临时代码，跳过
2129.HK,2129.HK,LEGION CONSO,2021-01-13,上市日期早于2024-01-01，跳过
1927.HK,1927.HK,久久王,2021-03-16,上市日期早于2024-01-01，跳过
1957.HK,1957.HK,大人国际,2020-07-08,上市日期早于2024-01-01，跳过
1957.HK,1957.HK,大人国际,2020-07-08,上市日期早于2024-01-01，跳过
8489.HK,8489.HK,裕程物流,2021-01-13,上市日期早于2024-01-01，跳过
H1212.HK,,上好佳,,无正式港股交易代码/临时代码，跳过
H1211.HK,,Am Aerospace,,无正式港股交易代码/临时代码，跳过
H1074.HK,,康蒂尼药业,,无正式港股交易代码/临时代码，跳过
9908.HK,9908.HK,嘉兴燃气,2020-07-16,上市日期早于2024-01-01，跳过
8181.HK,8181.HK,港深智能管理,2013-10-11,上市日期早于2024-01-01，跳过
8496.HK,8496.HK,环球友饮智能,2020-05-18,上市日期早于2024-01-01，跳过
2159.HK,2159.HK,麦迪卫康,2021-01-19,上市日期早于2024-01-01，跳过
6933.HK,6933.HK,新娱科控股,2020-07-15,上市日期早于2024-01-01，跳过
1855.HK,1855.HK,中庆股份,2021-01-06,上市日期早于2024-01-01，跳过
2169.HK,2169.HK,沧港铁路,2020-10-23,上市日期早于2024-01-01，跳过
9958.HK,9958.HK,力天影业,2020-06-22,上市日期早于2024-01-01，跳过
6968.HK,6968.HK,港龙中国地产,2020-07-15,上市日期早于2024-01-01，跳过
2195.HK,2195.HK,盈汇企业控股,2021-03-31,上市日期早于2024-01-01，跳过
6611.HK,6611.HK,三巽集团,2021-07-19,上市日期早于2024-01-01，跳过
H1018.HK,,灿辉新能源,,无正式港股交易代码/临时代码，跳过
8623.HK,8623.HK,中国蜀塔,2020-07-10,上市日期早于2024-01-01，跳过
1645.HK,1645.HK,海纳智能,2020-06-03,上市日期早于2024-01-01，跳过
9977.HK,9977.HK,凤祥股份,2020-07-16,上市日期早于2024-01-01，跳过
H1198.HK,,The O&G Specialists,,无正式港股交易代码/临时代码，跳过
H1050.HK,,一品发展,,无正式港股交易代码/临时代码，跳过
2260.HK,2260.HK,环龙控股,2022-01-11,上市日期早于2024-01-01，跳过
H0969.HK,,福苑控股,,无正式港股交易代码/临时代码，跳过
H1193.HK,,Daymak International,,无正式港股交易代码/临时代码，跳过
H1194.HK,,特普科技,,无正式港股交易代码/临时代码，跳过
H1195.HK,,泓胜交通科技,,无正式港股交易代码/临时代码，跳过
H1000.HK,,温州城建,,无正式港股交易代码/临时代码，跳过
H1191.HK,,裕和电缆,,无正式港股交易代码/临时代码，跳过
H1192.HK,,德诺集团,,无正式港股交易代码/临时代码，跳过
H1189.HK,,GXEVER Holdings,,无正式港股交易代码/临时代码，跳过
1163.HK,1163.HK,虎视传媒,2020-07-10,上市日期早于2024-01-01，跳过
H1045.HK,,豪成控股,,无正式港股交易代码/临时代码，跳过
9913.HK,9913.HK,智勤控股,2020-08-14,上市日期早于2024-01-01，跳过
H1013.HK,,赢创科技,,无正式港股交易代码/临时代码，跳过
H1184.HK,,雅利多金融,,无正式港股交易代码/临时代码，跳过
H1037.HK,,中国盈润,,无正式港股交易代码/临时代码，跳过
H1182.HK,,SLES Holdings,,无正式港股交易代码/临时代码，跳过
1953.HK,1953.HK,RIMBACO,2020-04-28,上市日期早于2024-01-01，跳过
H0560.HK,,联诚集团,,无正式港股交易代码/临时代码，跳过
1981.HK,1981.HK,华夏控股,2020-07-15,上市日期早于2024-01-01，跳过
2381.HK,2381.HK,蚬壳电业,2020-06-02,上市日期早于2024-01-01，跳过
H1029.HK,,天晟集团,,无正式港股交易代码/临时代码，跳过
6978.HK,6978.HK,永泰生物-B,2020-07-10,上市日期早于2024-01-01，跳过
1463.HK,1463.HK,C-LINK SQ,2020-03-27,上市日期早于2024-01-01，跳过
H0899.HK,,阳澄智能,,无正式港股交易代码/临时代码，跳过
H0986.HK,,游艇国际,,无正式港股交易代码/临时代码，跳过
H1174.HK,,国丹健康,,无正式港股交易代码/临时代码，跳过
2127.HK,2127.HK,汇森股份,2020-12-29,上市日期早于2024-01-01，跳过
H1005.HK,,臻美集团,,无正式港股交易代码/临时代码，跳过
H1171.HK,,速达软件集团,,无正式港股交易代码/临时代码，跳过
H1167.HK,,旷视科技,,无正式港股交易代码/临时代码，跳过
H1168.HK,,万新城市,,无正式港股交易代码/临时代码，跳过
2115.HK,2115.HK,捷芯隆,2020-10-15,上市日期早于2024-01-01，跳过
H0464.HK,,富昌金融集团,,无正式港股交易代码/临时代码，跳过
H1163.HK,,论客控股,,无正式港股交易代码/临时代码，跳过
H0980.HK,,Dynatele Holdings,,无正式港股交易代码/临时代码，跳过
H1160.HK,,万邦珠宝,,无正式港股交易代码/临时代码，跳过
H1161.HK,,爱酷游,,无正式港股交易代码/临时代码，跳过
H1159.HK,,富霆,,无正式港股交易代码/临时代码，跳过
H1009.HK,,特艺文化,,无正式港股交易代码/临时代码，跳过
H1158.HK,,House of Connoisseur,,无正式港股交易代码/临时代码，跳过
1936.HK,1936.HK,利特米,2020-05-13,上市日期早于2024-01-01，跳过
H0863.HK,,骏裕控股,,无正式港股交易代码/临时代码，跳过
1343.HK,1343.HK,伟源控股,2020-03-12,上市日期早于2024-01-01，跳过
1941.HK,1941.HK,烨星集团,2020-03-13,上市日期早于2024-01-01，跳过
H0850.HK,,富德胜金融,,无正式港股交易代码/临时代码，跳过
1455.HK,1455.HK,科利实业控股,2020-09-15,上市日期早于2024-01-01，跳过
3390.HK,3390.HK,满贯集团,2020-04-15,上市日期早于2024-01-01，跳过
H1152.HK,,母仪控股,,无正式港股交易代码/临时代码，跳过
1472.HK,1472.HK,生兴控股,2020-03-17,上市日期早于2024-01-01，跳过
1353.HK,1353.HK,诺奇,2014-01-09,上市日期早于2024-01-01，跳过
H0723.HK,,新进建设,,无正式港股交易代码/临时代码，跳过
H1148.HK,,文风户贸易,,无正式港股交易代码/临时代码，跳过
H1149.HK,,United Oil Palm,,无正式港股交易代码/临时代码，跳过
8620.HK,8620.HK,亚洲速运,2020-04-20,上市日期早于2024-01-01，跳过
1379.HK,1379.HK,温岭工量刃具,2020-12-30,上市日期早于2024-01-01，跳过
H1146.HK,,Home Credit,,无正式港股交易代码/临时代码，跳过
H0989.HK,,联保医疗,,无正式港股交易代码/临时代码，跳过
H1144.HK,,蒙奇千里,,无正式港股交易代码/临时代码，跳过
H1143.HK,,妙思集团,,无正式港股交易代码/临时代码，跳过
H1142.HK,,睿泽能源,,无正式港股交易代码/临时代码，跳过
1473.HK,1473.HK,环联连讯,2021-02-19,上市日期早于2024-01-01，跳过
H1136.HK,,国际语文控股,,无正式港股交易代码/临时代码，跳过
H1139.HK,,中至科技,,无正式港股交易代码/临时代码，跳过
1950.HK,1950.HK,帝王实业控股,2020-03-12,上市日期早于2024-01-01，跳过
9616.HK,9616.HK,东软睿新集团,2020-09-29,上市日期早于2024-01-01，跳过
1490.HK,1490.HK,车市科技,2021-01-15,上市日期早于2024-01-01，跳过
H1129.HK,,良业科技,,无正式港股交易代码/临时代码，跳过
H0733.HK,,宗峰控股,,无正式港股交易代码/临时代码，跳过
H1123.HK,,Lawmark Group,,无正式港股交易代码/临时代码，跳过
H1124.HK,,上湟控股,,无正式港股交易代码/临时代码，跳过
8500.HK,8500.HK,天泓文创,2020-01-14,上市日期早于2024-01-01，跳过
H1121.HK,,神力建材,,无正式港股交易代码/临时代码，跳过
1156.HK,1156.HK,CHINANEWENERGY,2020-07-15,上市日期早于2024-01-01，跳过
2132.HK,2132.HK,誉燊丰控股,2020-10-20,上市日期早于2024-01-01，跳过
8659.HK,8659.HK,易和国际控股,2020-07-13,上市日期早于2024-01-01，跳过
H1119.HK,,天士力-B,,无正式港股交易代码/临时代码，跳过
H1113.HK,,佛水环境,,无正式港股交易代码/临时代码，跳过
H1114.HK,,诚德科技,,无正式港股交易代码/临时代码，跳过
8616.HK,8616.HK,新威工程集团,2020-04-23,上市日期早于2024-01-01，跳过
H1110.HK,,国华科技,,无正式港股交易代码/临时代码，跳过
1650.HK,1650.HK,HYGIEIA GROUP,2020-07-03,上市日期早于2024-01-01，跳过
H1108.HK,,朗坤科技,,无正式港股交易代码/临时代码，跳过
2110.HK,2110.HK,天成控股,2020-12-07,上市日期早于2024-01-01，跳过
9929.HK,9929.HK,澳达控股,2020-02-14,上市日期早于2024-01-01，跳过
H0583.HK,,泰和安金融,,无正式港股交易代码/临时代码，跳过
H1104.HK,,海星游艇控股,,无正式港股交易代码/临时代码，跳过
H1105.HK,,海之杰集团,,无正式港股交易代码/临时代码，跳过
6199.HK,6199.HK,贵州银行,2019-12-30,上市日期早于2024-01-01，跳过
1433.HK,1433.HK,常达控股,2020-03-12,上市日期早于2024-01-01，跳过
6813.HK,6813.HK,大喜屋集团,,缺上市日期，跳过
8646.HK,8646.HK,中国宏光,2020-01-13,上市日期早于2024-01-01，跳过
H1097.HK,,合德控股,,无正式港股交易代码/临时代码，跳过
H1099.HK,,The Feng Huang,,无正式港股交易代码/临时代码，跳过
H1096.HK,,匹思通控股,,无正式港股交易代码/临时代码，跳过
8165.HK,8165.HK,华普智通,2001-12-10,上市日期早于2024-01-01，跳过
H0893.HK,,高宝贸易发展,,无正式港股交易代码/临时代码，跳过
H1095.HK,,华软集团,,无正式港股交易代码/临时代码，跳过
H0979.HK,,信康医健,,无正式港股交易代码/临时代码，跳过
H1094.HK,,肖克利科技,,无正式港股交易代码/临时代码，跳过
H0966.HK,,香港娱乐,,无正式港股交易代码/临时代码，跳过
H0974.HK,,奥山控股,,无正式港股交易代码/临时代码，跳过
1925.HK,1925.HK,旷世芳香,2020-01-16,上市日期早于2024-01-01，跳过
H1089.HK,,海聆梦家居,,无正式港股交易代码/临时代码，跳过
1927.HK,1927.HK,久久王,2021-03-16,上市日期早于2024-01-01，跳过
H0951.HK,,新龙酒店,,无正式港股交易代码/临时代码，跳过
H1086.HK,,宏泰国际,,无正式港股交易代码/临时代码，跳过
8645.HK,8645.HK,比特元宇宙,2019-12-09,上市日期早于2024-01-01，跳过
1957.HK,1957.HK,大人国际,2020-07-08,上市日期早于2024-01-01，跳过
1802.HK,1802.HK,文业集团,2020-01-14,上市日期早于2024-01-01，跳过
3718.HK,3718.HK,北控城市资源,2020-01-15,上市日期早于2024-01-01，跳过
H0952.HK,,海伦堡中国,,无正式港股交易代码/临时代码，跳过
H0944.HK,,见知教育,,无正式港股交易代码/临时代码，跳过
6919.HK,6919.HK,人瑞人才,2019-12-13,上市日期早于2024-01-01，跳过
H1077.HK,,淘礼网,,无正式港股交易代码/临时代码，跳过
6933.HK,6933.HK,新娱科控股,2020-07-15,上市日期早于2024-01-01，跳过
H0931.HK,,宝安韩国,,无正式港股交易代码/临时代码，跳过
0301.HK,0301.HK,三和精化,2020-01-16,上市日期早于2024-01-01，跳过
H0941.HK,,泰沣,,无正式港股交易代码/临时代码，跳过
H1074.HK,,康蒂尼药业,,无正式港股交易代码/临时代码，跳过
1351.HK,1351.HK,辉煌明天,2020-11-11,上市日期早于2024-01-01，跳过
2195.HK,2195.HK,盈汇企业控股,2021-03-31,上市日期早于2024-01-01，跳过
H0388.HK,,艺能环球,,无正式港股交易代码/临时代码，跳过
H0716.HK,,联合金融,,无正式港股交易代码/临时代码，跳过
0013.HK,0013.HK,和黄医药,2021-06-30,上市日期早于2024-01-01，跳过
H0700.HK,,Harrison Asset,,无正式港股交易代码/临时代码，跳过
H1069.HK,,伟丰控股,,无正式港股交易代码/临时代码，跳过
9968.HK,9968.HK,汇景控股,2020-01-16,上市日期早于2024-01-01，跳过
1406.HK,1406.HK,清晰医疗,2022-02-18,上市日期早于2024-01-01，跳过
6193.HK,6193.HK,泰林科建,2019-12-18,上市日期早于2024-01-01，跳过
1645.HK,1645.HK,海纳智能,2020-06-03,上市日期早于2024-01-01，跳过
H1059.HK,,畅聊,,无正式港股交易代码/临时代码，跳过
1376.HK,1376.HK,RAFFLESINTERIOR,2020-05-07,上市日期早于2024-01-01，跳过
1401.HK,1401.HK,未来机器有限公司,2019-11-13,上市日期早于2024-01-01，跳过
2295.HK,2295.HK,丰城控股,2019-12-13,上市日期早于2024-01-01，跳过
9918.HK,9918.HK,丽年国际,2020-01-10,上市日期早于2024-01-01，跳过
1987.HK,1987.HK,BENG SOON MACH,2019-11-08,上市日期早于2024-01-01，跳过
H0938.HK,,Privazio,,无正式港股交易代码/临时代码，跳过
9882.HK,9882.HK,永联丰控股,2019-11-15,上市日期早于2024-01-01，跳过
H1050.HK,,一品发展,,无正式港股交易代码/临时代码，跳过
1342.HK,1342.HK,硅谷天堂黄金,,缺上市日期，跳过
1147.HK,1147.HK,伊登软件,2020-05-13,上市日期早于2024-01-01，跳过
0302.HK,0302.HK,中手游,2019-10-31,上市日期早于2024-01-01，跳过
1346.HK,1346.HK,利华控股集团,2019-11-13,上市日期早于2024-01-01，跳过
3601.HK,3601.HK,鲁大师,2019-10-10,上市日期早于2024-01-01，跳过
H0824.HK,,Wonderscape Holdings,,无正式港股交易代码/临时代码，跳过
H1045.HK,,豪成控股,,无正式港股交易代码/临时代码，跳过
1967.HK,1967.HK,信恳智能,2019-10-18,上市日期早于2024-01-01，跳过
3680.HK,3680.HK,瑞和数智,2019-12-13,上市日期早于2024-01-01，跳过
3348.HK,3348.HK,中国鹏飞集团,2019-11-15,上市日期早于2024-01-01，跳过
H1041.HK,,星光宝光电,,无正式港股交易代码/临时代码，跳过
2129.HK,2129.HK,LEGION CONSO,2021-01-13,上市日期早于2024-01-01，跳过
8627.HK,8627.HK,旅橙文化,2019-11-14,上市日期早于2024-01-01，跳过
H0809.HK,,恒丰科技,,无正式港股交易代码/临时代码，跳过
6820.HK,6820.HK,友谊时光,2019-10-08,上市日期早于2024-01-01，跳过
8489.HK,8489.HK,裕程物流,2021-01-13,上市日期早于2024-01-01，跳过
H1037.HK,,中国盈润,,无正式港股交易代码/临时代码，跳过
H0560.HK,,联诚集团,,无正式港股交易代码/临时代码，跳过
18791.HK,,盛世大联,,无正式港股交易代码/临时代码，跳过
2606.HK,2606.HK,蓝光嘉宝服务,2019-10-18,上市日期早于2024-01-01，跳过
1425.HK,1425.HK,捷隆控股,2019-11-28,上市日期早于2024-01-01，跳过
1821.HK,1821.HK,ESR,2019-11-01,上市日期早于2024-01-01，跳过
1921.HK,1921.HK,达力普控股,2019-11-08,上市日期早于2024-01-01，跳过
1961.HK,1961.HK,多牛科技,2020-03-17,上市日期早于2024-01-01，跳过
22281.HK,,中国节能海东青,2010-06-21,无正式港股交易代码/临时代码，跳过
H0447.HK,,殷泰控股,,无正式港股交易代码/临时代码，跳过
H0786.HK,,玮溢国际,,无正式港股交易代码/临时代码，跳过
H1029.HK,,天晟集团,,无正式港股交易代码/临时代码，跳过
H1030.HK,,金源物流,,无正式港股交易代码/临时代码，跳过
2127.HK,2127.HK,汇森股份,2020-12-29,上市日期早于2024-01-01，跳过
1463.HK,1463.HK,C-LINK SQ,2020-03-27,上市日期早于2024-01-01，跳过
1959.HK,1959.HK,中聚投资,2019-10-18,上市日期早于2024-01-01，跳过
H0872.HK,,Microbeam,,无正式港股交易代码/临时代码，跳过
H1024.HK,,华忆科技,,无正式港股交易代码/临时代码，跳过
H1019.HK,,鑫桥联合,,无正式港股交易代码/临时代码，跳过
1955.HK,1955.HK,庄臣控股,2019-10-16,上市日期早于2024-01-01，跳过
H1018.HK,,灿辉新能源,,无正式港股交易代码/临时代码，跳过
1412.HK,1412.HK,隽思集团,2020-01-16,上市日期早于2024-01-01，跳过
1960.HK,1960.HK,TBKS HLDGS,2019-09-30,上市日期早于2024-01-01，跳过
8208.HK,8208.HK,永通万国集团,2019-11-29,上市日期早于2024-01-01，跳过
H0871.HK,,尚德启智教育,,无正式港股交易代码/临时代码，跳过
H1013.HK,,赢创科技,,无正式港股交易代码/临时代码，跳过
1283.HK,1283.HK,高陞集团控股,2019-10-18,上市日期早于2024-01-01，跳过
1936.HK,1936.HK,利特米,2020-05-13,上市日期早于2024-01-01，跳过
H1009.HK,,特艺文化,,无正式港股交易代码/临时代码，跳过
1756.HK,1756.HK,中国科教产业,2019-11-25,上市日期早于2024-01-01，跳过
H1005.HK,,臻美集团,,无正式港股交易代码/临时代码，跳过
2381.HK,2381.HK,蚬壳电业,2020-06-02,上市日期早于2024-01-01，跳过
H0863.HK,,骏裕控股,,无正式港股交易代码/临时代码，跳过
H0858.HK,,正八集团,,无正式港股交易代码/临时代码，跳过
8620.HK,8620.HK,亚洲速运,2020-04-20,上市日期早于2024-01-01，跳过
H1000.HK,,温州城建,,无正式港股交易代码/临时代码，跳过
2163.HK,2163.HK,远大住工,2019-11-06,上市日期早于2024-01-01，跳过
1472.HK,1472.HK,生兴控股,2020-03-17,上市日期早于2024-01-01，跳过
1525.HK,1525.HK,建桥教育,2020-01-16,上市日期早于2024-01-01，跳过
9933.HK,9933.HK,GHW INTL,2020-01-21,上市日期早于2024-01-01，跳过
8173.HK,8173.HK,客思控股,2002-05-09,上市日期早于2024-01-01，跳过
H0992.HK,,JHP Fintech,,无正式港股交易代码/临时代码，跳过
2123.HK,2123.HK,金盾控股,2011-07-14,上市日期早于2024-01-01，跳过
H0818.HK,,盟科医药-B,,无正式港股交易代码/临时代码，跳过
H0780.HK,,诺壹控股,,无正式港股交易代码/临时代码，跳过
H0989.HK,,联保医疗,,无正式港股交易代码/临时代码，跳过
3928.HK,3928.HK,中国新零售供应链,2019-09-19,上市日期早于2024-01-01，跳过
H0986.HK,,游艇国际,,无正式港股交易代码/临时代码，跳过
H0805.HK,,亿邦国际,,无正式港股交易代码/临时代码，跳过
2696.HK,2696.HK,复宏汉霖,2019-09-25,上市日期早于2024-01-01，跳过
H0746.HK,,英格蜜儿,,无正式港股交易代码/临时代码，跳过
6663.HK,6663.HK,国际永胜集团,2019-10-22,上市日期早于2024-01-01，跳过
H0985.HK,,Vance International,,无正式港股交易代码/临时代码，跳过
1379.HK,1379.HK,温岭工量刃具,2020-12-30,上市日期早于2024-01-01，跳过
1416.HK,1416.HK,CTR HOLDINGS,2020-01-15,上市日期早于2024-01-01，跳过
H0982.HK,,正奇能源,,无正式港股交易代码/临时代码，跳过
H0980.HK,,Dynatele Holdings,,无正式港股交易代码/临时代码，跳过
1408.HK,1408.HK,濠江机电,2020-09-11,上市日期早于2024-01-01，跳过
H0979.HK,,信康医健,,无正式港股交易代码/临时代码，跳过
1871.HK,1871.HK,向中国际,2019-10-24,上市日期早于2024-01-01，跳过
2296.HK,2296.HK,华记环球集团,2019-11-21,上市日期早于2024-01-01，跳过
2132.HK,2132.HK,誉燊丰控股,2020-10-20,上市日期早于2024-01-01，跳过
H0715.HK,,益达教育,,无正式港股交易代码/临时代码，跳过
H0974.HK,,奥山控股,,无正式港股交易代码/临时代码，跳过
H0516.HK,,万创国际,,无正式港股交易代码/临时代码，跳过
H0729.HK,,CHM,,无正式港股交易代码/临时代码，跳过
H0970.HK,,顺亿控股,,无正式港股交易代码/临时代码，跳过
H0972.HK,,莎娜美集团,,无正式港股交易代码/临时代码，跳过
H0968.HK,,CPSM Holding,,无正式港股交易代码/临时代码，跳过
H0969.HK,,福苑控股,,无正式港股交易代码/临时代码，跳过
0067.HK,0067.HK,旭光高新材料,2009-06-16,上市日期早于2024-01-01，跳过
H0966.HK,,香港娱乐,,无正式港股交易代码/临时代码，跳过
2772.HK,2772.HK,中梁控股,2019-07-16,上市日期早于2024-01-01，跳过
1935.HK,1935.HK,嘉宏教育,2019-06-18,上市日期早于2024-01-01，跳过
3877.HK,3877.HK,中国船舶租赁,2019-06-17,上市日期早于2024-01-01，跳过
H0733.HK,,宗峰控股,,无正式港股交易代码/临时代码，跳过
H0723.HK,,新进建设,,无正式港股交易代码/临时代码，跳过
1977.HK,1977.HK,安乐工程,2019-07-12,上市日期早于2024-01-01，跳过
H0955.HK,,亚洲机械,,无正式港股交易代码/临时代码，跳过
H0957.HK,,成大生物,,无正式港股交易代码/临时代码，跳过
9998.HK,9998.HK,光荣控股,2020-01-08,上市日期早于2024-01-01，跳过
H0705.HK,,华图教育,,无正式港股交易代码/临时代码，跳过
H0950.HK,,莲外教育,,无正式港股交易代码/临时代码，跳过
H0951.HK,,新龙酒店,,无正式港股交易代码/临时代码，跳过
H0952.HK,,海伦堡中国,,无正式港股交易代码/临时代码，跳过
1073.HK,1073.HK,大禹金融,1999-11-25,上市日期早于2024-01-01，跳过
H0716.HK,,联合金融,,无正式港股交易代码/临时代码，跳过
H0731.HK,,灏祥控股,,无正式港股交易代码/临时代码，跳过
2189.HK,2189.HK,嘉涛(香港)控股,2019-06-13,上市日期早于2024-01-01，跳过
H0712.HK,,易达富集团,,无正式港股交易代码/临时代码，跳过
H0948.HK,,道生租赁,,无正式港股交易代码/临时代码，跳过
1842.HK,1842.HK,植华集团,2019-06-28,上市日期早于2024-01-01，跳过
8645.HK,8645.HK,比特元宇宙,2019-12-09,上市日期早于2024-01-01，跳过
H0701.HK,,ACH Holdings,,无正式港股交易代码/临时代码，跳过
1593.HK,1593.HK,辰林教育,2019-12-13,上市日期早于2024-01-01，跳过
H0944.HK,,见知教育,,无正式港股交易代码/临时代码，跳过
H0946.HK,,浙江鸿翔,,无正式港股交易代码/临时代码，跳过
1861.HK,1861.HK,保宝龙科技,2019-06-21,上市日期早于2024-01-01，跳过
1943.HK,1943.HK,金石控股集团,2019-06-28,上市日期早于2024-01-01，跳过
H0670.HK,,TPSC Asia Group,,无正式港股交易代码/临时代码，跳过
H0938.HK,,Privazio,,无正式港股交易代码/临时代码，跳过
H0941.HK,,泰沣,,无正式港股交易代码/临时代码，跳过
H0942.HK,,美艺宝,,无正式港股交易代码/临时代码，跳过
1084.HK,1084.HK,绿新生物科技,2019-10-17,上市日期早于2024-01-01，跳过
1582.HK,1582.HK,华营建筑,2019-10-16,上市日期早于2024-01-01，跳过
3798.HK,3798.HK,家乡互动,2019-07-04,上市日期早于2024-01-01，跳过
H0931.HK,,宝安韩国,,无正式港股交易代码/临时代码，跳过
H0932.HK,,比特大陆,,无正式港股交易代码/临时代码，跳过
H0933.HK,,甘肃清河源,,无正式港股交易代码/临时代码，跳过
1843.HK,1843.HK,快餐帝国,2019-10-23,上市日期早于2024-01-01，跳过
1905.HK,1905.HK,海通恒信,2019-06-03,上市日期早于2024-01-01，跳过
H0928.HK,,MTC Holdings,,无正式港股交易代码/临时代码，跳过
H0930.HK,,天科盛世,,无正式港股交易代码/临时代码，跳过
H0925.HK,,华东控股,,无正式港股交易代码/临时代码，跳过
9936.HK,9936.HK,稀美资源,2020-03-12,上市日期早于2024-01-01，跳过
H0922.HK,,伟度科技,,无正式港股交易代码/临时代码，跳过
H0919.HK,,飨当当饮食,,无正式港股交易代码/临时代码，跳过
0924.HK,0924.HK,坤集团,2019-07-05,上市日期早于2024-01-01，跳过
3601.HK,3601.HK,鲁大师,2019-10-10,上市日期早于2024-01-01，跳过
6819.HK,6819.HK,中智全球,2019-03-27,上市日期早于2024-01-01，跳过
H0915.HK,,Synergychem Group,,无正式港股交易代码/临时代码，跳过
3692.HK,3692.HK,翰森制药,2019-06-14,上市日期早于2024-01-01，跳过
0302.HK,0302.HK,中手游,2019-10-31,上市日期早于2024-01-01，跳过
1753.HK,1753.HK,兑吧,2019-05-07,上市日期早于2024-01-01，跳过
H0558.HK,,中地行,,无正式港股交易代码/临时代码，跳过
H0904.HK,,富达控股,,无正式港股交易代码/临时代码，跳过
H0905.HK,,华奕科技,,无正式港股交易代码/临时代码，跳过
H0908.HK,,曲奇四重奏,,无正式港股交易代码/临时代码，跳过
H0911.HK,,华洋集团,,无正式港股交易代码/临时代码，跳过
1817.HK,1817.HK,慕尚集团控股,2019-05-27,上市日期早于2024-01-01，跳过
H0891.HK,,宇海集团,,无正式港股交易代码/临时代码，跳过
H0892.HK,,土巴兔,,无正式港股交易代码/临时代码，跳过
H0893.HK,,高宝贸易发展,,无正式港股交易代码/临时代码，跳过
1286.HK,1286.HK,鹰普精密,2019-06-28,上市日期早于2024-01-01，跳过
13181.HK,,格菱控股,2009-11-06,无正式港股交易代码/临时代码，跳过
18791.HK,,盛世大联,,无正式港股交易代码/临时代码，跳过
H0388.HK,,艺能环球,,无正式港股交易代码/临时代码，跳过
2181.HK,2181.HK,迈博药业-B,2019-05-31,上市日期早于2024-01-01，跳过
6855.HK,6855.HK,亚盛医药-B,2019-10-28,上市日期早于2024-01-01，跳过
9696.HK,9696.HK,天齐锂业,2022-07-13,上市日期早于2024-01-01，跳过
H0883.HK,,安兴控股,,无正式港股交易代码/临时代码，跳过
H0881.HK,,华建环球,,无正式港股交易代码/临时代码，跳过
H0880.HK,,京王控股,,无正式港股交易代码/临时代码，跳过
H0668.HK,,博思集团,,无正式港股交易代码/临时代码，跳过
H0673.HK,,Aqina International,,无正式港股交易代码/临时代码，跳过
H0878.HK,,文辉发展,,无正式港股交易代码/临时代码，跳过
H0669.HK,,曜熊控股,,无正式港股交易代码/临时代码，跳过
1857.HK,1857.HK,中国光大水务,2019-05-08,上市日期早于2024-01-01，跳过
H0655.HK,,Pesko Group,,无正式港股交易代码/临时代码，跳过
H0871.HK,,尚德启智教育,,无正式港股交易代码/临时代码，跳过
H0872.HK,,Microbeam,,无正式港股交易代码/临时代码，跳过
H0873.HK,,Lazurite Investment,,无正式港股交易代码/临时代码，跳过
H0874.HK,,美亚资源,,无正式港股交易代码/临时代码，跳过
8489.HK,8489.HK,裕程物流,2021-01-13,上市日期早于2024-01-01，跳过
8627.HK,8627.HK,旅橙文化,2019-11-14,上市日期早于2024-01-01，跳过
H0867.HK,,中化能源,,无正式港股交易代码/临时代码，跳过
H0865.HK,,诗悦集团,,无正式港股交易代码/临时代码，跳过
H0447.HK,,殷泰控股,,无正式港股交易代码/临时代码，跳过
H0864.HK,,顺华控股,,无正式港股交易代码/临时代码，跳过
1780.HK,1780.HK,荣尊国际控股,2019-04-30,上市日期早于2024-01-01，跳过
H0863.HK,,骏裕控股,,无正式港股交易代码/临时代码，跳过
H0858.HK,,正八集团,,无正式港股交易代码/临时代码，跳过
1797.HK,1797.HK,东方甄选,2019-03-28,上市日期早于2024-01-01，跳过
1797.HK,1797.HK,东方甄选,2019-03-28,上市日期早于2024-01-01，跳过
8620.HK,8620.HK,亚洲速运,2020-04-20,上市日期早于2024-01-01，跳过
H0854.HK,,宏鑫控股,,无正式港股交易代码/临时代码，跳过
1472.HK,1472.HK,生兴控股,2020-03-17,上市日期早于2024-01-01，跳过
1703.HK,1703.HK,谊和股份,2019-02-15,上市日期早于2024-01-01，跳过
H0850.HK,,富德胜金融,,无正式港股交易代码/临时代码，跳过
2129.HK,2129.HK,LEGION CONSO,2021-01-13,上市日期早于2024-01-01，跳过
8418.HK,8418.HK,傲迪玛汽车,2019-10-11,上市日期早于2024-01-01，跳过
1849.HK,1849.HK,秀商时代控股,2019-06-26,上市日期早于2024-01-01，跳过
H0583.HK,,泰和安金融,,无正式港股交易代码/临时代码，跳过
8306.HK,8306.HK,中国有色金属,2005-02-28,上市日期早于2024-01-01，跳过
1521.HK,1521.HK,方达控股,2019-05-30,上市日期早于2024-01-01，跳过
1987.HK,1987.HK,BENG SOON MACH,2019-11-08,上市日期早于2024-01-01，跳过
8173.HK,8173.HK,客思控股,2002-05-09,上市日期早于2024-01-01，跳过
H0830.HK,,沪江教育,,无正式港股交易代码/临时代码，跳过
H0833.HK,,金源行控股,,无正式港股交易代码/临时代码，跳过
H0835.HK,,Welab Holdings,,无正式港股交易代码/临时代码，跳过
H0837.HK,,Stealth Bio-B,,无正式港股交易代码/临时代码，跳过
H0838.HK,,KEH Holdings,,无正式港股交易代码/临时代码，跳过
H0840.HK,,AOBiome-B,,无正式港股交易代码/临时代码，跳过
H0842.HK,,高辉集团,,无正式港股交易代码/临时代码，跳过
H0845.HK,,AGX Group,,无正式港股交易代码/临时代码，跳过
1793.HK,1793.HK,伟工控股,2019-02-27,上市日期早于2024-01-01，跳过
H0823.HK,,誉诚国际,,无正式港股交易代码/临时代码，跳过
H0827.HK,,瑞丰德永,,无正式港股交易代码/临时代码，跳过
H0818.HK,,盟科医药-B,,无正式港股交易代码/临时代码，跳过
H0822.HK,,海山国际,,无正式港股交易代码/临时代码，跳过
H0816.HK,,Duoyi,,无正式港股交易代码/临时代码，跳过
H0813.HK,,吉通贸易,,无正式港股交易代码/临时代码，跳过
1563.HK,1563.HK,友联国际教育租赁,2019-03-15,上市日期早于2024-01-01，跳过
H0808.HK,,Singapore Kitchen,,无正式港股交易代码/临时代码，跳过
H0809.HK,,恒丰科技,,无正式港股交易代码/临时代码，跳过
H0805.HK,,亿邦国际,,无正式港股交易代码/临时代码，跳过
3321.HK,3321.HK,中科集团控股,2019-04-23,上市日期早于2024-01-01，跳过
3868.HK,3868.HK,信义能源,2019-05-28,上市日期早于2024-01-01，跳过
H0802.HK,,飞骏照明,,无正式港股交易代码/临时代码，跳过
1903.HK,1903.HK,JBB BUILDERS,2019-05-10,上市日期早于2024-01-01，跳过
H0405.HK,,飞腾集团,,无正式港股交易代码/临时代码，跳过
H0794.HK,,敬信服务,,无正式港股交易代码/临时代码，跳过
H0790.HK,,永富盛集团,,无正式港股交易代码/临时代码，跳过
H0786.HK,,玮溢国际,,无正式港股交易代码/临时代码，跳过
H0788.HK,,库客音乐,,无正式港股交易代码/临时代码，跳过
H0785.HK,,汇基控股,,无正式港股交易代码/临时代码，跳过
6663.HK,6663.HK,国际永胜集团,2019-10-22,上市日期早于2024-01-01，跳过
8635.HK,8635.HK,大象控股集团,2019-05-02,上市日期早于2024-01-01，跳过
8631.HK,8631.HK,申港控股,2019-01-08,上市日期早于2024-01-01，跳过
H0780.HK,,诺壹控股,,无正式港股交易代码/临时代码，跳过
H0640.HK,,联合智控,,无正式港股交易代码/临时代码，跳过
1701.HK,1701.HK,途屹控股,2019-06-28,上市日期早于2024-01-01，跳过
H0777.HK,,安特医疗,,无正式港股交易代码/临时代码，跳过
H0644.HK,,荣峰控股,,无正式港股交易代码/临时代码，跳过
H0772.HK,,树仁荟地球村,,无正式港股交易代码/临时代码，跳过
2296.HK,2296.HK,华记环球集团,2019-11-21,上市日期早于2024-01-01，跳过
6162.HK,6162.HK,天瑞汽车内饰,2019-01-15,上市日期早于2024-01-01，跳过
0155.HK,0155.HK,中国源畅,1988-09-05,上市日期早于2024-01-01，跳过
H0758.HK,,Canaan,,无正式港股交易代码/临时代码，跳过
2682.HK,2682.HK,润利海事,2019-03-18,上市日期早于2024-01-01，跳过
H0250.HK,,天丰控股,,无正式港股交易代码/临时代码，跳过
1845.HK,1845.HK,维港环保科技,2019-01-03,上市日期早于2024-01-01，跳过
H0753.HK,,威信物流,,无正式港股交易代码/临时代码，跳过
0067.HK,0067.HK,旭光高新材料,2009-06-16,上市日期早于2024-01-01，跳过
H0752.HK,,芯控股,,无正式港股交易代码/临时代码，跳过
1890.HK,1890.HK,中国科培,2019-01-25,上市日期早于2024-01-01，跳过
1025.HK,1025.HK,嘉艺控股,2019-02-28,上市日期早于2024-01-01，跳过
1713.HK,1713.HK,四川能投发展,2018-12-28,上市日期早于2024-01-01，跳过
H0746.HK,,英格蜜儿,,无正式港股交易代码/临时代码，跳过
1545.HK,1545.HK,设计都会,2019-04-25,上市日期早于2024-01-01，跳过
1977.HK,1977.HK,安乐工程,2019-07-12,上市日期早于2024-01-01，跳过
H0739.HK,,胜图娱乐,,无正式港股交易代码/临时代码，跳过
H0612.HK,,时旺控股,,无正式港股交易代码/临时代码，跳过
H0735.HK,,凡普金融科技,,无正式港股交易代码/临时代码，跳过
H0733.HK,,宗峰控股,,无正式港股交易代码/临时代码，跳过
8537.HK,8537.HK,创辉珠宝,2019-03-27,上市日期早于2024-01-01，跳过
H0568.HK,,骜狮集团,,无正式港股交易代码/临时代码，跳过
H0606.HK,,富元控股,,无正式港股交易代码/临时代码，跳过
H0729.HK,,CHM,,无正式港股交易代码/临时代码，跳过
H0731.HK,,灏祥控股,,无正式港股交易代码/临时代码，跳过
1007.HK,1007.HK,龙辉国际控股,2010-10-28,上市日期早于2024-01-01，跳过
2346.HK,2346.HK,星宇控股,2019-05-16,上市日期早于2024-01-01，跳过
1791.HK,1791.HK,OCC Cables,,缺上市日期，跳过
H0723.HK,,新进建设,,无正式港股交易代码/临时代码，跳过
1842.HK,1842.HK,植华集团,2019-06-28,上市日期早于2024-01-01，跳过
2798.HK,2798.HK,久泰邦达能源,2018-12-12,上市日期早于2024-01-01，跳过
H0716.HK,,联合金融,,无正式港股交易代码/临时代码，跳过
8259.HK,8259.HK,大健康建设,2018-11-07,上市日期早于2024-01-01，跳过
H0715.HK,,益达教育,,无正式港股交易代码/临时代码，跳过
H0712.HK,,易达富集团,,无正式港股交易代码/临时代码，跳过
1353.HK,1353.HK,诺奇,2014-01-09,上市日期早于2024-01-01，跳过
H0711.HK,,天逸金融服务,,无正式港股交易代码/临时代码，跳过
1582.HK,1582.HK,华营建筑,2019-10-16,上市日期早于2024-01-01，跳过
8611.HK,8611.HK,九福来,2018-10-22,上市日期早于2024-01-01，跳过
H0702.HK,,玑鉐发展,,无正式港股交易代码/临时代码，跳过
H0705.HK,,华图教育,,无正式港股交易代码/临时代码，跳过
H0700.HK,,Harrison Asset,,无正式港股交易代码/临时代码，跳过
H0701.HK,,ACH Holdings,,无正式港股交易代码/临时代码，跳过
8621.HK,8621.HK,METROPOLIS CAP,2018-12-12,上市日期早于2024-01-01，跳过
9936.HK,9936.HK,稀美资源,2020-03-12,上市日期早于2024-01-01，跳过
1905.HK,1905.HK,海通恒信,2019-06-03,上市日期早于2024-01-01，跳过
3616.HK,3616.HK,恒达集团控股,2018-11-12,上市日期早于2024-01-01，跳过
H0262.HK,,香港福泰,,无正式港股交易代码/临时代码，跳过
0269.HK,0269.HK,中国资源交通,1973-03-19,上市日期早于2024-01-01，跳过
1034.HK,1034.HK,富汇国际集团控股,2018-10-30,上市日期早于2024-01-01，跳过
1969.HK,1969.HK,中国春来,2018-09-13,上市日期早于2024-01-01，跳过
1286.HK,1286.HK,鹰普精密,2019-06-28,上市日期早于2024-01-01，跳过
1743.HK,1743.HK,苍南仪表,2019-01-04,上市日期早于2024-01-01，跳过
8036.HK,8036.HK,电子交易集团,2019-02-19,上市日期早于2024-01-01，跳过
8613.HK,8613.HK,东方支付集团控股,2018-10-16,上市日期早于2024-01-01，跳过
13181.HK,,格菱控股,2009-11-06,无正式港股交易代码/临时代码，跳过
1772.HK,1772.HK,赣锋锂业,2018-10-11,上市日期早于2024-01-01，跳过
8042.HK,8042.HK,高奥士人才集团,2018-10-12,上市日期早于2024-01-01，跳过
H0516.HK,,万创国际,,无正式港股交易代码/临时代码，跳过
1653.HK,1653.HK,MOS HOUSE,2018-10-19,上市日期早于2024-01-01，跳过
H0537.HK,,当代恒居国际,,无正式港股交易代码/临时代码，跳过
H0481.HK,,海岸股份,,无正式港股交易代码/临时代码，跳过
H0626.HK,,SSSE,,无正式港股交易代码/临时代码，跳过
H0673.HK,,Aqina International,,无正式港股交易代码/临时代码，跳过
1820.HK,1820.HK,济丰包装,2018-12-21,上市日期早于2024-01-01，跳过
H0669.HK,,曜熊控股,,无正式港股交易代码/临时代码，跳过
H0670.HK,,TPSC Asia Group,,无正式港股交易代码/临时代码，跳过
H0672.HK,,光年控股,,无正式港股交易代码/临时代码，跳过
H0668.HK,,博思集团,,无正式港股交易代码/临时代码，跳过
1783.HK,1783.HK,晋景新能,2018-08-22,上市日期早于2024-01-01，跳过
H0483.HK,,迅领财务控股,,无正式港股交易代码/临时代码，跳过
1872.HK,1872.HK,冠轈控股,2019-02-28,上市日期早于2024-01-01，跳过
H0554.HK,,圣伦食品,,无正式港股交易代码/临时代码，跳过
1787.HK,1787.HK,山东黄金,2018-09-28,上市日期早于2024-01-01，跳过
H0493.HK,,东塑集团,,无正式港股交易代码/临时代码，跳过
8516.HK,8516.HK,中盈国际,2018-10-15,上市日期早于2024-01-01，跳过
H0583.HK,,泰和安金融,,无正式港股交易代码/临时代码，跳过
3335.HK,3335.HK,DBA电讯,2006-05-11,上市日期早于2024-01-01，跳过
H0655.HK,,Pesko Group,,无正式港股交易代码/临时代码，跳过
H0652.HK,,仁燊集团,,无正式港股交易代码/临时代码，跳过
8619.HK,8619.HK,NIU HOLDINGS,2018-09-17,上市日期早于2024-01-01，跳过
1775.HK,1775.HK,精英汇集团,2018-07-13,上市日期早于2024-01-01，跳过
8482.HK,8482.HK,万励达,2018-09-05,上市日期早于2024-01-01，跳过
H0644.HK,,荣峰控股,,无正式港股交易代码/临时代码，跳过
1587.HK,1587.HK,欣融国际,2018-06-27,上市日期早于2024-01-01，跳过
1592.HK,1592.HK,基石控股,2018-07-04,上市日期早于2024-01-01，跳过
H0642.HK,,文记实业,,无正式港股交易代码/临时代码，跳过
H0640.HK,,联合智控,,无正式港股交易代码/临时代码，跳过
1781.HK,1781.HK,新昌创展控股,2018-10-04,上市日期早于2024-01-01，跳过
8305.HK,8305.HK,圣唐控股,2018-07-04,上市日期早于2024-01-01，跳过
H0169.HK,,恒升昌建设,,无正式港股交易代码/临时代码，跳过
H0250.HK,,天丰控股,,无正式港股交易代码/临时代码，跳过
8403.HK,8403.HK,德丰宿来,2018-06-12,上市日期早于2024-01-01，跳过
H0465.HK,,优托邦,,无正式港股交易代码/临时代码，跳过
H0148.HK,,RaffAello,,无正式港股交易代码/临时代码，跳过
H0149.HK,,万汇讯息控股,,无正式港股交易代码/临时代码，跳过
H0452.HK,,博联控股,,无正式港股交易代码/临时代码，跳过
H0632.HK,,丰耀地产,,无正式港股交易代码/临时代码，跳过
H0633.HK,,三七新能源,,无正式港股交易代码/临时代码，跳过
1620.HK,1620.HK,富盈环球集团,2018-06-28,上市日期早于2024-01-01，跳过
1598.HK,1598.HK,21世纪教育,2018-05-29,上市日期早于2024-01-01，跳过
1715.HK,1715.HK,智慧健康科技,2018-07-16,上市日期早于2024-01-01，跳过
8223.HK,8223.HK,紫元元,2018-07-09,上市日期早于2024-01-01，跳过
0067.HK,0067.HK,旭光高新材料,2009-06-16,上市日期早于2024-01-01，跳过
8521.HK,8521.HK,智云国际控股,2018-05-16,上市日期早于2024-01-01，跳过
H0268.HK,,洛尔达控股,,无正式港股交易代码/临时代码，跳过
8540.HK,8540.HK,胜利证券,2018-07-16,上市日期早于2024-01-01，跳过
H0623.HK,,康基集团,,无正式港股交易代码/临时代码，跳过
1712.HK,1712.HK,龙资源,2018-11-05,上市日期早于2024-01-01，跳过
1998.HK,1998.HK,飞克国际,2010-03-29,上市日期早于2024-01-01，跳过
1713.HK,1713.HK,四川能投发展,2018-12-28,上市日期早于2024-01-01，跳过
8017.HK,8017.HK,捷利交易宝,2018-09-28,上市日期早于2024-01-01，跳过
8512.HK,8512.HK,凯富善集团控股,2018-07-19,上市日期早于2024-01-01，跳过
H0616.HK,,永辉鸿集团,,无正式港股交易代码/临时代码，跳过
H0618.HK,,长江证券,,无正式港股交易代码/临时代码，跳过
2262.HK,2262.HK,梁志天设计集团,2018-07-05,上市日期早于2024-01-01，跳过
0627.HK,0627.HK,共生智筑,2000-11-13,上市日期早于2024-01-01，跳过
1615.HK,1615.HK,奥邦建筑,2018-09-10,上市日期早于2024-01-01，跳过
H0610.HK,,SG 环球,,无正式港股交易代码/临时代码，跳过
H0612.HK,,时旺控股,,无正式港股交易代码/临时代码，跳过
1625.HK,1625.HK,翔辉矿业,,缺上市日期，跳过
8146.HK,8146.HK,怡园酒业,2018-06-27,上市日期早于2024-01-01，跳过
8151.HK,8151.HK,宝申控股,2018-04-23,上市日期早于2024-01-01，跳过
H0606.HK,,富元控股,,无正式港股交易代码/临时代码，跳过
1007.HK,1007.HK,龙辉国际控股,2010-10-28,上市日期早于2024-01-01，跳过
8140.HK,8140.HK,人和科技,2018-07-12,上市日期早于2024-01-01，跳过
8391.HK,8391.HK,基石科技控股,2018-05-11,上市日期早于2024-01-01，跳过
H0602.HK,,永丽控股,,无正式港股交易代码/临时代码，跳过
0155.HK,0155.HK,中国源畅,1988-09-05,上市日期早于2024-01-01，跳过
8105.HK,8105.HK,皇岦,2018-05-16,上市日期早于2024-01-01，跳过
H0272.HK,,许氏金融集团,,无正式港股交易代码/临时代码，跳过
9936.HK,9936.HK,稀美资源,2020-03-12,上市日期早于2024-01-01，跳过
2119.HK,2119.HK,捷荣国际控股,2018-05-11,上市日期早于2024-01-01，跳过
1723.HK,1723.HK,恒月控股,2018-09-27,上市日期早于2024-01-01，跳过
8490.HK,8490.HK,骏码半导体,2018-05-30,上市日期早于2024-01-01，跳过
1582.HK,1582.HK,华营建筑,2019-10-16,上市日期早于2024-01-01，跳过
H0262.HK,,香港福泰,,无正式港股交易代码/临时代码，跳过
1451.HK,1451.HK,万成集团股份,2018-06-01,上市日期早于2024-01-01，跳过
1978.HK,1978.HK,叙福楼集团,2018-05-30,上市日期早于2024-01-01，跳过
8401.HK,8401.HK,源想集团,2018-03-28,上市日期早于2024-01-01，跳过
1749.HK,1749.HK,杉杉品牌,2018-06-27,上市日期早于2024-01-01，跳过
H0574.HK,,煌天国际控股,,无正式港股交易代码/临时代码，跳过
H0575.HK,,嘉信环保集团,,无正式港股交易代码/临时代码，跳过
1742.HK,1742.HK,HPC HOLDINGS,2018-05-11,上市日期早于2024-01-01，跳过
H0573.HK,,中粮我买网,,无正式港股交易代码/临时代码，跳过
8527.HK,8527.HK,聚利宝控股,2018-05-09,上市日期早于2024-01-01，跳过
H0568.HK,,骜狮集团,,无正式港股交易代码/临时代码，跳过
8107.HK,8107.HK,细叶榕科技,2018-05-04,上市日期早于2024-01-01，跳过
1737.HK,1737.HK,亚洲实业集团,2018-03-14,上市日期早于2024-01-01，跳过
1825.HK,1825.HK,美臻集团,2018-10-19,上市日期早于2024-01-01，跳过
8367.HK,8367.HK,倩碧控股,2018-02-26,上市日期早于2024-01-01，跳过
H0562.HK,,美城环境,,无正式港股交易代码/临时代码，跳过
1729.HK,1729.HK,汇聚科技,2018-02-13,上市日期早于2024-01-01，跳过
H0560.HK,,联诚集团,,无正式港股交易代码/临时代码，跳过
1716.HK,1716.HK,毛记葵涌,2018-03-28,上市日期早于2024-01-01，跳过
8523.HK,8523.HK,常满控股,2018-02-12,上市日期早于2024-01-01，跳过
H0419.HK,,嘉映影业,,无正式港股交易代码/临时代码，跳过
1757.HK,1757.HK,环球华商俱乐部,2018-06-07,上市日期早于2024-01-01，跳过
8473.HK,8473.HK,弥明生活百货,2018-02-12,上市日期早于2024-01-01，跳过
H0554.HK,,圣伦食品,,无正式港股交易代码/临时代码，跳过
1735.HK,1735.HK,中环新能源,2018-03-29,上市日期早于2024-01-01，跳过
8535.HK,8535.HK,荧德控股,2018-02-12,上市日期早于2024-01-01，跳过
8536.HK,8536.HK,TL NATURAL GAS,2018-05-18,上市日期早于2024-01-01，跳过
1183.HK,1183.HK,澳能建设,2018-02-13,上市日期早于2024-01-01，跳过
2182.HK,2182.HK,天长集团,2018-03-08,上市日期早于2024-01-01，跳过
H0411.HK,,理臣国际,,无正式港股交易代码/临时代码，跳过
H0537.HK,,当代恒居国际,,无正式港股交易代码/临时代码，跳过
8483.HK,8483.HK,名仕快相,2018-02-28,上市日期早于2024-01-01，跳过
8040.HK,8040.HK,快意智能,2018-02-14,上市日期早于2024-01-01，跳过
H0532.HK,,冠腾文化,,无正式港股交易代码/临时代码，跳过
8450.HK,8450.HK,钜京控股,2018-02-02,上市日期早于2024-01-01，跳过
H0529.HK,,福瑞康,,无正式港股交易代码/临时代码，跳过
11871.HK,,汉唐国际控股,1999-06-08,无正式港股交易代码/临时代码，跳过
1621.HK,1621.HK,域高国际控股,2018-03-05,上市日期早于2024-01-01，跳过
1750.HK,1750.HK,全达电器集团控股,2018-05-11,上市日期早于2024-01-01，跳过
2683.HK,2683.HK,华新手袋国际控股,2018-01-22,上市日期早于2024-01-01，跳过
6036.HK,6036.HK,光丽科技,2018-03-16,上市日期早于2024-01-01，跳过
H0521.HK,,建业科技,,无正式港股交易代码/临时代码，跳过
H0525.HK,,汇信控股,,无正式港股交易代码/临时代码，跳过
H0515.HK,,丽柏集团,,无正式港股交易代码/临时代码，跳过
H0516.HK,,万创国际,,无正式港股交易代码/临时代码，跳过
H0512.HK,,安佳信控股,,无正式港股交易代码/临时代码，跳过
1905.HK,1905.HK,海通恒信,2019-06-03,上市日期早于2024-01-01，跳过
H0505.HK,,新绿色药业,,无正式港股交易代码/临时代码，跳过
1783.HK,1783.HK,晋景新能,2018-08-22,上市日期早于2024-01-01，跳过
2292.HK,2292.HK,晋安实业,2018-01-16,上市日期早于2024-01-01，跳过
1933.HK,1933.HK,元力控股,2018-03-02,上市日期早于2024-01-01，跳过
H0499.HK,,帕布莉卡,,无正式港股交易代码/临时代码，跳过
1763.HK,1763.HK,中国同辐,2018-07-06,上市日期早于2024-01-01，跳过
H0353.HK,,凯晴教育,,无正式港股交易代码/临时代码，跳过
H0493.HK,,东塑集团,,无正式港股交易代码/临时代码，跳过
3616.HK,3616.HK,恒达集团控股,2018-11-12,上市日期早于2024-01-01，跳过
8545.HK,8545.HK,佰悦集团,2018-05-31,上市日期早于2024-01-01，跳过
2123.HK,2123.HK,金盾控股,2011-07-14,上市日期早于2024-01-01，跳过
6829.HK,6829.HK,龙升集团控股,2018-02-08,上市日期早于2024-01-01，跳过
1481.HK,1481.HK,竣球控股,2017-12-28,上市日期早于2024-01-01，跳过
H0369.HK,,英华建筑,,无正式港股交易代码/临时代码，跳过
H0483.HK,,迅领财务控股,,无正式港股交易代码/临时代码，跳过
H0484.HK,,Yosei International,,无正式港股交易代码/临时代码，跳过
8379.HK,8379.HK,盈证国际,2018-02-14,上市日期早于2024-01-01，跳过
H0481.HK,,海岸股份,,无正式港股交易代码/临时代码，跳过
3878.HK,3878.HK,VICON HOLDINGS,2017-12-22,上市日期早于2024-01-01，跳过
3335.HK,3335.HK,DBA电讯,2006-05-11,上市日期早于2024-01-01，跳过
8519.HK,8519.HK,新享时代,2018-02-08,上市日期早于2024-01-01，跳过
8612.HK,8612.HK,维亮控股,2019-07-12,上市日期早于2024-01-01，跳过
1417.HK,1417.HK,浦江中国,2017-12-11,上市日期早于2024-01-01，跳过
2448.HK,2448.HK,恒宇集团,2018-01-16,上市日期早于2024-01-01，跳过
6186.HK,6186.HK,中国飞鹤,2019-11-13,上市日期早于2024-01-01，跳过
1475.HK,1475.HK,日清食品,2017-12-11,上市日期早于2024-01-01，跳过
H0471.HK,,中国安控,,无正式港股交易代码/临时代码，跳过
H0385.HK,,北部湾海运,,无正式港股交易代码/临时代码，跳过
H0148.HK,,RaffAello,,无正式港股交易代码/临时代码，跳过
H0250.HK,,天丰控股,,无正式港股交易代码/临时代码，跳过
H0149.HK,,万汇讯息控股,,无正式港股交易代码/临时代码，跳过
8375.HK,8375.HK,数盟资本,2017-11-13,上市日期早于2024-01-01，跳过
8526.HK,8526.HK,荣丰集团亚洲,2018-02-27,上市日期早于2024-01-01，跳过
H0465.HK,,优托邦,,无正式港股交易代码/临时代码，跳过
2363.HK,2363.HK,通达宏泰,2018-03-16,上市日期早于2024-01-01，跳过
H0381.HK,,联合承建,,无正式港股交易代码/临时代码，跳过
H0340.HK,,可姿伊,,无正式港股交易代码/临时代码，跳过
8419.HK,8419.HK,AV策划推广,2017-12-21,上市日期早于2024-01-01，跳过
8495.HK,8495.HK,1957 & CO.,2017-12-05,上市日期早于2024-01-01，跳过
1671.HK,1671.HK,天保能源,2018-04-27,上市日期早于2024-01-01，跳过
8429.HK,8429.HK,华美乐乐,2017-12-08,上市日期早于2024-01-01，跳过
1712.HK,1712.HK,龙资源,2018-11-05,上市日期早于2024-01-01，跳过
8493.HK,8493.HK,炙龙控股,2018-01-16,上市日期早于2024-01-01，跳过
3682.HK,3682.HK,劲投国际,,缺上市日期，跳过
8521.HK,8521.HK,智云国际控股,2018-05-16,上市日期早于2024-01-01，跳过
H0452.HK,,博联控股,,无正式港股交易代码/临时代码，跳过
H0449.HK,,V3 Group,,无正式港股交易代码/临时代码，跳过
0067.HK,0067.HK,旭光高新材料,2009-06-16,上市日期早于2024-01-01，跳过
H0358.HK,,雅发集团,,无正式港股交易代码/临时代码，跳过
H0445.HK,,御峰集团控股,,无正式港股交易代码/临时代码，跳过
H0446.HK,,楗桦控股,,无正式港股交易代码/临时代码，跳过
H0447.HK,,殷泰控股,,无正式港股交易代码/临时代码，跳过
8223.HK,8223.HK,紫元元,2018-07-09,上市日期早于2024-01-01，跳过
1781.HK,1781.HK,新昌创展控股,2018-10-04,上市日期早于2024-01-01，跳过
1625.HK,1625.HK,翔辉矿业,,缺上市日期，跳过
0627.HK,0627.HK,共生智筑,2000-11-13,上市日期早于2024-01-01，跳过
1998.HK,1998.HK,飞克国际,2010-03-29,上市日期早于2024-01-01，跳过
8506.HK,8506.HK,嗖嗖互联,2018-01-04,上市日期早于2024-01-01，跳过
8400.HK,8400.HK,亚洲先锋娱乐,2017-11-15,上市日期早于2024-01-01，跳过
8402.HK,8402.HK,高原之宝,2017-11-17,上市日期早于2024-01-01，跳过
8436.HK,8436.HK,德宝集团控股,2017-10-27,上市日期早于2024-01-01，跳过
8118.HK,8118.HK,中资国际控股,2017-11-16,上市日期早于2024-01-01，跳过
8276.HK,8276.HK,新海连控股,,缺上市日期，跳过
H0338.HK,,顺昌快达,,无正式港股交易代码/临时代码，跳过
H0332.HK,,ASN,,无正式港股交易代码/临时代码，跳过
1710.HK,1710.HK,致丰工业电子,2017-11-23,上市日期早于2024-01-01，跳过
2377.HK,2377.HK,博奇环保,2018-03-16,上市日期早于2024-01-01，跳过
H0272.HK,,许氏金融集团,,无正式港股交易代码/临时代码，跳过
0155.HK,0155.HK,中国源畅,1988-09-05,上市日期早于2024-01-01，跳过
1007.HK,1007.HK,龙辉国际控股,2010-10-28,上市日期早于2024-01-01，跳过
8350.HK,8350.HK,立桥证券控股,2018-01-12,上市日期早于2024-01-01，跳过
1742.HK,1742.HK,HPC HOLDINGS,2018-05-11,上市日期早于2024-01-01，跳过
3830.HK,3830.HK,童园国际,2017-09-21,上市日期早于2024-01-01，跳过
1975.HK,1975.HK,新兴印刷,2017-11-16,上市日期早于2024-01-01，跳过
H0419.HK,,嘉映影业,,无正式港股交易代码/临时代码，跳过
8473.HK,8473.HK,弥明生活百货,2018-02-12,上市日期早于2024-01-01，跳过
H0268.HK,,洛尔达控股,,无正式港股交易代码/临时代码，跳过
H0418.HK,,Swee Seng,,无正式港股交易代码/临时代码，跳过
H0414.HK,,广裕控股,,无正式港股交易代码/临时代码，跳过
H0292.HK,,岑铭堂控股,,无正式港股交易代码/临时代码，跳过
H0294.HK,,迅雄控股,,无正式港股交易代码/临时代码，跳过
H0411.HK,,理臣国际,,无正式港股交易代码/临时代码，跳过
H0166.HK,,乐健科技,,无正式港股交易代码/临时代码，跳过
8385.HK,8385.HK,万里印刷,2017-12-13,上市日期早于2024-01-01，跳过
H0281.HK,,美国家得路,,无正式港股交易代码/临时代码，跳过
8395.HK,8395.HK,中显智能齐家控股,2018-01-25,上市日期早于2024-01-01，跳过
H0407.HK,,晨光集团,,无正式港股交易代码/临时代码，跳过
1693.HK,1693.HK,璋利国际,2017-08-09,上市日期早于2024-01-01，跳过
H0405.HK,,飞腾集团,,无正式港股交易代码/临时代码，跳过
8427.HK,8427.HK,万顺瑞强集团,2017-07-19,上市日期早于2024-01-01，跳过
H0403.HK,,高诚控股,,无正式港股交易代码/临时代码，跳过
3848.HK,3848.HK,浩森金融科技,2017-07-21,上市日期早于2024-01-01，跳过
1933.HK,1933.HK,元力控股,2018-03-02,上市日期早于2024-01-01，跳过
H0262.HK,,香港福泰,,无正式港股交易代码/临时代码，跳过
1749.HK,1749.HK,杉杉品牌,2018-06-27,上市日期早于2024-01-01，跳过
1932.HK,1932.HK,中漆集团,2017-07-10,上市日期早于2024-01-01，跳过
8462.HK,8462.HK,中安控股集团,2017-07-17,上市日期早于2024-01-01，跳过
1417.HK,1417.HK,浦江中国,2017-12-11,上市日期早于2024-01-01，跳过
8291.HK,8291.HK,港娱国际,2017-07-18,上市日期早于2024-01-01，跳过
H0237.HK,,伟博控股,,无正式港股交易代码/临时代码，跳过
1702.HK,1702.HK,东光化工,2017-07-11,上市日期早于2024-01-01，跳过
6119.HK,6119.HK,天源集团,2018-06-01,上市日期早于2024-01-01，跳过
1676.HK,1676.HK,高地股份,2017-07-18,上市日期早于2024-01-01，跳过
8406.HK,8406.HK,中国口腔产业,2017-12-07,上市日期早于2024-01-01，跳过
8481.HK,8481.HK,盛龙锦秀国际,2017-07-17,上市日期早于2024-01-01，跳过
H0388.HK,,艺能环球,,无正式港股交易代码/临时代码，跳过
H0385.HK,,北部湾海运,,无正式港股交易代码/临时代码，跳过
9963.HK,9963.HK,高科桥,2017-07-20,上市日期早于2024-01-01，跳过
H0381.HK,,联合承建,,无正式港股交易代码/临时代码，跳过
0994.HK,0994.HK,中天宏信,2017-07-17,上市日期早于2024-01-01，跳过
1758.HK,1758.HK,博骏教育,2018-07-31,上市日期早于2024-01-01，跳过
1571.HK,1571.HK,信邦控股,2017-06-28,上市日期早于2024-01-01，跳过
8460.HK,8460.HK,基地锦标集团,2017-06-27,上市日期早于2024-01-01，跳过
H0375.HK,,宏志集团,,无正式港股交易代码/临时代码，跳过
8420.HK,8420.HK,NEXION TECH,2017-06-16,上市日期早于2024-01-01，跳过
H0222.HK,,创生集团,,无正式港股交易代码/临时代码，跳过
1697.HK,1697.HK,山东国信,2017-12-08,上市日期早于2024-01-01，跳过
H0372.HK,,AFG 国际,,无正式港股交易代码/临时代码，跳过
H0369.HK,,英华建筑,,无正式港股交易代码/临时代码，跳过
2102.HK,2102.HK,德利机械,2017-07-27,上市日期早于2024-01-01，跳过
1679.HK,1679.HK,瑞斯康集团,2017-06-09,上市日期早于2024-01-01，跳过
H0210.HK,,CCBA International,,无正式港股交易代码/临时代码，跳过
1162.HK,1162.HK,莹岚集团,2017-10-25,上市日期早于2024-01-01，跳过
1962.HK,1962.HK,训修实业,2017-07-12,上市日期早于2024-01-01，跳过
6113.HK,6113.HK,比特策略,2017-07-12,上市日期早于2024-01-01，跳过
8073.HK,8073.HK,水发兴业新材料,2017-07-21,上市日期早于2024-01-01，跳过
8452.HK,8452.HK,富银融资股份,2017-05-23,上市日期早于2024-01-01，跳过
8036.HK,8036.HK,电子交易集团,2019-02-19,上市日期早于2024-01-01，跳过
8347.HK,8347.HK,F8企业,2017-04-12,上市日期早于2024-01-01，跳过
H0353.HK,,凯晴教育,,无正式港股交易代码/临时代码，跳过
H0355.HK,,第一黄金,,无正式港股交易代码/临时代码，跳过
H0346.HK,,永高企业控股,,无正式港股交易代码/临时代码，跳过
2281.HK,2281.HK,兴泸水务,2017-03-31,上市日期早于2024-01-01，跳过
8118.HK,8118.HK,中资国际控股,2017-11-16,上市日期早于2024-01-01，跳过
H0341.HK,,新大学集团,,无正式港股交易代码/临时代码，跳过
H0340.HK,,可姿伊,,无正式港股交易代码/临时代码，跳过
1649.HK,1649.HK,内蒙古能建,2017-07-18,上市日期早于2024-01-01，跳过
H0338.HK,,顺昌快达,,无正式港股交易代码/临时代码，跳过
2363.HK,2363.HK,通达宏泰,2018-03-16,上市日期早于2024-01-01，跳过
8257.HK,8257.HK,靖洋集团,2017-07-14,上市日期早于2024-01-01，跳过
8412.HK,8412.HK,新爱德集团,2017-04-07,上市日期早于2024-01-01，跳过
H0335.HK,,城市服务,,无正式港股交易代码/临时代码，跳过
H0332.HK,,ASN,,无正式港股交易代码/临时代码，跳过
1732.HK,1732.HK,象兴国际,2017-07-07,上市日期早于2024-01-01，跳过
3335.HK,3335.HK,DBA电讯,2006-05-11,上市日期早于2024-01-01，跳过
1915.HK,1915.HK,泰和小贷,2017-05-08,上市日期早于2024-01-01，跳过
H0322.HK,,五龙控股,,无正式港股交易代码/临时代码，跳过
H0188.HK,,AAB国际控股,,无正式港股交易代码/临时代码，跳过
3768.HK,3768.HK,滇池水务,2017-04-06,上市日期早于2024-01-01，跳过
H0019.HK,,亨运信贷,,无正式港股交易代码/临时代码，跳过
8276.HK,8276.HK,新海连控股,,缺上市日期，跳过
1653.HK,1653.HK,MOS HOUSE,2018-10-19,上市日期早于2024-01-01，跳过
8297.HK,8297.HK,海纳星空科技,2017-07-13,上市日期早于2024-01-01，跳过
1637.HK,1637.HK,顺兴集团控股,2017-01-03,上市日期早于2024-01-01，跳过
8365.HK,8365.HK,亦辰集团,2017-05-26,上市日期早于2024-01-01，跳过
H0308.HK,,兆铷,,无正式港股交易代码/临时代码，跳过
3860.HK,3860.HK,EPS创健科技,2017-05-31,上市日期早于2024-01-01，跳过
H0306.HK,,恒电控股,,无正式港股交易代码/临时代码，跳过
1707.HK,1707.HK,致浩达控股,2017-10-12,上市日期早于2024-01-01，跳过
2017.HK,2017.HK,沧海控股,2017-03-31,上市日期早于2024-01-01，跳过
6088.HK,6088.HK,鸿腾精密,2017-07-13,上市日期早于2024-01-01，跳过
H0302.HK,,Echosens,,无正式港股交易代码/临时代码，跳过
H0303.HK,,亚太网络,,无正式港股交易代码/临时代码，跳过
H0304.HK,,天进控股,,无正式港股交易代码/临时代码，跳过
3869.HK,3869.HK,弘和仁爱医疗,2017-03-16,上市日期早于2024-01-01，跳过
H0208.HK,,新斗记控股,,无正式港股交易代码/临时代码，跳过
H0292.HK,,岑铭堂控股,,无正式港股交易代码/临时代码，跳过
H0294.HK,,迅雄控股,,无正式港股交易代码/临时代码，跳过
8431.HK,8431.HK,浩柏国际,2017-05-26,上市日期早于2024-01-01，跳过
6812.HK,6812.HK,永顺控股香港,2017-03-16,上市日期早于2024-01-01，跳过
8425.HK,8425.HK,兴铭控股,2017-03-15,上市日期早于2024-01-01，跳过
H0280.HK,,容和盛控股,,无正式港股交易代码/临时代码，跳过
H0281.HK,,美国家得路,,无正式港股交易代码/临时代码，跳过
H0282.HK,,旭升工程,,无正式港股交易代码/临时代码，跳过
1985.HK,1985.HK,美高域,2017-03-08,上市日期早于2024-01-01，跳过
H0166.HK,,乐健科技,,无正式港股交易代码/临时代码，跳过
H0273.HK,,智盛财经,,无正式港股交易代码/临时代码，跳过
H0272.HK,,许氏金融集团,,无正式港股交易代码/临时代码，跳过
H0268.HK,,洛尔达控股,,无正式港股交易代码/临时代码，跳过
1257.HK,1257.HK,中国光大绿色环保,2017-05-08,上市日期早于2024-01-01，跳过
8439.HK,8439.HK,新百利融资,2017-03-28,上市日期早于2024-01-01，跳过
H0262.HK,,香港福泰,,无正式港股交易代码/临时代码，跳过
8455.HK,8455.HK,礼建德集团,2017-04-12,上市日期早于2024-01-01，跳过
H0259.HK,,新得利国际,,无正式港股交易代码/临时代码，跳过
3848.HK,3848.HK,浩森金融科技,2017-07-21,上市日期早于2024-01-01，跳过
8370.HK,8370.HK,智昇集团控股,2017-01-20,上市日期早于2024-01-01，跳过
8308.HK,8308.HK,古兜控股,2016-12-09,上市日期早于2024-01-01，跳过
8291.HK,8291.HK,港娱国际,2017-07-18,上市日期早于2024-01-01，跳过
3395.HK,3395.HK,吉星新能源,2017-03-10,上市日期早于2024-01-01，跳过
1655.HK,1655.HK,OKURA HOLDINGS,2017-05-15,上市日期早于2024-01-01，跳过
6119.HK,6119.HK,天源集团,2018-06-01,上市日期早于2024-01-01，跳过
8039.HK,8039.HK,中国来骑哦,2016-12-12,上市日期早于2024-01-01，跳过
1611.HK,1611.HK,新火集团,2016-11-21,上市日期早于2024-01-01，跳过
8188.HK,8188.HK,骏杰集团控股,2017-02-22,上市日期早于2024-01-01，跳过
1572.HK,1572.HK,中国艺术金融,2016-11-08,上市日期早于2024-01-01，跳过
1580.HK,1580.HK,大森控股,2016-12-19,上市日期早于2024-01-01，跳过
6189.HK,6189.HK,爱得威建设集团,2016-11-25,上市日期早于2024-01-01，跳过
H0237.HK,,伟博控股,,无正式港股交易代码/临时代码，跳过
1789.HK,1789.HK,爱康医疗,2017-12-20,上市日期早于2024-01-01，跳过
H0140.HK,,东洋集团,,无正式港股交易代码/临时代码，跳过
1575.HK,1575.HK,皇庭智家,2017-01-12,上市日期早于2024-01-01，跳过
H0228.HK,,鲜绿园集团,,无正式港股交易代码/临时代码，跳过
1751.HK,1751.HK,智算能建,2016-12-16,上市日期早于2024-01-01，跳过
H0222.HK,,创生集团,,无正式港股交易代码/临时代码，跳过
H0218.HK,,中美医疗集团,,无正式港股交易代码/临时代码，跳过
1596.HK,1596.HK,翼辰实业,2016-12-21,上市日期早于2024-01-01，跳过
1629.HK,1629.HK,冠均国际控股,2016-11-25,上市日期早于2024-01-01，跳过
H0210.HK,,CCBA International,,无正式港股交易代码/临时代码，跳过
1526.HK,1526.HK,瑞慈医疗,2016-10-06,上市日期早于2024-01-01，跳过
8406.HK,8406.HK,中国口腔产业,2017-12-07,上市日期早于2024-01-01，跳过
8052.HK,8052.HK,陆庆娱乐,2016-11-11,上市日期早于2024-01-01，跳过
H0202.HK,,亚洲基础设施,,无正式港股交易代码/临时代码，跳过
H0200.HK,,Fcs Nelson,,无正式港股交易代码/临时代码，跳过
8335.HK,8335.HK,创徽国际,,缺上市日期，跳过
8221.HK,8221.HK,高裕金融,2017-01-06,上市日期早于2024-01-01，跳过
H0195.HK,,奥菲集团,,无正式港股交易代码/临时代码，跳过
1577.HK,1577.HK,汇鑫小贷,2016-09-30,上市日期早于2024-01-01，跳过
1406.HK,1406.HK,清晰医疗,2022-02-18,上市日期早于2024-01-01，跳过
3686.HK,3686.HK,祈福生活服务,2016-11-08,上市日期早于2024-01-01，跳过
8519.HK,8519.HK,新享时代,2018-02-08,上市日期早于2024-01-01，跳过
H0191.HK,,派斯菲科,,无正式港股交易代码/临时代码，跳过
8417.HK,8417.HK,大地教育,2017-02-16,上市日期早于2024-01-01，跳过
H0189.HK,,富皇中国,,无正式港股交易代码/临时代码，跳过
H0188.HK,,AAB国际控股,,无正式港股交易代码/临时代码，跳过
H0082.HK,,中交疏浚,,无正式港股交易代码/临时代码，跳过
H0183.HK,,楚天龙股份,,无正式港股交易代码/临时代码，跳过
H0184.HK,,萨驰集团,,无正式港股交易代码/临时代码，跳过
1653.HK,1653.HK,MOS HOUSE,2018-10-19,上市日期早于2024-01-01，跳过
H0176.HK,,标准陈氏,,无正式港股交易代码/临时代码，跳过
8300.HK,8300.HK,今米房集团,2016-08-08,上市日期早于2024-01-01，跳过
H0169.HK,,恒升昌建设,,无正式港股交易代码/临时代码，跳过
H0019.HK,,亨运信贷,,无正式港股交易代码/临时代码，跳过
6178.HK,6178.HK,光大证券,2016-08-18,上市日期早于2024-01-01，跳过
2031.HK,2031.HK,澳至尊,2016-09-12,上市日期早于2024-01-01，跳过
H0166.HK,,乐健科技,,无正式港股交易代码/临时代码，跳过
8160.HK,8160.HK,金汇教育,2016-12-02,上市日期早于2024-01-01，跳过
H0163.HK,,天裕控股,,无正式港股交易代码/临时代码，跳过
0627.HK,0627.HK,共生智筑,2000-11-13,上市日期早于2024-01-01，跳过
H0160.HK,,美地集团,,无正式港股交易代码/临时代码，跳过
H0158.HK,,诗马发展,,无正式港股交易代码/临时代码，跳过
H0155.HK,,银丰金融,,无正式港股交易代码/临时代码，跳过
0650.HK,0650.HK,普达特科技,1992-10-07,上市日期早于2024-01-01，跳过
H0017.HK,,迅达物流,,无正式港股交易代码/临时代码，跳过
H0018.HK,,古兜国际,,无正式港股交易代码/临时代码，跳过
H0148.HK,,RaffAello,,无正式港股交易代码/临时代码，跳过
8187.HK,8187.HK,积木集团,2016-05-30,上市日期早于2024-01-01，跳过
6189.HK,6189.HK,爱得威建设集团,2016-11-25,上市日期早于2024-01-01，跳过
H0145.HK,,乐工集团,,无正式港股交易代码/临时代码，跳过
1420.HK,1420.HK,川控股,2016-06-08,上市日期早于2024-01-01，跳过
61861.HK,,好孩子中国,,无正式港股交易代码/临时代码，跳过
H0140.HK,,东洋集团,,无正式港股交易代码/临时代码，跳过
H0139.HK,,遵理集团,,无正式港股交易代码/临时代码，跳过
1272.HK,1272.HK,大唐环境,2016-11-15,上市日期早于2024-01-01，跳过
1469.HK,1469.HK,结好金融,2016-04-08,上市日期早于2024-01-01，跳过
H0133.HK,,兴伦科技,,无正式港股交易代码/临时代码，跳过
H0138.HK,,鼎佩证券,,无正式港股交易代码/临时代码，跳过
6119.HK,6119.HK,天源集团,2018-06-01,上市日期早于2024-01-01，跳过
8039.HK,8039.HK,中国来骑哦,2016-12-12,上市日期早于2024-01-01，跳过
8056.HK,8056.HK,生活概念,2016-08-05,上市日期早于2024-01-01，跳过
H0127.HK,,金典生物,,无正式港股交易代码/临时代码，跳过
H0131.HK,,扯旗山,,无正式港股交易代码/临时代码，跳过
1869.HK,1869.HK,猫屎咖啡控股,2016-06-30,上市日期早于2024-01-01，跳过
2239.HK,2239.HK,国微控股,2016-03-30,上市日期早于2024-01-01，跳过
H0121.HK,,厦顺控股,,无正式港股交易代码/临时代码，跳过
H0119.HK,,华春金控,,无正式港股交易代码/临时代码，跳过
1557.HK,1557.HK,剑虹集团控股,2016-03-18,上市日期早于2024-01-01，跳过
H0112.HK,,避风塘,,无正式港股交易代码/临时代码，跳过
8335.HK,8335.HK,创徽国际,,缺上市日期，跳过
H0073.HK,,海祥控股,,无正式港股交易代码/临时代码，跳过
H0101.HK,,福财控股,,无正式港股交易代码/临时代码，跳过
H0099.HK,,宇视科技,,无正式港股交易代码/临时代码，跳过
H0093.HK,,奇瑞徽银汽车,,无正式港股交易代码/临时代码，跳过
1406.HK,1406.HK,清晰医疗,2022-02-18,上市日期早于2024-01-01，跳过
1841.HK,1841.HK,优越集团控股,2016-04-19,上市日期早于2024-01-01，跳过
0241.HK,0241.HK,阿里健康,1972-07-06,上市日期早于2024-01-01，跳过
H0081.HK,,大事科技,,无正式港股交易代码/临时代码，跳过
H0082.HK,,中交疏浚,,无正式港股交易代码/临时代码，跳过
H0036.HK,,富创传媒,,无正式港股交易代码/临时代码，跳过
H0007.HK,,雅翘国际,,无正式港股交易代码/临时代码，跳过
8196.HK,8196.HK,福田股份,2015-12-09,上市日期早于2024-01-01，跳过
H0011.HK,,Tak Wan Holdings,,无正式港股交易代码/临时代码，跳过
H0013.HK,,Me2on,,无正式港股交易代码/临时代码，跳过
H0014.HK,,满筑控股,,无正式港股交易代码/临时代码，跳过
1197.HK,1197.HK,中国恒石,2015-12-21,上市日期早于2024-01-01，跳过
1543.HK,1543.HK,中盈盛达融资担保,2015-12-23,上市日期早于2024-01-01，跳过
0865.HK,0865.HK,建德国际控股,2000-12-29,上市日期早于2024-01-01，跳过
H0016.HK,,捷辉控股,,无正式港股交易代码/临时代码，跳过
H0017.HK,,迅达物流,,无正式港股交易代码/临时代码，跳过
H0018.HK,,古兜国际,,无正式港股交易代码/临时代码，跳过
1492.HK,1492.HK,中地乳业,2015-12-02,上市日期早于2024-01-01，跳过
3773.HK,3773.HK,银盛数惠,2016-01-07,上市日期早于2024-01-01，跳过
H0019.HK,,亨运信贷,,无正式港股交易代码/临时代码，跳过
H0057.HK,,山环,,无正式港股交易代码/临时代码，跳过
1909.HK,1909.HK,火岩控股,2016-02-18,上市日期早于2024-01-01，跳过
1561.HK,1561.HK,联洋智能控股,2015-12-01,上市日期早于2024-01-01，跳过
0416.HK,0416.HK,锦州银行,2015-12-07,上市日期早于2024-01-01，跳过
8070.HK,8070.HK,侨洋国际控股,2016-02-24,上市日期早于2024-01-01，跳过
8333.HK,8333.HK,阿仕特朗金融,2016-07-14,上市日期早于2024-01-01，跳过
H0026.HK,,康融控股,,无正式港股交易代码/临时代码，跳过
H0070.HK,,鹏爱医疗,,无正式港股交易代码/临时代码，跳过
8335.HK,8335.HK,创徽国际,,缺上市日期，跳过
8245.HK,8245.HK,烽翼集团,2015-09-30,上市日期早于2024-01-01，跳过
H0072.HK,,威高骨科,,无正式港股交易代码/临时代码，跳过
H0073.HK,,海祥控股,,无正式港股交易代码/临时代码，跳过
8182.HK,8182.HK,中国糖果,2015-11-11,上市日期早于2024-01-01，跳过
H0074.HK,,CFP,,无正式港股交易代码/临时代码，跳过
H0046.HK,,中国惠农,,无正式港股交易代码/临时代码，跳过
0865.HK,0865.HK,建德国际控股,2000-12-29,上市日期早于2024-01-01，跳过
3839.HK,3839.HK,正大企业国际,2015-07-03,上市日期早于2024-01-01，跳过
H0019.HK,,亨运信贷,,无正式港股交易代码/临时代码，跳过
H0086.HK,,华丰融资,,无正式港股交易代码/临时代码，跳过
3919.HK,3919.HK,金力集团,2015-06-05,上市日期早于2024-01-01，跳过
6133.HK,6133.HK,维太创科,2015-06-26,上市日期早于2024-01-01，跳过
8133.HK,8133.HK,吉盛集团控股,2015-04-30,上市日期早于2024-01-01，跳过
1561.HK,1561.HK,联洋智能控股,2015-12-01,上市日期早于2024-01-01，跳过
2699.HK,2699.HK,新明中国,2015-07-06,上市日期早于2024-01-01，跳过
1327.HK,1327.HK,励时集团,2015-01-30,上市日期早于2024-01-01，跳过
1559.HK,1559.HK,均安控股,2015-03-27,上市日期早于2024-01-01，跳过
H0070.HK,,鹏爱医疗,,无正式港股交易代码/临时代码，跳过
1858.HK,1858.HK,春立医疗,2015-03-11,上市日期早于2024-01-01，跳过
H0026.HK,,康融控股,,无正式港股交易代码/临时代码，跳过
0574.HK,0574.HK,百信国际,2015-06-19,上市日期早于2024-01-01，跳过
8277.HK,8277.HK,骏东控股,2015-02-23,上市日期早于2024-01-01，跳过
8139.HK,8139.HK,长安仁恒,2015-01-16,上市日期早于2024-01-01，跳过
6036.HK,6036.HK,光丽科技,2018-03-16,上市日期早于2024-01-01，跳过
0288.HK,0288.HK,万洲国际,2014-08-05,上市日期早于2024-01-01，跳过
